url,observed_at,priority,indexing_verdict,indexing_state,coverage_state,last_google_crawl,inspection_error,http_status,final_url,robots_allows_googlebot,source_noindex,live_noindex,source_canonical,live_canonical,sitemap_included,inbound_pages,topic_cluster,impressions,clicks,performance_start,performance_end,article_text_present,probe_error,recommended_action
https://www.bnbaccelerator.com/blog/reverse-1031-buy-str-before-selling/,2026-10-07T04:10:59Z,True,NEUTRAL,INDEXING_STATE_UNSPECIFIED,URL is unknown to Google,,,200,https://www.bnbaccelerator.com/blog/reverse-1031-buy-str-before-selling/,True,False,False,https://www.bnbaccelerator.com/blog/reverse-1031-buy-str-before-selling/,https://www.bnbaccelerator.com/blog/reverse-1031-buy-str-before-selling/,True,3,finance,not measured,not measured,,,True,,New live guide; follow actual indexing and buyer queries later; submission is not indexing
https://www.bnbaccelerator.com/blog/verify-closing-wire-before-buying-str/,2026-10-07T03:51:09Z,True,NEUTRAL,INDEXING_STATE_UNSPECIFIED,URL is unknown to Google,,,200,https://www.bnbaccelerator.com/blog/verify-closing-wire-before-buying-str/,True,False,False,https://www.bnbaccelerator.com/blog/verify-closing-wire-before-buying-str/,https://www.bnbaccelerator.com/blog/verify-closing-wire-before-buying-str/,True,3,purchase,not measured,not measured,,,True,,New live guide; follow actual indexing and buyer queries later; submission is not indexing
https://www.bnbaccelerator.com/blog/1031-exchange-short-term-rental/,2026-10-06T21:09:00Z,False,unknown,unknown,unknown,unknown,,not probed,not probed,True,False,not probed,https://www.bnbaccelerator.com/blog/1031-exchange-short-term-rental/,not probed,True,10,tax,not returned,not returned,2026-09-06,2026-10-03,not probed,,Review substantive buyer support; not an exclusion inference
https://www.bnbaccelerator.com/blog/20k-cash-flow-single-month/,2026-10-06T21:09:00Z,False,unknown,unknown,unknown,unknown,,not probed,not probed,True,False,not probed,https://www.bnbaccelerator.com/blog/20k-cash-flow-single-month/,not probed,True,7,revenue,not returned,not returned,2026-09-06,2026-10-03,not probed,,Review substantive buyer support; not an exclusion inference
https://www.bnbaccelerator.com/blog/401k-loan-str-down-payment/,2026-10-06T21:09:00Z,False,unknown,unknown,unknown,unknown,,not probed,not probed,True,False,not probed,https://www.bnbaccelerator.com/blog/401k-loan-str-down-payment/,not probed,True,2,finance,not returned,not returned,2026-09-06,2026-10-03,not probed,,Review substantive buyer support; not an exclusion inference
https://www.bnbaccelerator.com/blog/7-day-rule-explained/,2026-10-06T21:09:00Z,False,unknown,unknown,unknown,unknown,,not probed,not probed,True,False,not probed,https://www.bnbaccelerator.com/blog/7-day-rule-explained/,not probed,True,53,tax,2,0,2026-09-06,2026-10-03,not probed,,Review substantive buyer support; not an exclusion inference
https://www.bnbaccelerator.com/blog/adjustable-vs-fixed-mortgage-str-purchase/,2026-10-06T21:09:00Z,False,unknown,unknown,unknown,unknown,,not probed,not probed,True,False,not probed,https://www.bnbaccelerator.com/blog/adjustable-vs-fixed-mortgage-str-purchase/,not probed,True,2,finance,not returned,not returned,2026-09-06,2026-10-03,not probed,,Review substantive buyer support; not an exclusion inference
https://www.bnbaccelerator.com/blog/after-hours-guest-support-cost/,2026-10-06T21:09:00Z,False,unknown,unknown,unknown,unknown,,not probed,not probed,True,False,not probed,https://www.bnbaccelerator.com/blog/after-hours-guest-support-cost/,not probed,True,2,operations,not returned,not returned,2026-09-06,2026-10-03,not probed,,Review substantive buyer support; not an exclusion inference
https://www.bnbaccelerator.com/blog/airbnb-1099-reporting/,2026-10-06T21:09:00Z,False,unknown,unknown,unknown,unknown,,not probed,not probed,True,False,not probed,https://www.bnbaccelerator.com/blog/airbnb-1099-reporting/,not probed,True,5,tax,8,0,2026-09-06,2026-10-03,not probed,,Review substantive buyer support; not an exclusion inference
https://www.bnbaccelerator.com/blog/airbnb-amenities-that-increase-revenue/,2026-10-06T21:09:00Z,False,unknown,unknown,unknown,unknown,,not probed,not probed,True,False,not probed,https://www.bnbaccelerator.com/blog/airbnb-amenities-that-increase-revenue/,not probed,True,17,revenue,not returned,not returned,2026-09-06,2026-10-03,not probed,,Review substantive buyer support; not an exclusion inference
https://www.bnbaccelerator.com/blog/airbnb-arbitrage-vs-ownership/,2026-10-06T21:09:00Z,False,unknown,unknown,unknown,unknown,,not probed,not probed,True,False,not probed,https://www.bnbaccelerator.com/blog/airbnb-arbitrage-vs-ownership/,not probed,True,5,purchase,not returned,not returned,2026-09-06,2026-10-03,not probed,,Review substantive buyer support; not an exclusion inference
https://www.bnbaccelerator.com/blog/airbnb-automation-tools/,2026-10-06T21:09:00Z,False,unknown,unknown,unknown,unknown,,not probed,not probed,True,False,not probed,https://www.bnbaccelerator.com/blog/airbnb-automation-tools/,not probed,True,14,operations,6,0,2026-09-06,2026-10-03,not probed,,Review substantive buyer support; not an exclusion inference
https://www.bnbaccelerator.com/blog/airbnb-cancellation-policy/,2026-10-06T21:09:00Z,False,unknown,unknown,unknown,unknown,,not probed,not probed,True,False,not probed,https://www.bnbaccelerator.com/blog/airbnb-cancellation-policy/,not probed,True,4,operations,7,0,2026-09-06,2026-10-03,not probed,,Review substantive buyer support; not an exclusion inference
https://www.bnbaccelerator.com/blog/airbnb-cash-on-cash-return/,2026-10-06T21:09:00Z,False,unknown,unknown,unknown,unknown,,not probed,not probed,True,False,not probed,https://www.bnbaccelerator.com/blog/airbnb-cash-on-cash-return/,not probed,True,25,revenue,1,0,2026-09-06,2026-10-03,not probed,,Review substantive buyer support; not an exclusion inference
https://www.bnbaccelerator.com/blog/airbnb-cleaning-turnover-systems/,2026-10-06T21:09:00Z,False,unknown,unknown,unknown,unknown,,not probed,not probed,True,False,not probed,https://www.bnbaccelerator.com/blog/airbnb-cleaning-turnover-systems/,not probed,True,24,operations,12,0,2026-09-06,2026-10-03,not probed,,Review substantive buyer support; not an exclusion inference
https://www.bnbaccelerator.com/blog/airbnb-dynamic-pricing-tools/,2026-10-06T21:09:00Z,False,unknown,unknown,unknown,unknown,,not probed,not probed,True,False,not probed,https://www.bnbaccelerator.com/blog/airbnb-dynamic-pricing-tools/,not probed,True,22,revenue,123,0,2026-09-06,2026-10-03,not probed,,Review substantive buyer support; not an exclusion inference
https://www.bnbaccelerator.com/blog/airbnb-guest-experience/,2026-10-06T21:09:00Z,False,unknown,unknown,unknown,unknown,,not probed,not probed,True,False,not probed,https://www.bnbaccelerator.com/blog/airbnb-guest-experience/,not probed,True,8,operations,3,0,2026-09-06,2026-10-03,not probed,,Review substantive buyer support; not an exclusion inference
https://www.bnbaccelerator.com/blog/airbnb-guest-screening-damage/,2026-10-06T21:09:00Z,False,unknown,unknown,unknown,unknown,,not probed,not probed,True,False,not probed,https://www.bnbaccelerator.com/blog/airbnb-guest-screening-damage/,not probed,True,13,operations,10,0,2026-09-06,2026-10-03,not probed,,Review substantive buyer support; not an exclusion inference
https://www.bnbaccelerator.com/blog/airbnb-hot-tub-roi/,2026-10-06T21:09:00Z,False,unknown,unknown,unknown,unknown,,not probed,not probed,True,False,not probed,https://www.bnbaccelerator.com/blog/airbnb-hot-tub-roi/,not probed,True,14,operations,not returned,not returned,2026-09-06,2026-10-03,not probed,,Review substantive buyer support; not an exclusion inference
https://www.bnbaccelerator.com/blog/airbnb-house-right-after-closing/,2026-10-06T21:09:00Z,False,unknown,unknown,unknown,unknown,,not probed,not probed,True,False,not probed,https://www.bnbaccelerator.com/blog/airbnb-house-right-after-closing/,not probed,True,3,contract,5,0,2026-09-06,2026-10-03,not probed,,Review substantive buyer support; not an exclusion inference
https://www.bnbaccelerator.com/blog/airbnb-income-qualify-conventional-str-loan/,2026-10-07T00:28:24.478278+00:00,True,NEUTRAL,INDEXING_STATE_UNSPECIFIED,URL is unknown to Google,not reported,,200,https://www.bnbaccelerator.com/blog/airbnb-income-qualify-conventional-str-loan/,True,False,False,https://www.bnbaccelerator.com/blog/airbnb-income-qualify-conventional-str-loan/,https://www.bnbaccelerator.com/blog/airbnb-income-qualify-conventional-str-loan/,True,8,finance,not returned,not returned,2026-09-06,2026-10-03,True,,Live eligibility passed; returned discovery state is not a diagnosed technical cause; review substantive purchase support then measure after settled interval
https://www.bnbaccelerator.com/blog/airbnb-insurance-guide/,2026-10-06T21:09:00Z,False,unknown,unknown,unknown,unknown,,not probed,not probed,True,False,not probed,https://www.bnbaccelerator.com/blog/airbnb-insurance-guide/,not probed,True,35,operations,not returned,not returned,2026-09-06,2026-10-03,not probed,,Review substantive buyer support; not an exclusion inference
https://www.bnbaccelerator.com/blog/airbnb-investment-strategy/,2026-10-06T21:09:00Z,False,unknown,unknown,unknown,unknown,,not probed,not probed,True,False,not probed,https://www.bnbaccelerator.com/blog/airbnb-investment-strategy/,not probed,True,14,purchase,not returned,not returned,2026-09-06,2026-10-03,not probed,,Review substantive buyer support; not an exclusion inference
https://www.bnbaccelerator.com/blog/airbnb-listing-optimization/,2026-10-06T21:09:00Z,False,unknown,unknown,unknown,unknown,,not probed,not probed,True,False,not probed,https://www.bnbaccelerator.com/blog/airbnb-listing-optimization/,not probed,True,11,operations,3,0,2026-09-06,2026-10-03,not probed,,Review substantive buyer support; not an exclusion inference
https://www.bnbaccelerator.com/blog/airbnb-minimum-stay-strategy/,2026-10-06T21:09:00Z,False,unknown,unknown,unknown,unknown,,not probed,not probed,True,False,not probed,https://www.bnbaccelerator.com/blog/airbnb-minimum-stay-strategy/,not probed,True,9,operations,6,0,2026-09-06,2026-10-03,not probed,,Review substantive buyer support; not an exclusion inference
https://www.bnbaccelerator.com/blog/airbnb-neighbors-and-noise/,2026-10-06T21:09:00Z,False,unknown,unknown,unknown,unknown,,not probed,not probed,True,False,not probed,https://www.bnbaccelerator.com/blog/airbnb-neighbors-and-noise/,not probed,True,7,operations,5,0,2026-09-06,2026-10-03,not probed,,Review substantive buyer support; not an exclusion inference
https://www.bnbaccelerator.com/blog/airbnb-occupancy-rates-explained/,2026-10-06T21:09:00Z,False,unknown,unknown,unknown,unknown,,not probed,not probed,True,False,not probed,https://www.bnbaccelerator.com/blog/airbnb-occupancy-rates-explained/,not probed,True,22,revenue,44,0,2026-09-06,2026-10-03,not probed,,Review substantive buyer support; not an exclusion inference
https://www.bnbaccelerator.com/blog/airbnb-photography-tips/,2026-10-06T21:09:00Z,False,unknown,unknown,unknown,unknown,,not probed,not probed,True,False,not probed,https://www.bnbaccelerator.com/blog/airbnb-photography-tips/,not probed,True,16,operations,1,0,2026-09-06,2026-10-03,not probed,,Review substantive buyer support; not an exclusion inference
https://www.bnbaccelerator.com/blog/airbnb-pricing-strategy/,2026-10-06T21:09:00Z,False,unknown,unknown,unknown,unknown,,not probed,not probed,True,False,not probed,https://www.bnbaccelerator.com/blog/airbnb-pricing-strategy/,not probed,True,9,revenue,16,0,2026-09-06,2026-10-03,not probed,,Review substantive buyer support; not an exclusion inference
https://www.bnbaccelerator.com/blog/airbnb-property-management/,2026-10-06T21:09:00Z,False,unknown,unknown,unknown,unknown,,not probed,not probed,True,False,not probed,https://www.bnbaccelerator.com/blog/airbnb-property-management/,not probed,True,12,operations,not returned,not returned,2026-09-06,2026-10-03,not probed,,Review substantive buyer support; not an exclusion inference
https://www.bnbaccelerator.com/blog/airbnb-revenue-projections/,2026-10-06T21:09:00Z,True,PASS,INDEXING_ALLOWED,Submitted and indexed,2026-09-25T08:34:58Z,,200,https://www.bnbaccelerator.com/blog/airbnb-revenue-projections/,True,False,False,https://www.bnbaccelerator.com/blog/airbnb-revenue-projections/,https://www.bnbaccelerator.com/blog/airbnb-revenue-projections/,True,15,revenue,39,0,2026-09-06,2026-10-03,True,,Preserve confirmed indexed page; improve buyer usefulness as needed
https://www.bnbaccelerator.com/blog/airbnb-reviews-property-sale/,2026-10-06T21:09:00Z,True,PASS,INDEXING_ALLOWED,Submitted and indexed,2026-09-26T17:34:57Z,,200,https://www.bnbaccelerator.com/blog/airbnb-reviews-property-sale/,True,False,False,https://www.bnbaccelerator.com/blog/airbnb-reviews-property-sale/,https://www.bnbaccelerator.com/blog/airbnb-reviews-property-sale/,True,8,service,4,0,2026-09-06,2026-10-03,True,,Preserve confirmed indexed page; improve buyer usefulness as needed
https://www.bnbaccelerator.com/blog/airbnb-self-employment-tax/,2026-10-06T21:09:00Z,False,unknown,unknown,unknown,unknown,,not probed,not probed,True,False,not probed,https://www.bnbaccelerator.com/blog/airbnb-self-employment-tax/,not probed,True,6,tax,not returned,not returned,2026-09-06,2026-10-03,not probed,,Review substantive buyer support; not an exclusion inference
https://www.bnbaccelerator.com/blog/airbnb-supplies-checklist/,2026-10-06T21:09:00Z,False,unknown,unknown,unknown,unknown,,not probed,not probed,True,False,not probed,https://www.bnbaccelerator.com/blog/airbnb-supplies-checklist/,not probed,True,8,operations,19,0,2026-09-06,2026-10-03,not probed,,Review substantive buyer support; not an exclusion inference
https://www.bnbaccelerator.com/blog/airbnb-vs-long-term-rental-roi/,2026-10-06T21:09:00Z,False,unknown,unknown,unknown,unknown,,not probed,not probed,True,False,not probed,https://www.bnbaccelerator.com/blog/airbnb-vs-long-term-rental-roi/,not probed,True,10,purchase,not returned,not returned,2026-09-06,2026-10-03,not probed,,Review substantive buyer support; not an exclusion inference
https://www.bnbaccelerator.com/blog/airbnb-vs-long-term-rentals/,2026-10-06T21:09:00Z,False,unknown,unknown,unknown,unknown,,not probed,not probed,True,False,not probed,https://www.bnbaccelerator.com/blog/airbnb-vs-long-term-rentals/,not probed,True,7,purchase,6,0,2026-09-06,2026-10-03,not probed,,Review substantive buyer support; not an exclusion inference
https://www.bnbaccelerator.com/blog/airbnb-vs-stock-market/,2026-10-06T21:09:00Z,False,unknown,unknown,unknown,unknown,,not probed,not probed,True,False,not probed,https://www.bnbaccelerator.com/blog/airbnb-vs-stock-market/,not probed,True,4,market,not returned,not returned,2026-09-06,2026-10-03,not probed,,Review substantive buyer support; not an exclusion inference
https://www.bnbaccelerator.com/blog/airbnb-vs-vrbo/,2026-10-06T21:09:00Z,False,unknown,unknown,unknown,unknown,,not probed,not probed,True,False,not probed,https://www.bnbaccelerator.com/blog/airbnb-vs-vrbo/,not probed,True,4,operations,not returned,not returned,2026-09-06,2026-10-03,not probed,,Review substantive buyer support; not an exclusion inference
https://www.bnbaccelerator.com/blog/airbnb-vs-vrbo-vs-booking/,2026-10-06T21:09:00Z,False,unknown,unknown,unknown,unknown,,not probed,not probed,True,False,not probed,https://www.bnbaccelerator.com/blog/airbnb-vs-vrbo-vs-booking/,not probed,True,4,service,not returned,not returned,2026-09-06,2026-10-03,not probed,,Review substantive buyer support; not an exclusion inference
https://www.bnbaccelerator.com/blog/airport-noise-before-buying-short-term-rental/,2026-10-06T21:09:00Z,False,unknown,unknown,unknown,unknown,,not probed,not probed,True,False,not probed,https://www.bnbaccelerator.com/blog/airport-noise-before-buying-short-term-rental/,not probed,True,2,market,not returned,not returned,2026-09-06,2026-10-03,not probed,,Review substantive buyer support; not an exclusion inference
https://www.bnbaccelerator.com/blog/alimony-child-support-income-buy-str/,2026-10-06T21:09:00Z,False,unknown,unknown,unknown,unknown,,not probed,not probed,True,False,not probed,https://www.bnbaccelerator.com/blog/alimony-child-support-income-buy-str/,not probed,True,2,purchase,not returned,not returned,2026-09-06,2026-10-03,not probed,,Review substantive buyer support; not an exclusion inference
https://www.bnbaccelerator.com/blog/amenity-roi-ranking/,2026-10-06T21:09:00Z,False,unknown,unknown,unknown,unknown,,not probed,not probed,True,False,not probed,https://www.bnbaccelerator.com/blog/amenity-roi-ranking/,not probed,True,8,revenue,not returned,not returned,2026-09-06,2026-10-03,not probed,,Review substantive buyer support; not an exclusion inference
https://www.bnbaccelerator.com/blog/appliances-budget-short-term-rental/,2026-10-06T21:09:00Z,False,unknown,unknown,unknown,unknown,,not probed,not probed,True,False,not probed,https://www.bnbaccelerator.com/blog/appliances-budget-short-term-rental/,not probed,True,2,finance,not returned,not returned,2026-09-06,2026-10-03,not probed,,Review substantive buyer support; not an exclusion inference
https://www.bnbaccelerator.com/blog/appliances-buying-short-term-rental/,2026-10-06T21:09:00Z,False,unknown,unknown,unknown,unknown,,not probed,not probed,True,False,not probed,https://www.bnbaccelerator.com/blog/appliances-buying-short-term-rental/,not probed,True,2,purchase,not returned,not returned,2026-09-06,2026-10-03,not probed,,Review substantive buyer support; not an exclusion inference
https://www.bnbaccelerator.com/blog/appliances-design-short-term-rental/,2026-10-06T21:09:00Z,False,unknown,unknown,unknown,unknown,,not probed,not probed,True,False,not probed,https://www.bnbaccelerator.com/blog/appliances-design-short-term-rental/,not probed,True,2,operations,not returned,not returned,2026-09-06,2026-10-03,not probed,,Review substantive buyer support; not an exclusion inference
https://www.bnbaccelerator.com/blog/appliances-inspection-short-term-rental/,2026-10-06T21:09:00Z,False,unknown,unknown,unknown,unknown,,not probed,not probed,True,False,not probed,https://www.bnbaccelerator.com/blog/appliances-inspection-short-term-rental/,not probed,True,2,purchase,not returned,not returned,2026-09-06,2026-10-03,not probed,,Review substantive buyer support; not an exclusion inference
https://www.bnbaccelerator.com/blog/appliances-insurance-short-term-rental/,2026-10-06T21:09:00Z,False,unknown,unknown,unknown,unknown,,not probed,not probed,True,False,not probed,https://www.bnbaccelerator.com/blog/appliances-insurance-short-term-rental/,not probed,True,2,operations,not returned,not returned,2026-09-06,2026-10-03,not probed,,Review substantive buyer support; not an exclusion inference
https://www.bnbaccelerator.com/blog/appliances-maintenance-short-term-rental/,2026-10-06T21:09:00Z,False,unknown,unknown,unknown,unknown,,not probed,not probed,True,False,not probed,https://www.bnbaccelerator.com/blog/appliances-maintenance-short-term-rental/,not probed,True,2,operations,not returned,not returned,2026-09-06,2026-10-03,not probed,,Review substantive buyer support; not an exclusion inference
https://www.bnbaccelerator.com/blog/appliances-operations-short-term-rental/,2026-10-06T21:09:00Z,False,unknown,unknown,unknown,unknown,,not probed,not probed,True,False,not probed,https://www.bnbaccelerator.com/blog/appliances-operations-short-term-rental/,not probed,True,2,operations,not returned,not returned,2026-09-06,2026-10-03,not probed,,Review substantive buyer support; not an exclusion inference
https://www.bnbaccelerator.com/blog/appliances-repair-replace-short-term-rental/,2026-10-06T21:09:00Z,False,unknown,unknown,unknown,unknown,,not probed,not probed,True,False,not probed,https://www.bnbaccelerator.com/blog/appliances-repair-replace-short-term-rental/,not probed,True,2,operations,not returned,not returned,2026-09-06,2026-10-03,not probed,,Review substantive buyer support; not an exclusion inference
https://www.bnbaccelerator.com/blog/appliances-roi-short-term-rental/,2026-10-06T21:09:00Z,False,unknown,unknown,unknown,unknown,,not probed,not probed,True,False,not probed,https://www.bnbaccelerator.com/blog/appliances-roi-short-term-rental/,not probed,True,2,revenue,not returned,not returned,2026-09-06,2026-10-03,not probed,,Review substantive buyer support; not an exclusion inference
https://www.bnbaccelerator.com/blog/appraisal-gap-furnished-str/,2026-10-06T23:40:34Z,False,NEUTRAL,INDEXING_STATE_UNSPECIFIED,Discovered - currently not indexed,not reported,,200,https://www.bnbaccelerator.com/blog/appraisal-gap-furnished-str/,True,False,False,https://www.bnbaccelerator.com/blog/appraisal-gap-furnished-str/,https://www.bnbaccelerator.com/blog/appraisal-gap-furnished-str/,True,4,contract,not returned,not returned,2026-09-06,2026-10-03,True,,Furnished purchase appraisal-gap cash worksheet live; discovered-not-indexed evidence retained without causal diagnosis; monitor crawl and indexing
https://www.bnbaccelerator.com/blog/arizona-preemption-explained/,2026-10-06T21:09:00Z,False,unknown,unknown,unknown,unknown,,not probed,not probed,True,False,not probed,https://www.bnbaccelerator.com/blog/arizona-preemption-explained/,not probed,True,3,rules,not returned,not returned,2026-09-06,2026-10-03,not probed,,Review substantive buyer support; not an exclusion inference
https://www.bnbaccelerator.com/blog/arizona-str-investing/,2026-10-06T21:09:00Z,False,unknown,unknown,unknown,unknown,,not probed,not probed,True,False,not probed,https://www.bnbaccelerator.com/blog/arizona-str-investing/,not probed,True,11,market,7,0,2026-09-06,2026-10-03,not probed,,Review substantive buyer support; not an exclusion inference
https://www.bnbaccelerator.com/blog/asbestos-survey-before-str-renovation/,2026-10-06T21:09:00Z,False,unknown,unknown,unknown,unknown,,not probed,not probed,True,False,not probed,https://www.bnbaccelerator.com/blog/asbestos-survey-before-str-renovation/,not probed,True,5,purchase,not returned,not returned,2026-09-06,2026-10-03,not probed,,Review substantive buyer support; not an exclusion inference
https://www.bnbaccelerator.com/blog/assembling-a-comparable-set/,2026-10-06T21:09:00Z,False,unknown,unknown,unknown,unknown,,not probed,not probed,True,False,not probed,https://www.bnbaccelerator.com/blog/assembling-a-comparable-set/,not probed,True,7,revenue,2,0,2026-09-06,2026-10-03,not probed,,Review substantive buyer support; not an exclusion inference
https://www.bnbaccelerator.com/blog/asset-depletion-loan-buy-str/,2026-10-07T00:28:31.127087+00:00,True,NEUTRAL,INDEXING_STATE_UNSPECIFIED,URL is unknown to Google,not reported,,200,https://www.bnbaccelerator.com/blog/asset-depletion-loan-buy-str/,True,False,False,https://www.bnbaccelerator.com/blog/asset-depletion-loan-buy-str/,https://www.bnbaccelerator.com/blog/asset-depletion-loan-buy-str/,True,5,finance,not returned,not returned,2026-09-06,2026-10-03,True,,Live eligibility passed; returned discovery state is not a diagnosed technical cause; review substantive purchase support then measure after settled interval
https://www.bnbaccelerator.com/blog/assign-str-management-contract-sale/,2026-10-07T01:31:57Z,True,PASS,INDEXING_ALLOWED,Submitted and indexed,2026-09-27T03:35:59Z,,200,https://www.bnbaccelerator.com/blog/assign-str-management-contract-sale/,True,False,False,https://www.bnbaccelerator.com/blog/assign-str-management-contract-sale/,https://www.bnbaccelerator.com/blog/assign-str-management-contract-sale/,True,6,contract,not returned,not returned,2026-09-06,2026-10-03,True,,Monitor indexed URL for revision recrawl and buyer query outcomes; no confirmed crawl of this update
https://www.bnbaccelerator.com/blog/augusta-rule-14-day-rental/,2026-10-06T21:09:00Z,False,unknown,unknown,unknown,unknown,,not probed,not probed,True,False,not probed,https://www.bnbaccelerator.com/blog/augusta-rule-14-day-rental/,not probed,True,3,tax,not returned,not returned,2026-09-06,2026-10-03,not probed,,Review substantive buyer support; not an exclusion inference
https://www.bnbaccelerator.com/blog/austin-texas-airbnb-investing/,2026-10-06T21:09:00Z,False,unknown,unknown,unknown,unknown,,not probed,not probed,True,False,not probed,https://www.bnbaccelerator.com/blog/austin-texas-airbnb-investing/,not probed,True,5,market,not returned,not returned,2026-09-06,2026-10-03,not probed,,Review substantive buyer support; not an exclusion inference
https://www.bnbaccelerator.com/blog/backup-cleaner-str/,2026-10-06T21:09:00Z,False,unknown,unknown,unknown,unknown,,not probed,not probed,True,False,not probed,https://www.bnbaccelerator.com/blog/backup-cleaner-str/,not probed,True,2,operations,not returned,not returned,2026-09-06,2026-10-03,not probed,,Review substantive buyer support; not an exclusion inference
https://www.bnbaccelerator.com/blog/bank-statement-loan-str/,2026-10-06T23:35:59Z,False,NEUTRAL,INDEXING_STATE_UNSPECIFIED,URL is unknown to Google,not reported,,200,https://www.bnbaccelerator.com/blog/bank-statement-loan-str/,True,False,False,https://www.bnbaccelerator.com/blog/bank-statement-loan-str/,https://www.bnbaccelerator.com/blog/bank-statement-loan-str/,True,5,finance,not returned,not returned,2026-09-06,2026-10-03,True,,Deposit and financing-path worksheet live; unknown to Google is not a diagnosed technical barrier; monitor discovery
https://www.bnbaccelerator.com/blog/bedroom-configuration-and-rate/,2026-10-06T21:09:00Z,False,unknown,unknown,unknown,unknown,,not probed,not probed,True,False,not probed,https://www.bnbaccelerator.com/blog/bedroom-configuration-and-rate/,not probed,True,4,operations,not returned,not returned,2026-09-06,2026-10-03,not probed,,Review substantive buyer support; not an exclusion inference
https://www.bnbaccelerator.com/blog/best-airbnb-markets-2026/,2026-10-06T21:09:00Z,False,unknown,unknown,unknown,unknown,,not probed,not probed,True,False,not probed,https://www.bnbaccelerator.com/blog/best-airbnb-markets-2026/,not probed,True,26,market,not returned,not returned,2026-09-06,2026-10-03,not probed,,Review substantive buyer support; not an exclusion inference
https://www.bnbaccelerator.com/blog/best-airbnb-markets-for-beginners/,2026-10-06T21:09:00Z,False,unknown,unknown,unknown,unknown,,not probed,not probed,True,False,not probed,https://www.bnbaccelerator.com/blog/best-airbnb-markets-for-beginners/,not probed,True,3,market,not returned,not returned,2026-09-06,2026-10-03,not probed,,Review substantive buyer support; not an exclusion inference
https://www.bnbaccelerator.com/blog/big-bear-california-str-market/,2026-10-06T21:09:00Z,False,unknown,unknown,unknown,unknown,,not probed,not probed,True,False,not probed,https://www.bnbaccelerator.com/blog/big-bear-california-str-market/,not probed,True,5,market,3,0,2026-09-06,2026-10-03,not probed,,Review substantive buyer support; not an exclusion inference
https://www.bnbaccelerator.com/blog/blanket-loan-vs-individual-mortgages-str/,2026-10-06T21:09:00Z,False,unknown,unknown,unknown,unknown,,not probed,not probed,True,False,not probed,https://www.bnbaccelerator.com/blog/blanket-loan-vs-individual-mortgages-str/,not probed,True,4,finance,not returned,not returned,2026-09-06,2026-10-03,not probed,,Review substantive buyer support; not an exclusion inference
https://www.bnbaccelerator.com/blog/blocked-calendar-demand-signal/,2026-10-06T23:14:38Z,False,NEUTRAL,INDEXING_STATE_UNSPECIFIED,URL is unknown to Google,not reported,,200,https://www.bnbaccelerator.com/blog/blocked-calendar-demand-signal/,True,False,False,https://www.bnbaccelerator.com/blog/blocked-calendar-demand-signal/,https://www.bnbaccelerator.com/blog/blocked-calendar-demand-signal/,True,4,revenue,not returned,not returned,2026-09-06,2026-10-03,True,,Substantive refresh live and IndexNow accepted; unknown to Google is not a diagnosed barrier
https://www.bnbaccelerator.com/blog/blue-ridge-georgia-str-market/,2026-10-06T21:09:00Z,False,unknown,unknown,unknown,unknown,,not probed,not probed,True,False,not probed,https://www.bnbaccelerator.com/blog/blue-ridge-georgia-str-market/,not probed,True,3,market,not returned,not returned,2026-09-06,2026-10-03,not probed,,Review substantive buyer support; not an exclusion inference
https://www.bnbaccelerator.com/blog/bnb-accelerator-vs-arrived-str-purchase/,2026-10-06T21:09:00Z,False,unknown,unknown,unknown,unknown,,not probed,not probed,True,False,not probed,https://www.bnbaccelerator.com/blog/bnb-accelerator-vs-arrived-str-purchase/,not probed,True,3,service,not returned,not returned,2026-09-06,2026-10-03,not probed,,Review substantive buyer support; not an exclusion inference
https://www.bnbaccelerator.com/blog/bnb-accelerator-vs-bnb-turnkey-str-buyer/,2026-10-06T21:09:00Z,False,unknown,unknown,unknown,unknown,,not probed,not probed,True,False,not probed,https://www.bnbaccelerator.com/blog/bnb-accelerator-vs-bnb-turnkey-str-buyer/,not probed,True,12,service,not returned,not returned,2026-09-06,2026-10-03,not probed,,Review substantive buyer support; not an exclusion inference
https://www.bnbaccelerator.com/blog/bnb-accelerator-vs-diy/,2026-10-06T21:09:00Z,True,PASS,INDEXING_ALLOWED,Submitted and indexed,2026-09-23T12:18:29Z,,200,https://www.bnbaccelerator.com/blog/bnb-accelerator-vs-diy/,True,False,False,https://www.bnbaccelerator.com/blog/bnb-accelerator-vs-diy/,https://www.bnbaccelerator.com/blog/bnb-accelerator-vs-diy/,True,7,service,7,0,2026-09-06,2026-10-03,True,,Preserve confirmed indexed page; improve buyer usefulness as needed
https://www.bnbaccelerator.com/blog/bnb-accelerator-vs-ember-flex-str-purchase/,2026-10-06T21:09:00Z,False,unknown,unknown,unknown,unknown,,not probed,not probed,True,False,not probed,https://www.bnbaccelerator.com/blog/bnb-accelerator-vs-ember-flex-str-purchase/,not probed,True,3,service,not returned,not returned,2026-09-06,2026-10-03,not probed,,Review substantive buyer support; not an exclusion inference
https://www.bnbaccelerator.com/blog/bnb-accelerator-vs-kleer-circle-str-buyer/,2026-10-06T21:09:00Z,False,unknown,unknown,unknown,unknown,,not probed,not probed,True,False,not probed,https://www.bnbaccelerator.com/blog/bnb-accelerator-vs-kleer-circle-str-buyer/,not probed,True,10,service,not returned,not returned,2026-09-06,2026-10-03,not probed,,Review substantive buyer support; not an exclusion inference
https://www.bnbaccelerator.com/blog/bnb-accelerator-vs-roofstock-str-buyer/,2026-10-06T21:09:00Z,False,unknown,unknown,unknown,unknown,,not probed,not probed,True,False,not probed,https://www.bnbaccelerator.com/blog/bnb-accelerator-vs-roofstock-str-buyer/,not probed,True,3,service,not returned,not returned,2026-09-06,2026-10-03,not probed,,Review substantive buyer support; not an exclusion inference
https://www.bnbaccelerator.com/blog/bnb-accelerator-vs-stayrnr-str-buyer/,2026-10-06T21:09:00Z,False,unknown,unknown,unknown,unknown,,not probed,not probed,True,False,not probed,https://www.bnbaccelerator.com/blog/bnb-accelerator-vs-stayrnr-str-buyer/,not probed,True,3,service,not returned,not returned,2026-09-06,2026-10-03,not probed,,Review substantive buyer support; not an exclusion inference
https://www.bnbaccelerator.com/blog/bnb-accelerator-vs-str-insights-buyer/,2026-10-06T21:09:00Z,False,unknown,unknown,unknown,unknown,,not probed,not probed,True,False,not probed,https://www.bnbaccelerator.com/blog/bnb-accelerator-vs-str-insights-buyer/,not probed,True,12,service,not returned,not returned,2026-09-06,2026-10-03,not probed,,Review substantive buyer support; not an exclusion inference
https://www.bnbaccelerator.com/blog/bnb-accelerator-vs-str-like-the-best/,2026-10-06T21:09:00Z,False,unknown,unknown,unknown,unknown,,not probed,not probed,True,False,not probed,https://www.bnbaccelerator.com/blog/bnb-accelerator-vs-str-like-the-best/,not probed,True,3,service,not returned,not returned,2026-09-06,2026-10-03,not probed,,Review substantive buyer support; not an exclusion inference
https://www.bnbaccelerator.com/blog/bonus-depreciation-str-2026/,2026-10-06T21:09:00Z,False,unknown,unknown,unknown,unknown,,not probed,not probed,True,False,not probed,https://www.bnbaccelerator.com/blog/bonus-depreciation-str-2026/,not probed,True,23,tax,5,0,2026-09-06,2026-10-03,not probed,,Review substantive buyer support; not an exclusion inference
https://www.bnbaccelerator.com/blog/boundary-survey-before-buying-str/,2026-10-06T21:09:00Z,False,unknown,unknown,unknown,unknown,,not probed,not probed,True,False,not probed,https://www.bnbaccelerator.com/blog/boundary-survey-before-buying-str/,not probed,True,9,purchase,not returned,not returned,2026-09-06,2026-10-03,not probed,,Review substantive buyer support; not an exclusion inference
https://www.bnbaccelerator.com/blog/branson-missouri-airbnb/,2026-10-06T21:09:00Z,False,unknown,unknown,unknown,unknown,,not probed,not probed,True,False,not probed,https://www.bnbaccelerator.com/blog/branson-missouri-airbnb/,not probed,True,7,market,2,0,2026-09-06,2026-10-03,not probed,,Review substantive buyer support; not an exclusion inference
https://www.bnbaccelerator.com/blog/bridge-loan-buy-short-term-rental/,2026-10-06T21:09:00Z,False,unknown,unknown,unknown,unknown,,not probed,not probed,True,False,not probed,https://www.bnbaccelerator.com/blog/bridge-loan-buy-short-term-rental/,not probed,True,2,finance,not returned,not returned,2026-09-06,2026-10-03,not probed,,Review substantive buyer support; not an exclusion inference
https://www.bnbaccelerator.com/blog/broken-bow-oklahoma-airbnb/,2026-10-06T21:09:00Z,False,unknown,unknown,unknown,unknown,,not probed,not probed,True,False,not probed,https://www.bnbaccelerator.com/blog/broken-bow-oklahoma-airbnb/,not probed,True,10,market,4,0,2026-09-06,2026-10-03,not probed,,Review substantive buyer support; not an exclusion inference
https://www.bnbaccelerator.com/blog/bunk-room-budget-short-term-rental/,2026-10-06T21:09:00Z,False,unknown,unknown,unknown,unknown,,not probed,not probed,True,False,not probed,https://www.bnbaccelerator.com/blog/bunk-room-budget-short-term-rental/,not probed,True,2,finance,not returned,not returned,2026-09-06,2026-10-03,not probed,,Review substantive buyer support; not an exclusion inference
https://www.bnbaccelerator.com/blog/bunk-room-buying-short-term-rental/,2026-10-06T21:09:00Z,False,unknown,unknown,unknown,unknown,,not probed,not probed,True,False,not probed,https://www.bnbaccelerator.com/blog/bunk-room-buying-short-term-rental/,not probed,True,2,purchase,not returned,not returned,2026-09-06,2026-10-03,not probed,,Review substantive buyer support; not an exclusion inference
https://www.bnbaccelerator.com/blog/bunk-room-design-short-term-rental/,2026-10-06T21:09:00Z,False,unknown,unknown,unknown,unknown,,not probed,not probed,True,False,not probed,https://www.bnbaccelerator.com/blog/bunk-room-design-short-term-rental/,not probed,True,2,operations,not returned,not returned,2026-09-06,2026-10-03,not probed,,Review substantive buyer support; not an exclusion inference
https://www.bnbaccelerator.com/blog/bunk-room-inspection-short-term-rental/,2026-10-06T21:09:00Z,False,unknown,unknown,unknown,unknown,,not probed,not probed,True,False,not probed,https://www.bnbaccelerator.com/blog/bunk-room-inspection-short-term-rental/,not probed,True,2,purchase,not returned,not returned,2026-09-06,2026-10-03,not probed,,Review substantive buyer support; not an exclusion inference
https://www.bnbaccelerator.com/blog/bunk-room-insurance-short-term-rental/,2026-10-06T21:09:00Z,False,unknown,unknown,unknown,unknown,,not probed,not probed,True,False,not probed,https://www.bnbaccelerator.com/blog/bunk-room-insurance-short-term-rental/,not probed,True,2,operations,not returned,not returned,2026-09-06,2026-10-03,not probed,,Review substantive buyer support; not an exclusion inference
https://www.bnbaccelerator.com/blog/bunk-room-maintenance-short-term-rental/,2026-10-06T21:09:00Z,False,unknown,unknown,unknown,unknown,,not probed,not probed,True,False,not probed,https://www.bnbaccelerator.com/blog/bunk-room-maintenance-short-term-rental/,not probed,True,2,operations,not returned,not returned,2026-09-06,2026-10-03,not probed,,Review substantive buyer support; not an exclusion inference
https://www.bnbaccelerator.com/blog/bunk-room-operations-short-term-rental/,2026-10-06T21:09:00Z,False,unknown,unknown,unknown,unknown,,not probed,not probed,True,False,not probed,https://www.bnbaccelerator.com/blog/bunk-room-operations-short-term-rental/,not probed,True,2,operations,not returned,not returned,2026-09-06,2026-10-03,not probed,,Review substantive buyer support; not an exclusion inference
https://www.bnbaccelerator.com/blog/bunk-room-repair-replace-short-term-rental/,2026-10-06T21:09:00Z,False,unknown,unknown,unknown,unknown,,not probed,not probed,True,False,not probed,https://www.bnbaccelerator.com/blog/bunk-room-repair-replace-short-term-rental/,not probed,True,2,operations,not returned,not returned,2026-09-06,2026-10-03,not probed,,Review substantive buyer support; not an exclusion inference
https://www.bnbaccelerator.com/blog/bunk-room-roi-short-term-rental/,2026-10-06T21:09:00Z,False,unknown,unknown,unknown,unknown,,not probed,not probed,True,False,not probed,https://www.bnbaccelerator.com/blog/bunk-room-roi-short-term-rental/,not probed,True,2,revenue,not returned,not returned,2026-09-06,2026-10-03,not probed,,Review substantive buyer support; not an exclusion inference
https://www.bnbaccelerator.com/blog/buried-oil-tank-before-buying-str/,2026-10-06T21:09:00Z,False,unknown,unknown,unknown,unknown,,not probed,not probed,True,False,not probed,https://www.bnbaccelerator.com/blog/buried-oil-tank-before-buying-str/,not probed,True,3,purchase,not returned,not returned,2026-09-06,2026-10-03,not probed,,Review substantive buyer support; not an exclusion inference
https://www.bnbaccelerator.com/blog/business-funds-str-down-payment/,2026-10-07T00:28:37.802586+00:00,True,NEUTRAL,INDEXING_STATE_UNSPECIFIED,Discovered - currently not indexed,not reported,,200,https://www.bnbaccelerator.com/blog/business-funds-str-down-payment/,True,False,False,https://www.bnbaccelerator.com/blog/business-funds-str-down-payment/,https://www.bnbaccelerator.com/blog/business-funds-str-down-payment/,True,3,finance,not returned,not returned,2026-09-06,2026-10-03,True,,Live eligibility passed; returned discovery state is not a diagnosed technical cause; review substantive purchase support then measure after settled interval
https://www.bnbaccelerator.com/blog/buy-airbnb-without-str-permit/,2026-10-06T21:09:00Z,False,unknown,unknown,unknown,unknown,,not probed,not probed,True,False,not probed,https://www.bnbaccelerator.com/blog/buy-airbnb-without-str-permit/,not probed,True,2,rules,not returned,not returned,2026-09-06,2026-10-03,not probed,,Review substantive buyer support; not an exclusion inference
https://www.bnbaccelerator.com/blog/buy-bankruptcy-estate-property-as-str/,2026-10-06T21:09:00Z,False,unknown,unknown,unknown,unknown,,not probed,not probed,True,False,not probed,https://www.bnbaccelerator.com/blog/buy-bankruptcy-estate-property-as-str/,not probed,True,2,purchase,not returned,not returned,2026-09-06,2026-10-03,not probed,,Review substantive buyer support; not an exclusion inference
https://www.bnbaccelerator.com/blog/buy-coop-apartment-as-short-term-rental/,2026-10-06T21:09:00Z,False,unknown,unknown,unknown,unknown,,not probed,not probed,True,False,not probed,https://www.bnbaccelerator.com/blog/buy-coop-apartment-as-short-term-rental/,not probed,True,2,purchase,not returned,not returned,2026-09-06,2026-10-03,not probed,,Review substantive buyer support; not an exclusion inference
https://www.bnbaccelerator.com/blog/buy-duplex-for-short-term-rental/,2026-10-06T21:09:00Z,False,unknown,unknown,unknown,unknown,,not probed,not probed,True,False,not probed,https://www.bnbaccelerator.com/blog/buy-duplex-for-short-term-rental/,not probed,True,4,purchase,not returned,not returned,2026-09-06,2026-10-03,not probed,,Review substantive buyer support; not an exclusion inference
https://www.bnbaccelerator.com/blog/buy-existing-airbnb-vs-start-from-scratch/,2026-10-06T21:09:00Z,True,PASS,INDEXING_ALLOWED,Submitted and indexed,2026-09-24T23:03:56Z,,200,https://www.bnbaccelerator.com/blog/buy-existing-airbnb-vs-start-from-scratch/,True,False,False,https://www.bnbaccelerator.com/blog/buy-existing-airbnb-vs-start-from-scratch/,https://www.bnbaccelerator.com/blog/buy-existing-airbnb-vs-start-from-scratch/,True,223,purchase,1,0,2026-09-06,2026-10-03,True,,Preserve confirmed indexed page; improve buyer usefulness as needed
https://www.bnbaccelerator.com/blog/buy-family-vacation-home-as-str/,2026-10-06T21:09:00Z,False,unknown,unknown,unknown,unknown,,not probed,not probed,True,False,not probed,https://www.bnbaccelerator.com/blog/buy-family-vacation-home-as-str/,not probed,True,2,finance,not returned,not returned,2026-09-06,2026-10-03,not probed,,Review substantive buyer support; not an exclusion inference
https://www.bnbaccelerator.com/blog/buy-five-unit-str-building-financing/,2026-10-06T21:09:00Z,False,unknown,unknown,unknown,unknown,,not probed,not probed,True,False,not probed,https://www.bnbaccelerator.com/blog/buy-five-unit-str-building-financing/,not probed,True,2,finance,not returned,not returned,2026-09-06,2026-10-03,not probed,,Review substantive buyer support; not an exclusion inference
https://www.bnbaccelerator.com/blog/buy-foreclosure-as-short-term-rental/,2026-10-06T21:09:00Z,False,unknown,unknown,unknown,unknown,,not probed,not probed,True,False,not probed,https://www.bnbaccelerator.com/blog/buy-foreclosure-as-short-term-rental/,not probed,True,5,purchase,not returned,not returned,2026-09-06,2026-10-03,not probed,,Review substantive buyer support; not an exclusion inference
https://www.bnbaccelerator.com/blog/buy-manufactured-home-short-term-rental/,2026-10-06T21:09:00Z,False,unknown,unknown,unknown,unknown,,not probed,not probed,True,False,not probed,https://www.bnbaccelerator.com/blog/buy-manufactured-home-short-term-rental/,not probed,True,2,finance,not returned,not returned,2026-09-06,2026-10-03,not probed,,Review substantive buyer support; not an exclusion inference
https://www.bnbaccelerator.com/blog/buy-mixed-use-building-with-str-apartments/,2026-10-06T21:09:00Z,False,unknown,unknown,unknown,unknown,,not probed,not probed,True,False,not probed,https://www.bnbaccelerator.com/blog/buy-mixed-use-building-with-str-apartments/,not probed,True,2,purchase,not returned,not returned,2026-09-06,2026-10-03,not probed,,Review substantive buyer support; not an exclusion inference
https://www.bnbaccelerator.com/blog/buy-probate-property-short-term-rental/,2026-10-06T21:09:00Z,False,unknown,unknown,unknown,unknown,,not probed,not probed,True,False,not probed,https://www.bnbaccelerator.com/blog/buy-probate-property-short-term-rental/,not probed,True,3,purchase,not returned,not returned,2026-09-06,2026-10-03,not probed,,Review substantive buyer support; not an exclusion inference
https://www.bnbaccelerator.com/blog/buy-property-removed-from-airbnb/,2026-10-06T21:09:00Z,True,PASS,INDEXING_ALLOWED,Submitted and indexed,2026-09-26T18:06:25Z,,200,https://www.bnbaccelerator.com/blog/buy-property-removed-from-airbnb/,True,False,False,https://www.bnbaccelerator.com/blog/buy-property-removed-from-airbnb/,https://www.bnbaccelerator.com/blog/buy-property-removed-from-airbnb/,True,3,purchase,2,0,2026-09-06,2026-10-03,True,,Preserve confirmed indexed page; improve buyer usefulness as needed
https://www.bnbaccelerator.com/blog/buy-property-with-adu-for-str/,2026-10-06T21:09:00Z,False,unknown,unknown,unknown,unknown,,not probed,not probed,True,False,not probed,https://www.bnbaccelerator.com/blog/buy-property-with-adu-for-str/,not probed,True,2,purchase,not returned,not returned,2026-09-06,2026-10-03,not probed,,Review substantive buyer support; not an exclusion inference
https://www.bnbaccelerator.com/blog/buy-short-sale-property-as-str/,2026-10-06T21:09:00Z,False,unknown,unknown,unknown,unknown,,not probed,not probed,True,False,not probed,https://www.bnbaccelerator.com/blog/buy-short-sale-property-as-str/,not probed,True,2,purchase,not returned,not returned,2026-09-06,2026-10-03,not probed,,Review substantive buyer support; not an exclusion inference
https://www.bnbaccelerator.com/blog/buy-short-term-rental-student-loan-debt/,2026-10-06T21:09:00Z,False,unknown,unknown,unknown,unknown,,not probed,not probed,True,False,not probed,https://www.bnbaccelerator.com/blog/buy-short-term-rental-student-loan-debt/,not probed,True,3,finance,not returned,not returned,2026-09-06,2026-10-03,not probed,,Review substantive buyer support; not an exclusion inference
https://www.bnbaccelerator.com/blog/buy-str-after-bankruptcy/,2026-10-06T21:09:00Z,False,unknown,unknown,unknown,unknown,,not probed,not probed,True,False,not probed,https://www.bnbaccelerator.com/blog/buy-str-after-bankruptcy/,not probed,True,2,finance,not returned,not returned,2026-09-06,2026-10-03,not probed,,Review substantive buyer support; not an exclusion inference
https://www.bnbaccelerator.com/blog/buy-str-after-business-sale/,2026-10-06T21:09:00Z,False,unknown,unknown,unknown,unknown,,not probed,not probed,True,False,not probed,https://www.bnbaccelerator.com/blog/buy-str-after-business-sale/,not probed,True,2,purchase,not returned,not returned,2026-09-06,2026-10-03,not probed,,Review substantive buyer support; not an exclusion inference
https://www.bnbaccelerator.com/blog/buy-str-after-divorce-former-home-mortgage/,2026-10-06T21:09:00Z,False,unknown,unknown,unknown,unknown,,not probed,not probed,True,False,not probed,https://www.bnbaccelerator.com/blog/buy-str-after-divorce-former-home-mortgage/,not probed,True,3,finance,not returned,not returned,2026-09-06,2026-10-03,not probed,,Review substantive buyer support; not an exclusion inference
https://www.bnbaccelerator.com/blog/buy-str-changing-jobs-before-closing/,2026-10-07T00:28:44.441534+00:00,True,NEUTRAL,INDEXING_STATE_UNSPECIFIED,URL is unknown to Google,not reported,,200,https://www.bnbaccelerator.com/blog/buy-str-changing-jobs-before-closing/,True,False,False,https://www.bnbaccelerator.com/blog/buy-str-changing-jobs-before-closing/,https://www.bnbaccelerator.com/blog/buy-str-changing-jobs-before-closing/,True,6,finance,not returned,not returned,2026-09-06,2026-10-03,True,,Live eligibility passed; returned discovery state is not a diagnosed technical cause; review substantive purchase support then measure after settled interval
https://www.bnbaccelerator.com/blog/buy-str-contract-for-deed/,2026-10-06T21:09:00Z,False,unknown,unknown,unknown,unknown,,not probed,not probed,True,False,not probed,https://www.bnbaccelerator.com/blog/buy-str-contract-for-deed/,not probed,True,3,contract,not returned,not returned,2026-09-06,2026-10-03,not probed,,Review substantive buyer support; not an exclusion inference
https://www.bnbaccelerator.com/blog/buy-str-declining-bonus-commission-income/,2026-10-06T21:09:00Z,False,unknown,unknown,unknown,unknown,,not probed,not probed,True,False,not probed,https://www.bnbaccelerator.com/blog/buy-str-declining-bonus-commission-income/,not probed,True,2,finance,not returned,not returned,2026-09-06,2026-10-03,not probed,,Review substantive buyer support; not an exclusion inference
https://www.bnbaccelerator.com/blog/buy-str-during-temporary-leave/,2026-10-06T21:09:00Z,False,unknown,unknown,unknown,unknown,,not probed,not probed,True,False,not probed,https://www.bnbaccelerator.com/blog/buy-str-during-temporary-leave/,not probed,True,2,purchase,not returned,not returned,2026-09-06,2026-10-03,not probed,,Review substantive buyer support; not an exclusion inference
https://www.bnbaccelerator.com/blog/buy-str-entity-or-assets/,2026-10-07T00:28:51.050934+00:00,True,PASS,INDEXING_ALLOWED,Submitted and indexed,2026-10-03T02:55:25+00:00,,200,https://www.bnbaccelerator.com/blog/buy-str-entity-or-assets/,True,False,False,https://www.bnbaccelerator.com/blog/buy-str-entity-or-assets/,https://www.bnbaccelerator.com/blog/buy-str-entity-or-assets/,True,7,contract,not returned,not returned,2026-09-06,2026-10-03,True,,Preserve confirmed indexed URL; review substantive buyer support without assuming recent body recrawl
https://www.bnbaccelerator.com/blog/buy-str-high-income-large-tax-bill/,2026-10-06T21:09:00Z,False,unknown,unknown,unknown,unknown,,not probed,not probed,True,False,not probed,https://www.bnbaccelerator.com/blog/buy-str-high-income-large-tax-bill/,not probed,True,54,tax,not returned,not returned,2026-09-06,2026-10-03,not probed,,Review substantive buyer support; not an exclusion inference
https://www.bnbaccelerator.com/blog/buy-str-irs-payment-plan/,2026-10-06T21:09:00Z,False,unknown,unknown,unknown,unknown,,not probed,not probed,True,False,not probed,https://www.bnbaccelerator.com/blog/buy-str-irs-payment-plan/,not probed,True,2,finance,not returned,not returned,2026-09-06,2026-10-03,not probed,,Review substantive buyer support; not an exclusion inference
https://www.bnbaccelerator.com/blog/buy-str-less-than-two-years-self-employed/,2026-10-06T21:09:00Z,False,unknown,unknown,unknown,unknown,,not probed,not probed,True,False,not probed,https://www.bnbaccelerator.com/blog/buy-str-less-than-two-years-self-employed/,not probed,True,2,finance,not returned,not returned,2026-09-06,2026-10-03,not probed,,Review substantive buyer support; not an exclusion inference
https://www.bnbaccelerator.com/blog/buy-str-portfolio-seller-package/,2026-10-06T21:09:00Z,False,unknown,unknown,unknown,unknown,,not probed,not probed,True,False,not probed,https://www.bnbaccelerator.com/blog/buy-str-portfolio-seller-package/,not probed,True,3,purchase,not returned,not returned,2026-09-06,2026-10-03,not probed,,Review substantive buyer support; not an exclusion inference
https://www.bnbaccelerator.com/blog/buy-str-revocable-living-trust/,2026-10-06T21:09:00Z,False,unknown,unknown,unknown,unknown,,not probed,not probed,True,False,not probed,https://www.bnbaccelerator.com/blog/buy-str-revocable-living-trust/,not probed,True,4,purchase,not returned,not returned,2026-09-06,2026-10-03,not probed,,Review substantive buyer support; not an exclusion inference
https://www.bnbaccelerator.com/blog/buy-str-sight-unseen/,2026-10-06T21:09:00Z,True,PASS,INDEXING_ALLOWED,Submitted and indexed,2026-09-26T17:06:34Z,,200,https://www.bnbaccelerator.com/blog/buy-str-sight-unseen/,True,False,False,https://www.bnbaccelerator.com/blog/buy-str-sight-unseen/,https://www.bnbaccelerator.com/blog/buy-str-sight-unseen/,True,3,purchase,1,0,2026-09-06,2026-10-03,True,,Preserve confirmed indexed page; improve buyer usefulness as needed
https://www.bnbaccelerator.com/blog/buy-str-subject-to-seller-mortgage/,2026-10-07T00:28:57.530792+00:00,True,NEUTRAL,INDEXING_STATE_UNSPECIFIED,URL is unknown to Google,not reported,,200,https://www.bnbaccelerator.com/blog/buy-str-subject-to-seller-mortgage/,True,False,False,https://www.bnbaccelerator.com/blog/buy-str-subject-to-seller-mortgage/,https://www.bnbaccelerator.com/blog/buy-str-subject-to-seller-mortgage/,True,3,finance,not returned,not returned,2026-09-06,2026-10-03,True,,Live eligibility passed; returned discovery state is not a diagnosed technical cause; review substantive purchase support then measure after settled interval
https://www.bnbaccelerator.com/blog/buy-str-with-assumable-mortgage/,2026-10-07T00:29:04.10808+00:00,True,NEUTRAL,INDEXING_STATE_UNSPECIFIED,URL is unknown to Google,not reported,,200,https://www.bnbaccelerator.com/blog/buy-str-with-assumable-mortgage/,True,False,False,https://www.bnbaccelerator.com/blog/buy-str-with-assumable-mortgage/,https://www.bnbaccelerator.com/blog/buy-str-with-assumable-mortgage/,True,3,finance,not returned,not returned,2026-09-06,2026-10-03,True,,Live eligibility passed; returned discovery state is not a diagnosed technical cause; review substantive purchase support then measure after settled interval
https://www.bnbaccelerator.com/blog/buy-str-with-declining-revenue/,2026-10-06T21:09:00Z,False,unknown,unknown,unknown,unknown,,not probed,not probed,True,False,not probed,https://www.bnbaccelerator.com/blog/buy-str-with-declining-revenue/,not probed,True,2,revenue,not returned,not returned,2026-09-06,2026-10-03,not probed,,Review substantive buyer support; not an exclusion inference
https://www.bnbaccelerator.com/blog/buy-str-with-seller-financing/,2026-10-07T00:29:10.748758+00:00,True,NEUTRAL,INDEXING_STATE_UNSPECIFIED,URL is unknown to Google,not reported,,200,https://www.bnbaccelerator.com/blog/buy-str-with-seller-financing/,True,False,False,https://www.bnbaccelerator.com/blog/buy-str-with-seller-financing/,https://www.bnbaccelerator.com/blog/buy-str-with-seller-financing/,True,7,finance,not returned,not returned,2026-09-06,2026-10-03,True,,Live eligibility passed; returned discovery state is not a diagnosed technical cause; review substantive purchase support then measure after settled interval
https://www.bnbaccelerator.com/blog/buy-tenant-occupied-property-for-str/,2026-10-06T21:09:00Z,False,unknown,unknown,unknown,unknown,,not probed,not probed,True,False,not probed,https://www.bnbaccelerator.com/blog/buy-tenant-occupied-property-for-str/,not probed,True,6,purchase,not returned,not returned,2026-09-06,2026-10-03,not probed,,Review substantive buyer support; not an exclusion inference
https://www.bnbaccelerator.com/blog/buy-two-short-term-rentals-at-once/,2026-10-06T21:09:00Z,False,unknown,unknown,unknown,unknown,,not probed,not probed,True,False,not probed,https://www.bnbaccelerator.com/blog/buy-two-short-term-rentals-at-once/,not probed,True,5,purchase,not returned,not returned,2026-09-06,2026-10-03,not probed,,Review substantive buyer support; not an exclusion inference
https://www.bnbaccelerator.com/blog/buying-airbnb-out-of-state/,2026-10-06T21:09:00Z,False,unknown,unknown,unknown,unknown,,not probed,not probed,True,False,not probed,https://www.bnbaccelerator.com/blog/buying-airbnb-out-of-state/,not probed,True,9,purchase,not returned,not returned,2026-09-06,2026-10-03,not probed,,Review substantive buyer support; not an exclusion inference
https://www.bnbaccelerator.com/blog/buying-an-operating-str/,2026-10-06T21:09:00Z,False,unknown,unknown,unknown,unknown,,not probed,not probed,True,False,not probed,https://www.bnbaccelerator.com/blog/buying-an-operating-str/,not probed,True,8,operations,not returned,not returned,2026-09-06,2026-10-03,not probed,,Review substantive buyer support; not an exclusion inference
https://www.bnbaccelerator.com/blog/buying-in-december-vs-january/,2026-10-06T21:09:00Z,False,unknown,unknown,unknown,unknown,,not probed,not probed,True,False,not probed,https://www.bnbaccelerator.com/blog/buying-in-december-vs-january/,not probed,True,5,tax,not returned,not returned,2026-09-06,2026-10-03,not probed,,Review substantive buyer support; not an exclusion inference
https://www.bnbaccelerator.com/blog/cape-coral-fort-myers-str-market/,2026-10-06T21:09:00Z,False,unknown,unknown,unknown,unknown,,not probed,not probed,True,False,not probed,https://www.bnbaccelerator.com/blog/cape-coral-fort-myers-str-market/,not probed,True,6,market,not returned,not returned,2026-09-06,2026-10-03,not probed,,Review substantive buyer support; not an exclusion inference
https://www.bnbaccelerator.com/blog/case-study-breakdown-80-nights-21-days/,2026-10-06T21:09:00Z,False,unknown,unknown,unknown,unknown,,not probed,not probed,True,False,not probed,https://www.bnbaccelerator.com/blog/case-study-breakdown-80-nights-21-days/,not probed,True,3,purchase,not returned,not returned,2026-09-06,2026-10-03,not probed,,Review substantive buyer support; not an exclusion inference
https://www.bnbaccelerator.com/blog/case-study-breakdown-february-cash-flow/,2026-10-06T21:09:00Z,False,unknown,unknown,unknown,unknown,,not probed,not probed,True,False,not probed,https://www.bnbaccelerator.com/blog/case-study-breakdown-february-cash-flow/,not probed,True,3,revenue,not returned,not returned,2026-09-06,2026-10-03,not probed,,Review substantive buyer support; not an exclusion inference
https://www.bnbaccelerator.com/blog/case-study-breakdown-six-property-portfolio/,2026-10-06T21:09:00Z,False,unknown,unknown,unknown,unknown,,not probed,not probed,True,False,not probed,https://www.bnbaccelerator.com/blog/case-study-breakdown-six-property-portfolio/,not probed,True,3,purchase,not returned,not returned,2026-09-06,2026-10-03,not probed,,Review substantive buyer support; not an exclusion inference
https://www.bnbaccelerator.com/blog/case-study-breakdown-two-market-portfolio/,2026-10-06T21:09:00Z,False,unknown,unknown,unknown,unknown,,not probed,not probed,True,False,not probed,https://www.bnbaccelerator.com/blog/case-study-breakdown-two-market-portfolio/,not probed,True,3,market,not returned,not returned,2026-09-06,2026-10-03,not probed,,Review substantive buyer support; not an exclusion inference
https://www.bnbaccelerator.com/blog/case-study-breakdown-victoria-9br/,2026-10-06T21:09:00Z,False,unknown,unknown,unknown,unknown,,not probed,not probed,True,False,not probed,https://www.bnbaccelerator.com/blog/case-study-breakdown-victoria-9br/,not probed,True,3,purchase,not returned,not returned,2026-09-06,2026-10-03,not probed,,Review substantive buyer support; not an exclusion inference
https://www.bnbaccelerator.com/blog/case-study-dentist-two-properties/,2026-10-06T21:09:00Z,False,unknown,unknown,unknown,unknown,,not probed,not probed,True,False,not probed,https://www.bnbaccelerator.com/blog/case-study-dentist-two-properties/,not probed,True,4,purchase,not returned,not returned,2026-09-06,2026-10-03,not probed,,Review substantive buyer support; not an exclusion inference
https://www.bnbaccelerator.com/blog/case-study-equity-event-tax-offset/,2026-10-06T21:09:00Z,False,unknown,unknown,unknown,unknown,,not probed,not probed,True,False,not probed,https://www.bnbaccelerator.com/blog/case-study-equity-event-tax-offset/,not probed,True,6,tax,not returned,not returned,2026-09-06,2026-10-03,not probed,,Review substantive buyer support; not an exclusion inference
https://www.bnbaccelerator.com/blog/case-study-physician-first-str/,2026-10-06T21:09:00Z,False,unknown,unknown,unknown,unknown,,not probed,not probed,True,False,not probed,https://www.bnbaccelerator.com/blog/case-study-physician-first-str/,not probed,True,4,purchase,not returned,not returned,2026-09-06,2026-10-03,not probed,,Review substantive buyer support; not an exclusion inference
https://www.bnbaccelerator.com/blog/cell-service-before-buying-remote-str/,2026-10-06T21:09:00Z,False,unknown,unknown,unknown,unknown,,not probed,not probed,True,False,not probed,https://www.bnbaccelerator.com/blog/cell-service-before-buying-remote-str/,not probed,True,2,purchase,not returned,not returned,2026-09-06,2026-10-03,not probed,,Review substantive buyer support; not an exclusion inference
https://www.bnbaccelerator.com/blog/certificate-of-occupancy-str-remodel/,2026-10-06T21:09:00Z,False,unknown,unknown,unknown,unknown,,not probed,not probed,True,False,not probed,https://www.bnbaccelerator.com/blog/certificate-of-occupancy-str-remodel/,not probed,True,6,contract,not returned,not returned,2026-09-06,2026-10-03,not probed,,Review substantive buyer support; not an exclusion inference
https://www.bnbaccelerator.com/blog/check-in-that-does-not-generate-calls/,2026-10-06T21:09:00Z,False,unknown,unknown,unknown,unknown,,not probed,not probed,True,False,not probed,https://www.bnbaccelerator.com/blog/check-in-that-does-not-generate-calls/,not probed,True,5,operations,not returned,not returned,2026-09-06,2026-10-03,not probed,,Review substantive buyer support; not an exclusion inference
https://www.bnbaccelerator.com/blog/check-yard-drainage-before-buying-str/,2026-10-06T21:09:00Z,False,unknown,unknown,unknown,unknown,,not probed,not probed,True,False,not probed,https://www.bnbaccelerator.com/blog/check-yard-drainage-before-buying-str/,not probed,True,3,purchase,not returned,not returned,2026-09-06,2026-10-03,not probed,,Review substantive buyer support; not an exclusion inference
https://www.bnbaccelerator.com/blog/choosing-cost-segregation-firm/,2026-10-06T21:09:00Z,False,unknown,unknown,unknown,unknown,,not probed,not probed,True,False,not probed,https://www.bnbaccelerator.com/blog/choosing-cost-segregation-firm/,not probed,True,12,tax,1,0,2026-09-06,2026-10-03,not probed,,Review substantive buyer support; not an exclusion inference
https://www.bnbaccelerator.com/blog/cleaner-capacity-peak-season/,2026-10-06T21:09:00Z,False,unknown,unknown,unknown,unknown,,not probed,not probed,True,False,not probed,https://www.bnbaccelerator.com/blog/cleaner-capacity-peak-season/,not probed,True,2,operations,not returned,not returned,2026-09-06,2026-10-03,not probed,,Review substantive buyer support; not an exclusion inference
https://www.bnbaccelerator.com/blog/cleaning-fees-gross-revenue/,2026-10-06T21:09:00Z,False,unknown,unknown,unknown,unknown,,not probed,not probed,True,False,not probed,https://www.bnbaccelerator.com/blog/cleaning-fees-gross-revenue/,not probed,True,2,revenue,not returned,not returned,2026-09-06,2026-10-03,not probed,,Review substantive buyer support; not an exclusion inference
https://www.bnbaccelerator.com/blog/closing-before-peak-season-str/,2026-10-06T21:09:00Z,False,unknown,unknown,unknown,unknown,,not probed,not probed,True,False,not probed,https://www.bnbaccelerator.com/blog/closing-before-peak-season-str/,not probed,True,3,contract,not returned,not returned,2026-09-06,2026-10-03,not probed,,Review substantive buyer support; not an exclusion inference
https://www.bnbaccelerator.com/blog/clue-report-before-buying-str/,2026-10-06T21:09:00Z,False,unknown,unknown,unknown,unknown,,not probed,not probed,True,False,not probed,https://www.bnbaccelerator.com/blog/clue-report-before-buying-str/,not probed,True,6,purchase,not returned,not returned,2026-09-06,2026-10-03,not probed,,Review substantive buyer support; not an exclusion inference
https://www.bnbaccelerator.com/blog/coastal-corrosion-capex-str/,2026-10-06T21:09:00Z,False,unknown,unknown,unknown,unknown,,not probed,not probed,True,False,not probed,https://www.bnbaccelerator.com/blog/coastal-corrosion-capex-str/,not probed,True,2,revenue,not returned,not returned,2026-09-06,2026-10-03,not probed,,Review substantive buyer support; not an exclusion inference
https://www.bnbaccelerator.com/blog/cohosting-vs-self-managing/,2026-10-06T21:09:00Z,False,unknown,unknown,unknown,unknown,,not probed,not probed,True,False,not probed,https://www.bnbaccelerator.com/blog/cohosting-vs-self-managing/,not probed,True,28,operations,9,0,2026-09-06,2026-10-03,not probed,,Review substantive buyer support; not an exclusion inference
https://www.bnbaccelerator.com/blog/colorado-str-investing/,2026-10-06T21:09:00Z,False,unknown,unknown,unknown,unknown,,not probed,not probed,True,False,not probed,https://www.bnbaccelerator.com/blog/colorado-str-investing/,not probed,True,6,market,not returned,not returned,2026-09-06,2026-10-03,not probed,,Review substantive buyer support; not an exclusion inference
https://www.bnbaccelerator.com/blog/combine-vrbo-direct-airbnb-revenue/,2026-10-07T02:56:00Z,True,NEUTRAL,INDEXING_STATE_UNSPECIFIED,Discovered - currently not indexed,,,200,https://www.bnbaccelerator.com/blog/combine-vrbo-direct-airbnb-revenue/,True,False,False,https://www.bnbaccelerator.com/blog/combine-vrbo-direct-airbnb-revenue/,https://www.bnbaccelerator.com/blog/combine-vrbo-direct-airbnb-revenue/,True,3,revenue,not returned,not returned,2026-09-06,2026-10-03,True,,Unique-reservation worksheet live; monitor confirmed discovery state after settled interval; no technical barrier inferred
https://www.bnbaccelerator.com/blog/commercial-umbrella-str/,2026-10-06T21:09:00Z,False,unknown,unknown,unknown,unknown,,not probed,not probed,True,False,not probed,https://www.bnbaccelerator.com/blog/commercial-umbrella-str/,not probed,True,2,operations,not returned,not returned,2026-09-06,2026-10-03,not probed,,Review substantive buyer support; not an exclusion inference
https://www.bnbaccelerator.com/blog/compare-two-str-properties-before-offer/,2026-10-06T21:09:00Z,True,PASS,INDEXING_ALLOWED,Submitted and indexed,2026-09-26T16:35:45Z,,200,https://www.bnbaccelerator.com/blog/compare-two-str-properties-before-offer/,True,False,False,https://www.bnbaccelerator.com/blog/compare-two-str-properties-before-offer/,https://www.bnbaccelerator.com/blog/compare-two-str-properties-before-offer/,True,327,contract,1,0,2026-09-06,2026-10-03,True,,Preserve confirmed indexed page; improve buyer usefulness as needed
https://www.bnbaccelerator.com/blog/converted-bedroom-count-before-buying-str/,2026-10-06T21:09:00Z,False,unknown,unknown,unknown,unknown,,not probed,not probed,True,False,not probed,https://www.bnbaccelerator.com/blog/converted-bedroom-count-before-buying-str/,not probed,True,2,purchase,not returned,not returned,2026-09-06,2026-10-03,not probed,,Review substantive buyer support; not an exclusion inference
https://www.bnbaccelerator.com/blog/cosigner-co-borrower-buy-str/,2026-10-07T00:29:17.380391+00:00,True,NEUTRAL,INDEXING_STATE_UNSPECIFIED,Discovered - currently not indexed,not reported,,200,https://www.bnbaccelerator.com/blog/cosigner-co-borrower-buy-str/,True,False,False,https://www.bnbaccelerator.com/blog/cosigner-co-borrower-buy-str/,https://www.bnbaccelerator.com/blog/cosigner-co-borrower-buy-str/,True,4,finance,not returned,not returned,2026-09-06,2026-10-03,True,,Live eligibility passed; returned discovery state is not a diagnosed technical cause; review substantive purchase support then measure after settled interval
https://www.bnbaccelerator.com/blog/cost-seg-furnishings-allocation/,2026-10-06T21:09:00Z,False,unknown,unknown,unknown,unknown,,not probed,not probed,True,False,not probed,https://www.bnbaccelerator.com/blog/cost-seg-furnishings-allocation/,not probed,True,2,tax,not returned,not returned,2026-09-06,2026-10-03,not probed,,Review substantive buyer support; not an exclusion inference
https://www.bnbaccelerator.com/blog/cost-seg-timing-and-hold-period/,2026-10-07T04:22:11Z,True,NEUTRAL,INDEXING_STATE_UNSPECIFIED,URL is unknown to Google,,,200,https://www.bnbaccelerator.com/blog/cost-seg-timing-and-hold-period/,True,False,False,https://www.bnbaccelerator.com/blog/cost-seg-timing-and-hold-period/,https://www.bnbaccelerator.com/blog/cost-seg-timing-and-hold-period/,True,5,tax,not returned,not returned,2026-09-06,2026-10-03,True,,Existing guide expanded and live; monitor actual indexing and buyer queries; unknown is not a cause diagnosis
https://www.bnbaccelerator.com/blog/cost-segregation-airbnb/,2026-10-06T21:09:00Z,False,unknown,unknown,unknown,unknown,,not probed,not probed,True,False,not probed,https://www.bnbaccelerator.com/blog/cost-segregation-airbnb/,not probed,True,44,tax,not returned,not returned,2026-09-06,2026-10-03,not probed,,Review substantive buyer support; not an exclusion inference
https://www.bnbaccelerator.com/blog/crypto-sale-proceeds-str-down-payment/,2026-10-06T21:09:00Z,False,unknown,unknown,unknown,unknown,,not probed,not probed,True,False,not probed,https://www.bnbaccelerator.com/blog/crypto-sale-proceeds-str-down-payment/,not probed,True,2,finance,not returned,not returned,2026-09-06,2026-10-03,not probed,,Review substantive buyer support; not an exclusion inference
https://www.bnbaccelerator.com/blog/deck-budget-short-term-rental/,2026-10-06T21:09:00Z,False,unknown,unknown,unknown,unknown,,not probed,not probed,True,False,not probed,https://www.bnbaccelerator.com/blog/deck-budget-short-term-rental/,not probed,True,2,finance,not returned,not returned,2026-09-06,2026-10-03,not probed,,Review substantive buyer support; not an exclusion inference
https://www.bnbaccelerator.com/blog/deck-buying-short-term-rental/,2026-10-06T21:09:00Z,False,unknown,unknown,unknown,unknown,,not probed,not probed,True,False,not probed,https://www.bnbaccelerator.com/blog/deck-buying-short-term-rental/,not probed,True,2,purchase,not returned,not returned,2026-09-06,2026-10-03,not probed,,Review substantive buyer support; not an exclusion inference
https://www.bnbaccelerator.com/blog/deck-design-short-term-rental/,2026-10-06T21:09:00Z,False,unknown,unknown,unknown,unknown,,not probed,not probed,True,False,not probed,https://www.bnbaccelerator.com/blog/deck-design-short-term-rental/,not probed,True,2,operations,not returned,not returned,2026-09-06,2026-10-03,not probed,,Review substantive buyer support; not an exclusion inference
https://www.bnbaccelerator.com/blog/deck-inspection-short-term-rental/,2026-10-06T21:09:00Z,False,unknown,unknown,unknown,unknown,,not probed,not probed,True,False,not probed,https://www.bnbaccelerator.com/blog/deck-inspection-short-term-rental/,not probed,True,2,purchase,not returned,not returned,2026-09-06,2026-10-03,not probed,,Review substantive buyer support; not an exclusion inference
https://www.bnbaccelerator.com/blog/deck-insurance-short-term-rental/,2026-10-06T21:09:00Z,False,unknown,unknown,unknown,unknown,,not probed,not probed,True,False,not probed,https://www.bnbaccelerator.com/blog/deck-insurance-short-term-rental/,not probed,True,2,operations,not returned,not returned,2026-09-06,2026-10-03,not probed,,Review substantive buyer support; not an exclusion inference
https://www.bnbaccelerator.com/blog/deck-maintenance-short-term-rental/,2026-10-06T21:09:00Z,False,unknown,unknown,unknown,unknown,,not probed,not probed,True,False,not probed,https://www.bnbaccelerator.com/blog/deck-maintenance-short-term-rental/,not probed,True,2,operations,not returned,not returned,2026-09-06,2026-10-03,not probed,,Review substantive buyer support; not an exclusion inference
https://www.bnbaccelerator.com/blog/deck-operations-short-term-rental/,2026-10-06T21:09:00Z,False,unknown,unknown,unknown,unknown,,not probed,not probed,True,False,not probed,https://www.bnbaccelerator.com/blog/deck-operations-short-term-rental/,not probed,True,2,operations,not returned,not returned,2026-09-06,2026-10-03,not probed,,Review substantive buyer support; not an exclusion inference
https://www.bnbaccelerator.com/blog/deck-repair-replace-short-term-rental/,2026-10-06T21:09:00Z,False,unknown,unknown,unknown,unknown,,not probed,not probed,True,False,not probed,https://www.bnbaccelerator.com/blog/deck-repair-replace-short-term-rental/,not probed,True,2,operations,not returned,not returned,2026-09-06,2026-10-03,not probed,,Review substantive buyer support; not an exclusion inference
https://www.bnbaccelerator.com/blog/deck-roi-short-term-rental/,2026-10-06T21:09:00Z,False,unknown,unknown,unknown,unknown,,not probed,not probed,True,False,not probed,https://www.bnbaccelerator.com/blog/deck-roi-short-term-rental/,not probed,True,2,revenue,not returned,not returned,2026-09-06,2026-10-03,not probed,,Review substantive buyer support; not an exclusion inference
https://www.bnbaccelerator.com/blog/delayed-financing-cash-str/,2026-10-06T21:09:00Z,True,NEUTRAL,INDEXING_STATE_UNSPECIFIED,URL is unknown to Google,,,200,https://www.bnbaccelerator.com/blog/delayed-financing-cash-str/,True,False,False,https://www.bnbaccelerator.com/blog/delayed-financing-cash-str/,https://www.bnbaccelerator.com/blog/delayed-financing-cash-str/,True,7,finance,not returned,not returned,2026-09-06,2026-10-03,True,,Review returned coverage evidence and underlying cause before any intervention
https://www.bnbaccelerator.com/blog/denver-airbnb-investing/,2026-10-06T21:09:00Z,False,unknown,unknown,unknown,unknown,,not probed,not probed,True,False,not probed,https://www.bnbaccelerator.com/blog/denver-airbnb-investing/,not probed,True,4,market,not returned,not returned,2026-09-06,2026-10-03,not probed,,Review substantive buyer support; not an exclusion inference
https://www.bnbaccelerator.com/blog/denver-metro-str-restrictions/,2026-10-06T21:09:00Z,False,unknown,unknown,unknown,unknown,,not probed,not probed,True,False,not probed,https://www.bnbaccelerator.com/blog/denver-metro-str-restrictions/,not probed,True,6,market,not returned,not returned,2026-09-06,2026-10-03,not probed,,Review substantive buyer support; not an exclusion inference
https://www.bnbaccelerator.com/blog/depreciation-recapture-str/,2026-10-07T04:34:57Z,False,PASS,INDEXING_ALLOWED,Submitted and indexed,2026-09-26T02:22:52Z,,200,https://www.bnbaccelerator.com/blog/depreciation-recapture-str/,True,False,False,https://www.bnbaccelerator.com/blog/depreciation-recapture-str/,https://www.bnbaccelerator.com/blog/depreciation-recapture-str/,True,24,tax,not returned,not returned,2026-09-06,2026-10-03,True,,Existing indexing confirmed; recapture refresh af65b049 live; revision receipt unconfirmed; submissions not indexing
https://www.bnbaccelerator.com/blog/designing-for-the-thumbnail/,2026-10-06T21:09:00Z,False,unknown,unknown,unknown,unknown,,not probed,not probed,True,False,not probed,https://www.bnbaccelerator.com/blog/designing-for-the-thumbnail/,not probed,True,4,operations,not returned,not returned,2026-09-06,2026-10-03,not probed,,Review substantive buyer support; not an exclusion inference
https://www.bnbaccelerator.com/blog/destin-florida-airbnb-investing/,2026-10-06T21:09:00Z,False,unknown,unknown,unknown,unknown,,not probed,not probed,True,False,not probed,https://www.bnbaccelerator.com/blog/destin-florida-airbnb-investing/,not probed,True,7,market,not returned,not returned,2026-09-06,2026-10-03,not probed,,Review substantive buyer support; not an exclusion inference
https://www.bnbaccelerator.com/blog/dfw-lake-markets-shady-shores/,2026-10-06T21:09:00Z,False,unknown,unknown,unknown,unknown,,not probed,not probed,True,False,not probed,https://www.bnbaccelerator.com/blog/dfw-lake-markets-shady-shores/,not probed,True,3,market,not returned,not returned,2026-09-06,2026-10-03,not probed,,Review substantive buyer support; not an exclusion inference
https://www.bnbaccelerator.com/blog/direct-booking-website/,2026-10-06T21:09:00Z,False,unknown,unknown,unknown,unknown,,not probed,not probed,True,False,not probed,https://www.bnbaccelerator.com/blog/direct-booking-website/,not probed,True,8,operations,4,0,2026-09-06,2026-10-03,not probed,,Review substantive buyer support; not an exclusion inference
https://www.bnbaccelerator.com/blog/direct-bookings-worth-the-effort/,2026-10-06T21:09:00Z,False,unknown,unknown,unknown,unknown,,not probed,not probed,True,False,not probed,https://www.bnbaccelerator.com/blog/direct-bookings-worth-the-effort/,not probed,True,3,revenue,2,0,2026-09-06,2026-10-03,not probed,,Review substantive buyer support; not an exclusion inference
https://www.bnbaccelerator.com/blog/discounts-coupons-net-adr/,2026-10-06T21:09:00Z,False,unknown,unknown,unknown,unknown,,not probed,not probed,True,False,not probed,https://www.bnbaccelerator.com/blog/discounts-coupons-net-adr/,not probed,True,2,revenue,not returned,not returned,2026-09-06,2026-10-03,not probed,,Review substantive buyer support; not an exclusion inference
https://www.bnbaccelerator.com/blog/dock-permit-inspection-before-buying-waterfront-str/,2026-10-06T21:09:00Z,False,unknown,unknown,unknown,unknown,,not probed,not probed,True,False,not probed,https://www.bnbaccelerator.com/blog/dock-permit-inspection-before-buying-waterfront-str/,not probed,True,4,rules,not returned,not returned,2026-09-06,2026-10-03,not probed,,Review substantive buyer support; not an exclusion inference
https://www.bnbaccelerator.com/blog/dock-watercraft-str-liability/,2026-10-06T21:09:00Z,False,unknown,unknown,unknown,unknown,,not probed,not probed,True,False,not probed,https://www.bnbaccelerator.com/blog/dock-watercraft-str-liability/,not probed,True,3,operations,not returned,not returned,2026-09-06,2026-10-03,not probed,,Review substantive buyer support; not an exclusion inference
https://www.bnbaccelerator.com/blog/does-ada-apply-short-term-rental/,2026-10-06T21:09:00Z,False,unknown,unknown,unknown,unknown,,not probed,not probed,True,False,not probed,https://www.bnbaccelerator.com/blog/does-ada-apply-short-term-rental/,not probed,True,2,purchase,not returned,not returned,2026-09-06,2026-10-03,not probed,,Review substantive buyer support; not an exclusion inference
https://www.bnbaccelerator.com/blog/done-for-you-airbnb-model/,2026-10-06T21:09:00Z,True,PASS,INDEXING_ALLOWED,Submitted and indexed,2026-09-23T12:23:35Z,,200,https://www.bnbaccelerator.com/blog/done-for-you-airbnb-model/,True,False,False,https://www.bnbaccelerator.com/blog/done-for-you-airbnb-model/,https://www.bnbaccelerator.com/blog/done-for-you-airbnb-model/,True,8,purchase,7,0,2026-09-06,2026-10-03,True,,Preserve confirmed indexed page; improve buyer usefulness as needed
https://www.bnbaccelerator.com/blog/dscr-loans-for-airbnb/,2026-10-06T21:09:00Z,True,PASS,INDEXING_ALLOWED,Submitted and indexed,2026-10-05T12:00:22Z,,200,https://www.bnbaccelerator.com/blog/dscr-loans-for-airbnb/,True,False,False,https://www.bnbaccelerator.com/blog/dscr-loans-for-airbnb/,https://www.bnbaccelerator.com/blog/dscr-loans-for-airbnb/,True,22,finance,13,0,2026-09-06,2026-10-03,True,,Preserve confirmed indexed page; improve buyer usefulness as needed
https://www.bnbaccelerator.com/blog/dscr-vacancy-factor-str/,2026-10-06T21:09:00Z,False,unknown,unknown,unknown,unknown,,not probed,not probed,True,False,not probed,https://www.bnbaccelerator.com/blog/dscr-vacancy-factor-str/,not probed,True,2,finance,not returned,not returned,2026-09-06,2026-10-03,not probed,,Review substantive buyer support; not an exclusion inference
https://www.bnbaccelerator.com/blog/due-diligence-items-buyers-skip/,2026-10-07T00:20:36Z,True,NEUTRAL,INDEXING_STATE_UNSPECIFIED,URL is unknown to Google,not reported,,200,https://www.bnbaccelerator.com/blog/due-diligence-items-buyers-skip/,True,False,False,https://www.bnbaccelerator.com/blog/due-diligence-items-buyers-skip/,https://www.bnbaccelerator.com/blog/due-diligence-items-buyers-skip/,True,4,purchase,not returned,not returned,2026-09-06,2026-10-03,True,,Source-checked pre-offer evidence matrix live 1fdb3bab; IndexNow accepted HTTP200; unknown inspection is not a diagnosed barrier; measure after settled interval
https://www.bnbaccelerator.com/blog/earnest-money-amount-str-offer/,2026-10-07T00:29:23.93226+00:00,True,NEUTRAL,INDEXING_STATE_UNSPECIFIED,URL is unknown to Google,not reported,,200,https://www.bnbaccelerator.com/blog/earnest-money-amount-str-offer/,True,False,False,https://www.bnbaccelerator.com/blog/earnest-money-amount-str-offer/,https://www.bnbaccelerator.com/blog/earnest-money-amount-str-offer/,True,6,contract,not returned,not returned,2026-09-06,2026-10-03,True,,Live eligibility passed; returned discovery state is not a diagnosed technical cause; review substantive purchase support then measure after settled interval
https://www.bnbaccelerator.com/blog/earnest-money-release-str/,2026-10-07T00:29:30.492829+00:00,True,NEUTRAL,INDEXING_STATE_UNSPECIFIED,URL is unknown to Google,not reported,,200,https://www.bnbaccelerator.com/blog/earnest-money-release-str/,True,False,False,https://www.bnbaccelerator.com/blog/earnest-money-release-str/,https://www.bnbaccelerator.com/blog/earnest-money-release-str/,True,4,contract,not returned,not returned,2026-09-06,2026-10-03,True,,Live eligibility passed; returned discovery state is not a diagnosed technical cause; review substantive purchase support then measure after settled interval
https://www.bnbaccelerator.com/blog/electrical-panel-inspection-before-buying-str/,2026-10-06T21:09:00Z,False,unknown,unknown,unknown,unknown,,not probed,not probed,True,False,not probed,https://www.bnbaccelerator.com/blog/electrical-panel-inspection-before-buying-str/,not probed,True,4,purchase,not returned,not returned,2026-09-06,2026-10-03,not probed,,Review substantive buyer support; not an exclusion inference
https://www.bnbaccelerator.com/blog/escalation-clause-str-purchase-offer/,2026-10-06T21:09:00Z,False,unknown,unknown,unknown,unknown,,not probed,not probed,True,False,not probed,https://www.bnbaccelerator.com/blog/escalation-clause-str-purchase-offer/,not probed,True,2,contract,not returned,not returned,2026-09-06,2026-10-03,not probed,,Review substantive buyer support; not an exclusion inference
https://www.bnbaccelerator.com/blog/ev-charger-budget-short-term-rental/,2026-10-06T21:09:00Z,False,unknown,unknown,unknown,unknown,,not probed,not probed,True,False,not probed,https://www.bnbaccelerator.com/blog/ev-charger-budget-short-term-rental/,not probed,True,2,finance,not returned,not returned,2026-09-06,2026-10-03,not probed,,Review substantive buyer support; not an exclusion inference
https://www.bnbaccelerator.com/blog/ev-charger-buying-short-term-rental/,2026-10-06T21:09:00Z,False,unknown,unknown,unknown,unknown,,not probed,not probed,True,False,not probed,https://www.bnbaccelerator.com/blog/ev-charger-buying-short-term-rental/,not probed,True,2,purchase,not returned,not returned,2026-09-06,2026-10-03,not probed,,Review substantive buyer support; not an exclusion inference
https://www.bnbaccelerator.com/blog/ev-charger-design-short-term-rental/,2026-10-06T21:09:00Z,False,unknown,unknown,unknown,unknown,,not probed,not probed,True,False,not probed,https://www.bnbaccelerator.com/blog/ev-charger-design-short-term-rental/,not probed,True,2,operations,not returned,not returned,2026-09-06,2026-10-03,not probed,,Review substantive buyer support; not an exclusion inference
https://www.bnbaccelerator.com/blog/ev-charger-inspection-short-term-rental/,2026-10-06T21:09:00Z,False,unknown,unknown,unknown,unknown,,not probed,not probed,True,False,not probed,https://www.bnbaccelerator.com/blog/ev-charger-inspection-short-term-rental/,not probed,True,2,purchase,not returned,not returned,2026-09-06,2026-10-03,not probed,,Review substantive buyer support; not an exclusion inference
https://www.bnbaccelerator.com/blog/ev-charger-insurance-short-term-rental/,2026-10-06T21:09:00Z,False,unknown,unknown,unknown,unknown,,not probed,not probed,True,False,not probed,https://www.bnbaccelerator.com/blog/ev-charger-insurance-short-term-rental/,not probed,True,2,operations,not returned,not returned,2026-09-06,2026-10-03,not probed,,Review substantive buyer support; not an exclusion inference
https://www.bnbaccelerator.com/blog/ev-charger-maintenance-short-term-rental/,2026-10-06T21:09:00Z,False,unknown,unknown,unknown,unknown,,not probed,not probed,True,False,not probed,https://www.bnbaccelerator.com/blog/ev-charger-maintenance-short-term-rental/,not probed,True,2,operations,not returned,not returned,2026-09-06,2026-10-03,not probed,,Review substantive buyer support; not an exclusion inference
https://www.bnbaccelerator.com/blog/ev-charger-operations-short-term-rental/,2026-10-06T21:09:00Z,False,unknown,unknown,unknown,unknown,,not probed,not probed,True,False,not probed,https://www.bnbaccelerator.com/blog/ev-charger-operations-short-term-rental/,not probed,True,2,operations,not returned,not returned,2026-09-06,2026-10-03,not probed,,Review substantive buyer support; not an exclusion inference
https://www.bnbaccelerator.com/blog/ev-charger-repair-replace-short-term-rental/,2026-10-06T21:09:00Z,False,unknown,unknown,unknown,unknown,,not probed,not probed,True,False,not probed,https://www.bnbaccelerator.com/blog/ev-charger-repair-replace-short-term-rental/,not probed,True,2,operations,not returned,not returned,2026-09-06,2026-10-03,not probed,,Review substantive buyer support; not an exclusion inference
https://www.bnbaccelerator.com/blog/ev-charger-roi-short-term-rental/,2026-10-06T21:09:00Z,False,unknown,unknown,unknown,unknown,,not probed,not probed,True,False,not probed,https://www.bnbaccelerator.com/blog/ev-charger-roi-short-term-rental/,not probed,True,2,revenue,not returned,not returned,2026-09-06,2026-10-03,not probed,,Review substantive buyer support; not an exclusion inference
https://www.bnbaccelerator.com/blog/event-calendar-str-pricing/,2026-10-06T21:09:00Z,False,unknown,unknown,unknown,unknown,,not probed,not probed,True,False,not probed,https://www.bnbaccelerator.com/blog/event-calendar-str-pricing/,not probed,True,2,revenue,not returned,not returned,2026-09-06,2026-10-03,not probed,,Review substantive buyer support; not an exclusion inference
https://www.bnbaccelerator.com/blog/exercise-lease-option-buy-str/,2026-10-06T21:09:00Z,False,unknown,unknown,unknown,unknown,,not probed,not probed,True,False,not probed,https://www.bnbaccelerator.com/blog/exercise-lease-option-buy-str/,not probed,True,2,finance,not returned,not returned,2026-09-06,2026-10-03,not probed,,Review substantive buyer support; not an exclusion inference
https://www.bnbaccelerator.com/blog/finance-wholesale-assigned-str-purchase/,2026-10-06T21:09:00Z,False,unknown,unknown,unknown,unknown,,not probed,not probed,True,False,not probed,https://www.bnbaccelerator.com/blog/finance-wholesale-assigned-str-purchase/,not probed,True,2,finance,not returned,not returned,2026-09-06,2026-10-03,not probed,,Review substantive buyer support; not an exclusion inference
https://www.bnbaccelerator.com/blog/financed-property-limit-next-str-purchase/,2026-10-06T21:09:00Z,False,unknown,unknown,unknown,unknown,,not probed,not probed,True,False,not probed,https://www.bnbaccelerator.com/blog/financed-property-limit-next-str-purchase/,not probed,True,3,finance,not returned,not returned,2026-09-06,2026-10-03,not probed,,Review substantive buyer support; not an exclusion inference
https://www.bnbaccelerator.com/blog/fincen-cash-str-llc-reporting/,2026-10-06T21:09:00Z,False,unknown,unknown,unknown,unknown,,not probed,not probed,True,False,not probed,https://www.bnbaccelerator.com/blog/fincen-cash-str-llc-reporting/,not probed,True,2,purchase,not returned,not returned,2026-09-06,2026-10-03,not probed,,Review substantive buyer support; not an exclusion inference
https://www.bnbaccelerator.com/blog/find-airbnb-property-manager/,2026-10-06T21:09:00Z,False,unknown,unknown,unknown,unknown,,not probed,not probed,True,False,not probed,https://www.bnbaccelerator.com/blog/find-airbnb-property-manager/,not probed,True,17,operations,2,0,2026-09-06,2026-10-03,not probed,,Review substantive buyer support; not an exclusion inference
https://www.bnbaccelerator.com/blog/find-off-market-str-properties-for-sale/,2026-10-06T21:09:00Z,False,unknown,unknown,unknown,unknown,,not probed,not probed,True,False,not probed,https://www.bnbaccelerator.com/blog/find-off-market-str-properties-for-sale/,not probed,True,5,market,not returned,not returned,2026-09-06,2026-10-03,not probed,,Review substantive buyer support; not an exclusion inference
https://www.bnbaccelerator.com/blog/fire-apparatus-access-before-buying-str/,2026-10-06T21:09:00Z,False,unknown,unknown,unknown,unknown,,not probed,not probed,True,False,not probed,https://www.bnbaccelerator.com/blog/fire-apparatus-access-before-buying-str/,not probed,True,2,purchase,not returned,not returned,2026-09-06,2026-10-03,not probed,,Review substantive buyer support; not an exclusion inference
https://www.bnbaccelerator.com/blog/fire-pit-budget-short-term-rental/,2026-10-06T21:09:00Z,False,unknown,unknown,unknown,unknown,,not probed,not probed,True,False,not probed,https://www.bnbaccelerator.com/blog/fire-pit-budget-short-term-rental/,not probed,True,2,finance,not returned,not returned,2026-09-06,2026-10-03,not probed,,Review substantive buyer support; not an exclusion inference
https://www.bnbaccelerator.com/blog/fire-pit-buying-short-term-rental/,2026-10-06T21:09:00Z,False,unknown,unknown,unknown,unknown,,not probed,not probed,True,False,not probed,https://www.bnbaccelerator.com/blog/fire-pit-buying-short-term-rental/,not probed,True,2,purchase,not returned,not returned,2026-09-06,2026-10-03,not probed,,Review substantive buyer support; not an exclusion inference
https://www.bnbaccelerator.com/blog/fire-pit-design-short-term-rental/,2026-10-06T21:09:00Z,False,unknown,unknown,unknown,unknown,,not probed,not probed,True,False,not probed,https://www.bnbaccelerator.com/blog/fire-pit-design-short-term-rental/,not probed,True,2,operations,not returned,not returned,2026-09-06,2026-10-03,not probed,,Review substantive buyer support; not an exclusion inference
https://www.bnbaccelerator.com/blog/fire-pit-inspection-short-term-rental/,2026-10-06T21:09:00Z,False,unknown,unknown,unknown,unknown,,not probed,not probed,True,False,not probed,https://www.bnbaccelerator.com/blog/fire-pit-inspection-short-term-rental/,not probed,True,2,purchase,not returned,not returned,2026-09-06,2026-10-03,not probed,,Review substantive buyer support; not an exclusion inference
https://www.bnbaccelerator.com/blog/fire-pit-insurance-short-term-rental/,2026-10-06T21:09:00Z,False,unknown,unknown,unknown,unknown,,not probed,not probed,True,False,not probed,https://www.bnbaccelerator.com/blog/fire-pit-insurance-short-term-rental/,not probed,True,2,operations,not returned,not returned,2026-09-06,2026-10-03,not probed,,Review substantive buyer support; not an exclusion inference
https://www.bnbaccelerator.com/blog/fire-pit-maintenance-short-term-rental/,2026-10-06T21:09:00Z,False,unknown,unknown,unknown,unknown,,not probed,not probed,True,False,not probed,https://www.bnbaccelerator.com/blog/fire-pit-maintenance-short-term-rental/,not probed,True,2,operations,not returned,not returned,2026-09-06,2026-10-03,not probed,,Review substantive buyer support; not an exclusion inference
https://www.bnbaccelerator.com/blog/fire-pit-operations-short-term-rental/,2026-10-06T21:09:00Z,False,unknown,unknown,unknown,unknown,,not probed,not probed,True,False,not probed,https://www.bnbaccelerator.com/blog/fire-pit-operations-short-term-rental/,not probed,True,2,operations,not returned,not returned,2026-09-06,2026-10-03,not probed,,Review substantive buyer support; not an exclusion inference
https://www.bnbaccelerator.com/blog/fire-pit-repair-replace-short-term-rental/,2026-10-06T21:09:00Z,False,unknown,unknown,unknown,unknown,,not probed,not probed,True,False,not probed,https://www.bnbaccelerator.com/blog/fire-pit-repair-replace-short-term-rental/,not probed,True,2,operations,not returned,not returned,2026-09-06,2026-10-03,not probed,,Review substantive buyer support; not an exclusion inference
https://www.bnbaccelerator.com/blog/fire-pit-roi-short-term-rental/,2026-10-06T21:09:00Z,False,unknown,unknown,unknown,unknown,,not probed,not probed,True,False,not probed,https://www.bnbaccelerator.com/blog/fire-pit-roi-short-term-rental/,not probed,True,2,revenue,not returned,not returned,2026-09-06,2026-10-03,not probed,,Review substantive buyer support; not an exclusion inference
https://www.bnbaccelerator.com/blog/firpta-foreign-seller-str-buyer/,2026-10-06T21:09:00Z,False,unknown,unknown,unknown,unknown,,not probed,not probed,True,False,not probed,https://www.bnbaccelerator.com/blog/firpta-foreign-seller-str-buyer/,not probed,True,2,purchase,not returned,not returned,2026-09-06,2026-10-03,not probed,,Review substantive buyer support; not an exclusion inference
https://www.bnbaccelerator.com/blog/first-90-days-airbnb-launch/,2026-10-06T21:09:00Z,False,unknown,unknown,unknown,unknown,,not probed,not probed,True,False,not probed,https://www.bnbaccelerator.com/blog/first-90-days-airbnb-launch/,not probed,True,18,operations,2,0,2026-09-06,2026-10-03,not probed,,Review substantive buyer support; not an exclusion inference
https://www.bnbaccelerator.com/blog/flood-zone-str-underwriting/,2026-10-06T21:09:00Z,False,unknown,unknown,unknown,unknown,,not probed,not probed,True,False,not probed,https://www.bnbaccelerator.com/blog/flood-zone-str-underwriting/,not probed,True,5,revenue,not returned,not returned,2026-09-06,2026-10-03,not probed,,Review substantive buyer support; not an exclusion inference
https://www.bnbaccelerator.com/blog/floodplain-substantial-improvement-str-renovation/,2026-10-06T21:09:00Z,False,unknown,unknown,unknown,unknown,,not probed,not probed,True,False,not probed,https://www.bnbaccelerator.com/blog/floodplain-substantial-improvement-str-renovation/,not probed,True,2,purchase,not returned,not returned,2026-09-06,2026-10-03,not probed,,Review substantive buyer support; not an exclusion inference
https://www.bnbaccelerator.com/blog/florida-preemption-explained/,2026-10-06T21:09:00Z,False,unknown,unknown,unknown,unknown,,not probed,not probed,True,False,not probed,https://www.bnbaccelerator.com/blog/florida-preemption-explained/,not probed,True,3,rules,not returned,not returned,2026-09-06,2026-10-03,not probed,,Review substantive buyer support; not an exclusion inference
https://www.bnbaccelerator.com/blog/florida-str-investing/,2026-10-06T21:09:00Z,False,unknown,unknown,unknown,unknown,,not probed,not probed,True,False,not probed,https://www.bnbaccelerator.com/blog/florida-str-investing/,not probed,True,15,market,1,0,2026-09-06,2026-10-03,not probed,,Review substantive buyer support; not an exclusion inference
https://www.bnbaccelerator.com/blog/foreign-national-buy-us-short-term-rental/,2026-10-06T21:09:00Z,False,unknown,unknown,unknown,unknown,,not probed,not probed,True,False,not probed,https://www.bnbaccelerator.com/blog/foreign-national-buy-us-short-term-rental/,not probed,True,3,finance,not returned,not returned,2026-09-06,2026-10-03,not probed,,Review substantive buyer support; not an exclusion inference
https://www.bnbaccelerator.com/blog/form-4562-cost-seg-str-purchase/,2026-10-06T21:09:00Z,False,unknown,unknown,unknown,unknown,,not probed,not probed,True,False,not probed,https://www.bnbaccelerator.com/blog/form-4562-cost-seg-str-purchase/,not probed,True,5,tax,not returned,not returned,2026-09-06,2026-10-03,not probed,,Review substantive buyer support; not an exclusion inference
https://www.bnbaccelerator.com/blog/fort-walton-beach-airbnb-investing/,2026-10-06T21:09:00Z,False,unknown,unknown,unknown,unknown,,not probed,not probed,True,False,not probed,https://www.bnbaccelerator.com/blog/fort-walton-beach-airbnb-investing/,not probed,True,4,market,not returned,not returned,2026-09-06,2026-10-03,not probed,,Review substantive buyer support; not an exclusion inference
https://www.bnbaccelerator.com/blog/fort-walton-beach-value-thesis/,2026-10-06T21:09:00Z,False,unknown,unknown,unknown,unknown,,not probed,not probed,True,False,not probed,https://www.bnbaccelerator.com/blog/fort-walton-beach-value-thesis/,not probed,True,13,market,not returned,not returned,2026-09-06,2026-10-03,not probed,,Review substantive buyer support; not an exclusion inference
https://www.bnbaccelerator.com/blog/furnished-vs-unfurnished-rental/,2026-10-06T21:09:00Z,False,unknown,unknown,unknown,unknown,,not probed,not probed,True,False,not probed,https://www.bnbaccelerator.com/blog/furnished-vs-unfurnished-rental/,not probed,True,3,service,not returned,not returned,2026-09-06,2026-10-03,not probed,,Review substantive buyer support; not an exclusion inference
https://www.bnbaccelerator.com/blog/furnishing-budget-by-bedroom-count/,2026-10-06T21:09:00Z,False,unknown,unknown,unknown,unknown,,not probed,not probed,True,False,not probed,https://www.bnbaccelerator.com/blog/furnishing-budget-by-bedroom-count/,not probed,True,6,operations,not returned,not returned,2026-09-06,2026-10-03,not probed,,Review substantive buyer support; not an exclusion inference
https://www.bnbaccelerator.com/blog/furnishing-costs-and-depreciation/,2026-10-06T21:09:00Z,False,unknown,unknown,unknown,unknown,,not probed,not probed,True,False,not probed,https://www.bnbaccelerator.com/blog/furnishing-costs-and-depreciation/,not probed,True,4,tax,not returned,not returned,2026-09-06,2026-10-03,not probed,,Review substantive buyer support; not an exclusion inference
https://www.bnbaccelerator.com/blog/furnishing-during-escrow/,2026-10-06T21:09:00Z,False,unknown,unknown,unknown,unknown,,not probed,not probed,True,False,not probed,https://www.bnbaccelerator.com/blog/furnishing-during-escrow/,not probed,True,4,contract,not returned,not returned,2026-09-06,2026-10-03,not probed,,Review substantive buyer support; not an exclusion inference
https://www.bnbaccelerator.com/blog/furnishings-budget-short-term-rental/,2026-10-06T21:09:00Z,False,unknown,unknown,unknown,unknown,,not probed,not probed,True,False,not probed,https://www.bnbaccelerator.com/blog/furnishings-budget-short-term-rental/,not probed,True,2,finance,not returned,not returned,2026-09-06,2026-10-03,not probed,,Review substantive buyer support; not an exclusion inference
https://www.bnbaccelerator.com/blog/furnishings-buying-short-term-rental/,2026-10-06T21:09:00Z,False,unknown,unknown,unknown,unknown,,not probed,not probed,True,False,not probed,https://www.bnbaccelerator.com/blog/furnishings-buying-short-term-rental/,not probed,True,2,operations,not returned,not returned,2026-09-06,2026-10-03,not probed,,Review substantive buyer support; not an exclusion inference
https://www.bnbaccelerator.com/blog/furnishings-design-short-term-rental/,2026-10-06T21:09:00Z,False,unknown,unknown,unknown,unknown,,not probed,not probed,True,False,not probed,https://www.bnbaccelerator.com/blog/furnishings-design-short-term-rental/,not probed,True,2,operations,not returned,not returned,2026-09-06,2026-10-03,not probed,,Review substantive buyer support; not an exclusion inference
https://www.bnbaccelerator.com/blog/furnishings-inspection-short-term-rental/,2026-10-06T21:09:00Z,False,unknown,unknown,unknown,unknown,,not probed,not probed,True,False,not probed,https://www.bnbaccelerator.com/blog/furnishings-inspection-short-term-rental/,not probed,True,2,operations,not returned,not returned,2026-09-06,2026-10-03,not probed,,Review substantive buyer support; not an exclusion inference
https://www.bnbaccelerator.com/blog/furnishings-insurance-short-term-rental/,2026-10-06T21:09:00Z,False,unknown,unknown,unknown,unknown,,not probed,not probed,True,False,not probed,https://www.bnbaccelerator.com/blog/furnishings-insurance-short-term-rental/,not probed,True,2,operations,not returned,not returned,2026-09-06,2026-10-03,not probed,,Review substantive buyer support; not an exclusion inference
https://www.bnbaccelerator.com/blog/furnishings-maintenance-short-term-rental/,2026-10-06T21:09:00Z,False,unknown,unknown,unknown,unknown,,not probed,not probed,True,False,not probed,https://www.bnbaccelerator.com/blog/furnishings-maintenance-short-term-rental/,not probed,True,2,operations,not returned,not returned,2026-09-06,2026-10-03,not probed,,Review substantive buyer support; not an exclusion inference
https://www.bnbaccelerator.com/blog/furnishings-operations-short-term-rental/,2026-10-06T21:09:00Z,False,unknown,unknown,unknown,unknown,,not probed,not probed,True,False,not probed,https://www.bnbaccelerator.com/blog/furnishings-operations-short-term-rental/,not probed,True,2,operations,not returned,not returned,2026-09-06,2026-10-03,not probed,,Review substantive buyer support; not an exclusion inference
https://www.bnbaccelerator.com/blog/furnishings-repair-replace-short-term-rental/,2026-10-06T21:09:00Z,False,unknown,unknown,unknown,unknown,,not probed,not probed,True,False,not probed,https://www.bnbaccelerator.com/blog/furnishings-repair-replace-short-term-rental/,not probed,True,2,operations,not returned,not returned,2026-09-06,2026-10-03,not probed,,Review substantive buyer support; not an exclusion inference
https://www.bnbaccelerator.com/blog/furnishings-roi-short-term-rental/,2026-10-06T21:09:00Z,False,unknown,unknown,unknown,unknown,,not probed,not probed,True,False,not probed,https://www.bnbaccelerator.com/blog/furnishings-roi-short-term-rental/,not probed,True,2,revenue,not returned,not returned,2026-09-06,2026-10-03,not probed,,Review substantive buyer support; not an exclusion inference
https://www.bnbaccelerator.com/blog/furniture-replacement-cycle-str/,2026-10-06T21:09:00Z,False,unknown,unknown,unknown,unknown,,not probed,not probed,True,False,not probed,https://www.bnbaccelerator.com/blog/furniture-replacement-cycle-str/,not probed,True,2,revenue,not returned,not returned,2026-09-06,2026-10-03,not probed,,Review substantive buyer support; not an exclusion inference
https://www.bnbaccelerator.com/blog/future-booking-calendar-value/,2026-10-06T23:10:53Z,False,NEUTRAL,INDEXING_STATE_UNSPECIFIED,URL is unknown to Google,not reported,,200,https://www.bnbaccelerator.com/blog/future-booking-calendar-value/,True,False,False,https://www.bnbaccelerator.com/blog/future-booking-calendar-value/,https://www.bnbaccelerator.com/blog/future-booking-calendar-value/,True,4,revenue,not returned,not returned,2026-09-06,2026-10-03,True,,Substantive refresh live and IndexNow accepted; unknown to Google is not a diagnosed barrier
https://www.bnbaccelerator.com/blog/future-reservations-at-closing/,2026-10-06T21:09:00Z,True,PASS,INDEXING_ALLOWED,Submitted and indexed,2026-09-26T17:04:05Z,,200,https://www.bnbaccelerator.com/blog/future-reservations-at-closing/,True,False,False,https://www.bnbaccelerator.com/blog/future-reservations-at-closing/,https://www.bnbaccelerator.com/blog/future-reservations-at-closing/,True,13,contract,3,0,2026-09-06,2026-10-03,True,,Preserve confirmed indexed page; improve buyer usefulness as needed
https://www.bnbaccelerator.com/blog/game-room-budget-short-term-rental/,2026-10-06T21:09:00Z,False,unknown,unknown,unknown,unknown,,not probed,not probed,True,False,not probed,https://www.bnbaccelerator.com/blog/game-room-budget-short-term-rental/,not probed,True,2,finance,not returned,not returned,2026-09-06,2026-10-03,not probed,,Review substantive buyer support; not an exclusion inference
https://www.bnbaccelerator.com/blog/game-room-buying-short-term-rental/,2026-10-06T21:09:00Z,False,unknown,unknown,unknown,unknown,,not probed,not probed,True,False,not probed,https://www.bnbaccelerator.com/blog/game-room-buying-short-term-rental/,not probed,True,2,purchase,not returned,not returned,2026-09-06,2026-10-03,not probed,,Review substantive buyer support; not an exclusion inference
https://www.bnbaccelerator.com/blog/game-room-design-short-term-rental/,2026-10-06T21:09:00Z,False,unknown,unknown,unknown,unknown,,not probed,not probed,True,False,not probed,https://www.bnbaccelerator.com/blog/game-room-design-short-term-rental/,not probed,True,2,operations,not returned,not returned,2026-09-06,2026-10-03,not probed,,Review substantive buyer support; not an exclusion inference
https://www.bnbaccelerator.com/blog/game-room-inspection-short-term-rental/,2026-10-06T21:09:00Z,False,unknown,unknown,unknown,unknown,,not probed,not probed,True,False,not probed,https://www.bnbaccelerator.com/blog/game-room-inspection-short-term-rental/,not probed,True,2,purchase,not returned,not returned,2026-09-06,2026-10-03,not probed,,Review substantive buyer support; not an exclusion inference
https://www.bnbaccelerator.com/blog/game-room-insurance-short-term-rental/,2026-10-06T21:09:00Z,False,unknown,unknown,unknown,unknown,,not probed,not probed,True,False,not probed,https://www.bnbaccelerator.com/blog/game-room-insurance-short-term-rental/,not probed,True,2,operations,not returned,not returned,2026-09-06,2026-10-03,not probed,,Review substantive buyer support; not an exclusion inference
https://www.bnbaccelerator.com/blog/game-room-maintenance-short-term-rental/,2026-10-06T21:09:00Z,False,unknown,unknown,unknown,unknown,,not probed,not probed,True,False,not probed,https://www.bnbaccelerator.com/blog/game-room-maintenance-short-term-rental/,not probed,True,2,operations,not returned,not returned,2026-09-06,2026-10-03,not probed,,Review substantive buyer support; not an exclusion inference
https://www.bnbaccelerator.com/blog/game-room-operations-short-term-rental/,2026-10-06T21:09:00Z,False,unknown,unknown,unknown,unknown,,not probed,not probed,True,False,not probed,https://www.bnbaccelerator.com/blog/game-room-operations-short-term-rental/,not probed,True,2,operations,not returned,not returned,2026-09-06,2026-10-03,not probed,,Review substantive buyer support; not an exclusion inference
https://www.bnbaccelerator.com/blog/game-room-repair-replace-short-term-rental/,2026-10-06T21:09:00Z,False,unknown,unknown,unknown,unknown,,not probed,not probed,True,False,not probed,https://www.bnbaccelerator.com/blog/game-room-repair-replace-short-term-rental/,not probed,True,2,operations,not returned,not returned,2026-09-06,2026-10-03,not probed,,Review substantive buyer support; not an exclusion inference
https://www.bnbaccelerator.com/blog/game-room-roi-short-term-rental/,2026-10-06T21:09:00Z,False,unknown,unknown,unknown,unknown,,not probed,not probed,True,False,not probed,https://www.bnbaccelerator.com/blog/game-room-roi-short-term-rental/,not probed,True,2,revenue,not returned,not returned,2026-09-06,2026-10-03,not probed,,Review substantive buyer support; not an exclusion inference
https://www.bnbaccelerator.com/blog/gap-night-rule-str/,2026-10-06T21:09:00Z,False,unknown,unknown,unknown,unknown,,not probed,not probed,True,False,not probed,https://www.bnbaccelerator.com/blog/gap-night-rule-str/,not probed,True,2,revenue,not returned,not returned,2026-09-06,2026-10-03,not probed,,Review substantive buyer support; not an exclusion inference
https://www.bnbaccelerator.com/blog/generator-budget-short-term-rental/,2026-10-06T21:09:00Z,False,unknown,unknown,unknown,unknown,,not probed,not probed,True,False,not probed,https://www.bnbaccelerator.com/blog/generator-budget-short-term-rental/,not probed,True,2,finance,not returned,not returned,2026-09-06,2026-10-03,not probed,,Review substantive buyer support; not an exclusion inference
https://www.bnbaccelerator.com/blog/generator-buying-short-term-rental/,2026-10-06T21:09:00Z,False,unknown,unknown,unknown,unknown,,not probed,not probed,True,False,not probed,https://www.bnbaccelerator.com/blog/generator-buying-short-term-rental/,not probed,True,2,purchase,not returned,not returned,2026-09-06,2026-10-03,not probed,,Review substantive buyer support; not an exclusion inference
https://www.bnbaccelerator.com/blog/generator-design-short-term-rental/,2026-10-06T21:09:00Z,False,unknown,unknown,unknown,unknown,,not probed,not probed,True,False,not probed,https://www.bnbaccelerator.com/blog/generator-design-short-term-rental/,not probed,True,2,operations,not returned,not returned,2026-09-06,2026-10-03,not probed,,Review substantive buyer support; not an exclusion inference
https://www.bnbaccelerator.com/blog/generator-inspection-short-term-rental/,2026-10-06T21:09:00Z,False,unknown,unknown,unknown,unknown,,not probed,not probed,True,False,not probed,https://www.bnbaccelerator.com/blog/generator-inspection-short-term-rental/,not probed,True,2,purchase,not returned,not returned,2026-09-06,2026-10-03,not probed,,Review substantive buyer support; not an exclusion inference
https://www.bnbaccelerator.com/blog/generator-insurance-short-term-rental/,2026-10-06T21:09:00Z,False,unknown,unknown,unknown,unknown,,not probed,not probed,True,False,not probed,https://www.bnbaccelerator.com/blog/generator-insurance-short-term-rental/,not probed,True,2,operations,not returned,not returned,2026-09-06,2026-10-03,not probed,,Review substantive buyer support; not an exclusion inference
https://www.bnbaccelerator.com/blog/generator-maintenance-short-term-rental/,2026-10-06T21:09:00Z,False,unknown,unknown,unknown,unknown,,not probed,not probed,True,False,not probed,https://www.bnbaccelerator.com/blog/generator-maintenance-short-term-rental/,not probed,True,2,operations,not returned,not returned,2026-09-06,2026-10-03,not probed,,Review substantive buyer support; not an exclusion inference
https://www.bnbaccelerator.com/blog/generator-operations-short-term-rental/,2026-10-06T21:09:00Z,False,unknown,unknown,unknown,unknown,,not probed,not probed,True,False,not probed,https://www.bnbaccelerator.com/blog/generator-operations-short-term-rental/,not probed,True,2,operations,not returned,not returned,2026-09-06,2026-10-03,not probed,,Review substantive buyer support; not an exclusion inference
https://www.bnbaccelerator.com/blog/generator-repair-replace-short-term-rental/,2026-10-06T21:09:00Z,False,unknown,unknown,unknown,unknown,,not probed,not probed,True,False,not probed,https://www.bnbaccelerator.com/blog/generator-repair-replace-short-term-rental/,not probed,True,2,operations,not returned,not returned,2026-09-06,2026-10-03,not probed,,Review substantive buyer support; not an exclusion inference
https://www.bnbaccelerator.com/blog/generator-roi-short-term-rental/,2026-10-06T21:09:00Z,False,unknown,unknown,unknown,unknown,,not probed,not probed,True,False,not probed,https://www.bnbaccelerator.com/blog/generator-roi-short-term-rental/,not probed,True,2,revenue,not returned,not returned,2026-09-06,2026-10-03,not probed,,Review substantive buyer support; not an exclusion inference
https://www.bnbaccelerator.com/blog/gift-funds-str-down-payment/,2026-10-07T00:29:37.059754+00:00,True,NEUTRAL,INDEXING_STATE_UNSPECIFIED,URL is unknown to Google,not reported,,200,https://www.bnbaccelerator.com/blog/gift-funds-str-down-payment/,True,False,False,https://www.bnbaccelerator.com/blog/gift-funds-str-down-payment/,https://www.bnbaccelerator.com/blog/gift-funds-str-down-payment/,True,5,finance,not returned,not returned,2026-09-06,2026-10-03,True,,Live eligibility passed; returned discovery state is not a diagnosed technical cause; review substantive purchase support then measure after settled interval
https://www.bnbaccelerator.com/blog/gilbert-chandler-airbnb-investing/,2026-10-06T21:09:00Z,False,unknown,unknown,unknown,unknown,,not probed,not probed,True,False,not probed,https://www.bnbaccelerator.com/blog/gilbert-chandler-airbnb-investing/,not probed,True,5,market,19,0,2026-09-06,2026-10-03,not probed,,Review substantive buyer support; not an exclusion inference
https://www.bnbaccelerator.com/blog/grill-budget-short-term-rental/,2026-10-06T21:09:00Z,False,unknown,unknown,unknown,unknown,,not probed,not probed,True,False,not probed,https://www.bnbaccelerator.com/blog/grill-budget-short-term-rental/,not probed,True,2,finance,not returned,not returned,2026-09-06,2026-10-03,not probed,,Review substantive buyer support; not an exclusion inference
https://www.bnbaccelerator.com/blog/grill-buying-short-term-rental/,2026-10-06T21:09:00Z,False,unknown,unknown,unknown,unknown,,not probed,not probed,True,False,not probed,https://www.bnbaccelerator.com/blog/grill-buying-short-term-rental/,not probed,True,2,purchase,not returned,not returned,2026-09-06,2026-10-03,not probed,,Review substantive buyer support; not an exclusion inference
https://www.bnbaccelerator.com/blog/grill-design-short-term-rental/,2026-10-06T21:09:00Z,False,unknown,unknown,unknown,unknown,,not probed,not probed,True,False,not probed,https://www.bnbaccelerator.com/blog/grill-design-short-term-rental/,not probed,True,2,operations,not returned,not returned,2026-09-06,2026-10-03,not probed,,Review substantive buyer support; not an exclusion inference
https://www.bnbaccelerator.com/blog/grill-inspection-short-term-rental/,2026-10-06T21:09:00Z,False,unknown,unknown,unknown,unknown,,not probed,not probed,True,False,not probed,https://www.bnbaccelerator.com/blog/grill-inspection-short-term-rental/,not probed,True,2,purchase,not returned,not returned,2026-09-06,2026-10-03,not probed,,Review substantive buyer support; not an exclusion inference
https://www.bnbaccelerator.com/blog/grill-insurance-short-term-rental/,2026-10-06T21:09:00Z,False,unknown,unknown,unknown,unknown,,not probed,not probed,True,False,not probed,https://www.bnbaccelerator.com/blog/grill-insurance-short-term-rental/,not probed,True,2,operations,not returned,not returned,2026-09-06,2026-10-03,not probed,,Review substantive buyer support; not an exclusion inference
https://www.bnbaccelerator.com/blog/grill-maintenance-short-term-rental/,2026-10-06T21:09:00Z,False,unknown,unknown,unknown,unknown,,not probed,not probed,True,False,not probed,https://www.bnbaccelerator.com/blog/grill-maintenance-short-term-rental/,not probed,True,2,operations,not returned,not returned,2026-09-06,2026-10-03,not probed,,Review substantive buyer support; not an exclusion inference
https://www.bnbaccelerator.com/blog/grill-operations-short-term-rental/,2026-10-06T21:09:00Z,False,unknown,unknown,unknown,unknown,,not probed,not probed,True,False,not probed,https://www.bnbaccelerator.com/blog/grill-operations-short-term-rental/,not probed,True,2,operations,not returned,not returned,2026-09-06,2026-10-03,not probed,,Review substantive buyer support; not an exclusion inference
https://www.bnbaccelerator.com/blog/grill-repair-replace-short-term-rental/,2026-10-06T21:09:00Z,False,unknown,unknown,unknown,unknown,,not probed,not probed,True,False,not probed,https://www.bnbaccelerator.com/blog/grill-repair-replace-short-term-rental/,not probed,True,2,operations,not returned,not returned,2026-09-06,2026-10-03,not probed,,Review substantive buyer support; not an exclusion inference
https://www.bnbaccelerator.com/blog/grill-roi-short-term-rental/,2026-10-06T21:09:00Z,False,unknown,unknown,unknown,unknown,,not probed,not probed,True,False,not probed,https://www.bnbaccelerator.com/blog/grill-roi-short-term-rental/,not probed,True,2,revenue,not returned,not returned,2026-09-06,2026-10-03,not probed,,Review substantive buyer support; not an exclusion inference
https://www.bnbaccelerator.com/blog/ground-lease-before-buying-short-term-rental/,2026-10-06T21:09:00Z,False,unknown,unknown,unknown,unknown,,not probed,not probed,True,False,not probed,https://www.bnbaccelerator.com/blog/ground-lease-before-buying-short-term-rental/,not probed,True,2,purchase,not returned,not returned,2026-09-06,2026-10-03,not probed,,Review substantive buyer support; not an exclusion inference
https://www.bnbaccelerator.com/blog/guest-communication-templates/,2026-10-06T21:09:00Z,False,unknown,unknown,unknown,unknown,,not probed,not probed,True,False,not probed,https://www.bnbaccelerator.com/blog/guest-communication-templates/,not probed,True,7,operations,not returned,not returned,2026-09-06,2026-10-03,not probed,,Review substantive buyer support; not an exclusion inference
https://www.bnbaccelerator.com/blog/guest-screening-without-losing-bookings/,2026-10-06T21:09:00Z,False,unknown,unknown,unknown,unknown,,not probed,not probed,True,False,not probed,https://www.bnbaccelerator.com/blog/guest-screening-without-losing-bookings/,not probed,True,3,operations,not returned,not returned,2026-09-06,2026-10-03,not probed,,Review substantive buyer support; not an exclusion inference
https://www.bnbaccelerator.com/blog/gulf-shores-orange-beach-str-market/,2026-10-06T21:09:00Z,False,unknown,unknown,unknown,unknown,,not probed,not probed,True,False,not probed,https://www.bnbaccelerator.com/blog/gulf-shores-orange-beach-str-market/,not probed,True,6,market,not returned,not returned,2026-09-06,2026-10-03,not probed,,Review substantive buyer support; not an exclusion inference
https://www.bnbaccelerator.com/blog/handling-a-damage-claim/,2026-10-06T21:09:00Z,False,unknown,unknown,unknown,unknown,,not probed,not probed,True,False,not probed,https://www.bnbaccelerator.com/blog/handling-a-damage-claim/,not probed,True,4,operations,not returned,not returned,2026-09-06,2026-10-03,not probed,,Review substantive buyer support; not an exclusion inference
https://www.bnbaccelerator.com/blog/handling-a-problem-mid-stay/,2026-10-06T21:09:00Z,False,unknown,unknown,unknown,unknown,,not probed,not probed,True,False,not probed,https://www.bnbaccelerator.com/blog/handling-a-problem-mid-stay/,not probed,True,3,operations,not returned,not returned,2026-09-06,2026-10-03,not probed,,Review substantive buyer support; not an exclusion inference
https://www.bnbaccelerator.com/blog/heloc-vs-cash-out-refi-for-str/,2026-10-07T00:29:43.639958+00:00,True,NEUTRAL,INDEXING_STATE_UNSPECIFIED,URL is unknown to Google,not reported,,200,https://www.bnbaccelerator.com/blog/heloc-vs-cash-out-refi-for-str/,True,False,False,https://www.bnbaccelerator.com/blog/heloc-vs-cash-out-refi-for-str/,https://www.bnbaccelerator.com/blog/heloc-vs-cash-out-refi-for-str/,True,6,finance,not returned,not returned,2026-09-06,2026-10-03,True,,Live eligibility passed; returned discovery state is not a diagnosed technical cause; review substantive purchase support then measure after settled interval
https://www.bnbaccelerator.com/blog/historic-district-renovation-before-buying-str/,2026-10-06T21:09:00Z,False,unknown,unknown,unknown,unknown,,not probed,not probed,True,False,not probed,https://www.bnbaccelerator.com/blog/historic-district-renovation-before-buying-str/,not probed,True,2,purchase,not returned,not returned,2026-09-06,2026-10-03,not probed,,Review substantive buyer support; not an exclusion inference
https://www.bnbaccelerator.com/blog/hoa-rental-cap-before-buying-str/,2026-10-06T21:09:00Z,False,unknown,unknown,unknown,unknown,,not probed,not probed,True,False,not probed,https://www.bnbaccelerator.com/blog/hoa-rental-cap-before-buying-str/,not probed,True,2,rules,not returned,not returned,2026-09-06,2026-10-03,not probed,,Review substantive buyer support; not an exclusion inference
https://www.bnbaccelerator.com/blog/hochatown-oklahoma-str-market/,2026-10-06T21:09:00Z,False,unknown,unknown,unknown,unknown,,not probed,not probed,True,False,not probed,https://www.bnbaccelerator.com/blog/hochatown-oklahoma-str-market/,not probed,True,8,market,not returned,not returned,2026-09-06,2026-10-03,not probed,,Review substantive buyer support; not an exclusion inference
https://www.bnbaccelerator.com/blog/hocking-hills-ohio-str-market/,2026-10-06T21:09:00Z,False,unknown,unknown,unknown,unknown,,not probed,not probed,True,False,not probed,https://www.bnbaccelerator.com/blog/hocking-hills-ohio-str-market/,not probed,True,3,market,not returned,not returned,2026-09-06,2026-10-03,not probed,,Review substantive buyer support; not an exclusion inference
https://www.bnbaccelerator.com/blog/home-equity-investment-str-down-payment/,2026-10-06T21:09:00Z,False,unknown,unknown,unknown,unknown,,not probed,not probed,True,False,not probed,https://www.bnbaccelerator.com/blog/home-equity-investment-str-down-payment/,not probed,True,2,finance,not returned,not returned,2026-09-06,2026-10-03,not probed,,Review substantive buyer support; not an exclusion inference
https://www.bnbaccelerator.com/blog/home-theater-budget-short-term-rental/,2026-10-06T21:09:00Z,False,unknown,unknown,unknown,unknown,,not probed,not probed,True,False,not probed,https://www.bnbaccelerator.com/blog/home-theater-budget-short-term-rental/,not probed,True,2,finance,not returned,not returned,2026-09-06,2026-10-03,not probed,,Review substantive buyer support; not an exclusion inference
https://www.bnbaccelerator.com/blog/home-theater-buying-short-term-rental/,2026-10-06T21:09:00Z,False,unknown,unknown,unknown,unknown,,not probed,not probed,True,False,not probed,https://www.bnbaccelerator.com/blog/home-theater-buying-short-term-rental/,not probed,True,2,purchase,not returned,not returned,2026-09-06,2026-10-03,not probed,,Review substantive buyer support; not an exclusion inference
https://www.bnbaccelerator.com/blog/home-theater-design-short-term-rental/,2026-10-06T21:09:00Z,False,unknown,unknown,unknown,unknown,,not probed,not probed,True,False,not probed,https://www.bnbaccelerator.com/blog/home-theater-design-short-term-rental/,not probed,True,2,operations,not returned,not returned,2026-09-06,2026-10-03,not probed,,Review substantive buyer support; not an exclusion inference
https://www.bnbaccelerator.com/blog/home-theater-inspection-short-term-rental/,2026-10-06T21:09:00Z,False,unknown,unknown,unknown,unknown,,not probed,not probed,True,False,not probed,https://www.bnbaccelerator.com/blog/home-theater-inspection-short-term-rental/,not probed,True,2,purchase,not returned,not returned,2026-09-06,2026-10-03,not probed,,Review substantive buyer support; not an exclusion inference
https://www.bnbaccelerator.com/blog/home-theater-insurance-short-term-rental/,2026-10-06T21:09:00Z,False,unknown,unknown,unknown,unknown,,not probed,not probed,True,False,not probed,https://www.bnbaccelerator.com/blog/home-theater-insurance-short-term-rental/,not probed,True,2,operations,not returned,not returned,2026-09-06,2026-10-03,not probed,,Review substantive buyer support; not an exclusion inference
https://www.bnbaccelerator.com/blog/home-theater-maintenance-short-term-rental/,2026-10-06T21:09:00Z,False,unknown,unknown,unknown,unknown,,not probed,not probed,True,False,not probed,https://www.bnbaccelerator.com/blog/home-theater-maintenance-short-term-rental/,not probed,True,2,operations,not returned,not returned,2026-09-06,2026-10-03,not probed,,Review substantive buyer support; not an exclusion inference
https://www.bnbaccelerator.com/blog/home-theater-operations-short-term-rental/,2026-10-06T21:09:00Z,False,unknown,unknown,unknown,unknown,,not probed,not probed,True,False,not probed,https://www.bnbaccelerator.com/blog/home-theater-operations-short-term-rental/,not probed,True,2,operations,not returned,not returned,2026-09-06,2026-10-03,not probed,,Review substantive buyer support; not an exclusion inference
https://www.bnbaccelerator.com/blog/home-theater-repair-replace-short-term-rental/,2026-10-06T21:09:00Z,False,unknown,unknown,unknown,unknown,,not probed,not probed,True,False,not probed,https://www.bnbaccelerator.com/blog/home-theater-repair-replace-short-term-rental/,not probed,True,2,operations,not returned,not returned,2026-09-06,2026-10-03,not probed,,Review substantive buyer support; not an exclusion inference
https://www.bnbaccelerator.com/blog/home-theater-roi-short-term-rental/,2026-10-06T21:09:00Z,False,unknown,unknown,unknown,unknown,,not probed,not probed,True,False,not probed,https://www.bnbaccelerator.com/blog/home-theater-roi-short-term-rental/,not probed,True,2,revenue,not returned,not returned,2026-09-06,2026-10-03,not probed,,Review substantive buyer support; not an exclusion inference
https://www.bnbaccelerator.com/blog/hot-tub-budget-short-term-rental/,2026-10-06T21:09:00Z,False,unknown,unknown,unknown,unknown,,not probed,not probed,True,False,not probed,https://www.bnbaccelerator.com/blog/hot-tub-budget-short-term-rental/,not probed,True,2,finance,not returned,not returned,2026-09-06,2026-10-03,not probed,,Review substantive buyer support; not an exclusion inference
https://www.bnbaccelerator.com/blog/hot-tub-buying-short-term-rental/,2026-10-06T21:09:00Z,False,unknown,unknown,unknown,unknown,,not probed,not probed,True,False,not probed,https://www.bnbaccelerator.com/blog/hot-tub-buying-short-term-rental/,not probed,True,2,purchase,not returned,not returned,2026-09-06,2026-10-03,not probed,,Review substantive buyer support; not an exclusion inference
https://www.bnbaccelerator.com/blog/hot-tub-design-short-term-rental/,2026-10-06T21:09:00Z,False,unknown,unknown,unknown,unknown,,not probed,not probed,True,False,not probed,https://www.bnbaccelerator.com/blog/hot-tub-design-short-term-rental/,not probed,True,2,operations,not returned,not returned,2026-09-06,2026-10-03,not probed,,Review substantive buyer support; not an exclusion inference
https://www.bnbaccelerator.com/blog/hot-tub-inspection-short-term-rental/,2026-10-06T21:09:00Z,False,unknown,unknown,unknown,unknown,,not probed,not probed,True,False,not probed,https://www.bnbaccelerator.com/blog/hot-tub-inspection-short-term-rental/,not probed,True,2,purchase,not returned,not returned,2026-09-06,2026-10-03,not probed,,Review substantive buyer support; not an exclusion inference
https://www.bnbaccelerator.com/blog/hot-tub-insurance-short-term-rental/,2026-10-06T21:09:00Z,False,unknown,unknown,unknown,unknown,,not probed,not probed,True,False,not probed,https://www.bnbaccelerator.com/blog/hot-tub-insurance-short-term-rental/,not probed,True,2,operations,not returned,not returned,2026-09-06,2026-10-03,not probed,,Review substantive buyer support; not an exclusion inference
https://www.bnbaccelerator.com/blog/hot-tub-maintenance-short-term-rental/,2026-10-06T21:09:00Z,False,unknown,unknown,unknown,unknown,,not probed,not probed,True,False,not probed,https://www.bnbaccelerator.com/blog/hot-tub-maintenance-short-term-rental/,not probed,True,2,operations,not returned,not returned,2026-09-06,2026-10-03,not probed,,Review substantive buyer support; not an exclusion inference
https://www.bnbaccelerator.com/blog/hot-tub-operations-short-term-rental/,2026-10-06T21:09:00Z,False,unknown,unknown,unknown,unknown,,not probed,not probed,True,False,not probed,https://www.bnbaccelerator.com/blog/hot-tub-operations-short-term-rental/,not probed,True,2,operations,not returned,not returned,2026-09-06,2026-10-03,not probed,,Review substantive buyer support; not an exclusion inference
https://www.bnbaccelerator.com/blog/hot-tub-repair-replace-short-term-rental/,2026-10-06T21:09:00Z,False,unknown,unknown,unknown,unknown,,not probed,not probed,True,False,not probed,https://www.bnbaccelerator.com/blog/hot-tub-repair-replace-short-term-rental/,not probed,True,2,operations,not returned,not returned,2026-09-06,2026-10-03,not probed,,Review substantive buyer support; not an exclusion inference
https://www.bnbaccelerator.com/blog/hot-tub-replacement-reserve/,2026-10-06T21:09:00Z,False,unknown,unknown,unknown,unknown,,not probed,not probed,True,False,not probed,https://www.bnbaccelerator.com/blog/hot-tub-replacement-reserve/,not probed,True,2,revenue,not returned,not returned,2026-09-06,2026-10-03,not probed,,Review substantive buyer support; not an exclusion inference
https://www.bnbaccelerator.com/blog/hot-tub-roi-short-term-rental/,2026-10-06T21:09:00Z,False,unknown,unknown,unknown,unknown,,not probed,not probed,True,False,not probed,https://www.bnbaccelerator.com/blog/hot-tub-roi-short-term-rental/,not probed,True,2,revenue,not returned,not returned,2026-09-06,2026-10-03,not probed,,Review substantive buyer support; not an exclusion inference
https://www.bnbaccelerator.com/blog/how-a-done-for-you-model-should-work/,2026-10-06T21:09:00Z,False,unknown,unknown,unknown,unknown,,not probed,not probed,True,False,not probed,https://www.bnbaccelerator.com/blog/how-a-done-for-you-model-should-work/,not probed,True,3,purchase,not returned,not returned,2026-09-06,2026-10-03,not probed,,Review substantive buyer support; not an exclusion inference
https://www.bnbaccelerator.com/blog/how-long-until-airbnb-profitable/,2026-10-06T21:09:00Z,False,unknown,unknown,unknown,unknown,,not probed,not probed,True,False,not probed,https://www.bnbaccelerator.com/blog/how-long-until-airbnb-profitable/,not probed,True,4,purchase,not returned,not returned,2026-09-06,2026-10-03,not probed,,Review substantive buyer support; not an exclusion inference
https://www.bnbaccelerator.com/blog/how-much-do-airbnb-hosts-make/,2026-10-06T21:09:00Z,False,unknown,unknown,unknown,unknown,,not probed,not probed,True,False,not probed,https://www.bnbaccelerator.com/blog/how-much-do-airbnb-hosts-make/,not probed,True,4,purchase,not returned,not returned,2026-09-06,2026-10-03,not probed,,Review substantive buyer support; not an exclusion inference
https://www.bnbaccelerator.com/blog/how-much-money-to-start-airbnb/,2026-10-06T21:09:00Z,True,PASS,INDEXING_ALLOWED,Submitted and indexed,2026-09-24T17:10:39Z,,200,https://www.bnbaccelerator.com/blog/how-much-money-to-start-airbnb/,True,False,False,https://www.bnbaccelerator.com/blog/how-much-money-to-start-airbnb/,https://www.bnbaccelerator.com/blog/how-much-money-to-start-airbnb/,True,20,purchase,2,0,2026-09-06,2026-10-03,True,,Preserve confirmed indexed page; improve buyer usefulness as needed
https://www.bnbaccelerator.com/blog/how-much-time-does-this-take/,2026-10-06T21:09:00Z,False,unknown,unknown,unknown,unknown,,not probed,not probed,True,False,not probed,https://www.bnbaccelerator.com/blog/how-much-time-does-this-take/,not probed,True,3,purchase,not returned,not returned,2026-09-06,2026-10-03,not probed,,Review substantive buyer support; not an exclusion inference
https://www.bnbaccelerator.com/blog/how-to-analyze-airbnb-deal/,2026-10-06T21:09:00Z,True,PASS,INDEXING_ALLOWED,Submitted and indexed,2026-09-26T14:38:01Z,,200,https://www.bnbaccelerator.com/blog/how-to-analyze-airbnb-deal/,True,False,False,https://www.bnbaccelerator.com/blog/how-to-analyze-airbnb-deal/,https://www.bnbaccelerator.com/blog/how-to-analyze-airbnb-deal/,True,45,purchase,4,0,2026-09-06,2026-10-03,True,,Preserve confirmed indexed page; improve buyer usefulness as needed
https://www.bnbaccelerator.com/blog/how-to-buy-first-airbnb/,2026-10-06T21:09:00Z,False,unknown,unknown,unknown,unknown,,not probed,not probed,True,False,not probed,https://www.bnbaccelerator.com/blog/how-to-buy-first-airbnb/,not probed,True,14,purchase,1,0,2026-09-06,2026-10-03,not probed,,Review substantive buyer support; not an exclusion inference
https://www.bnbaccelerator.com/blog/how-to-choose-str-market/,2026-10-06T21:09:00Z,False,unknown,unknown,unknown,unknown,,not probed,not probed,True,False,not probed,https://www.bnbaccelerator.com/blog/how-to-choose-str-market/,not probed,True,23,market,1,0,2026-09-06,2026-10-03,not probed,,Review substantive buyer support; not an exclusion inference
https://www.bnbaccelerator.com/blog/how-to-finance-airbnb-investment-property/,2026-10-06T21:09:00Z,True,PASS,INDEXING_ALLOWED,Submitted and indexed,2026-09-23T12:53:52Z,,200,https://www.bnbaccelerator.com/blog/how-to-finance-airbnb-investment-property/,True,False,False,https://www.bnbaccelerator.com/blog/how-to-finance-airbnb-investment-property/,https://www.bnbaccelerator.com/blog/how-to-finance-airbnb-investment-property/,True,8,finance,7,0,2026-09-06,2026-10-03,True,,Preserve confirmed indexed page; improve buyer usefulness as needed
https://www.bnbaccelerator.com/blog/how-to-find-str-properties-for-sale/,2026-10-06T21:09:00Z,True,PASS,INDEXING_ALLOWED,Submitted and indexed,2026-09-26T17:05:59Z,,200,https://www.bnbaccelerator.com/blog/how-to-find-str-properties-for-sale/,True,False,False,https://www.bnbaccelerator.com/blog/how-to-find-str-properties-for-sale/,https://www.bnbaccelerator.com/blog/how-to-find-str-properties-for-sale/,True,244,purchase,2,0,2026-09-06,2026-10-03,True,,Preserve confirmed indexed page; improve buyer usefulness as needed
https://www.bnbaccelerator.com/blog/how-to-furnish-an-airbnb/,2026-10-06T21:09:00Z,False,unknown,unknown,unknown,unknown,,not probed,not probed,True,False,not probed,https://www.bnbaccelerator.com/blog/how-to-furnish-an-airbnb/,not probed,True,19,operations,1,0,2026-09-06,2026-10-03,not probed,,Review substantive buyer support; not an exclusion inference
https://www.bnbaccelerator.com/blog/how-to-get-5-star-reviews/,2026-10-06T21:09:00Z,False,unknown,unknown,unknown,unknown,,not probed,not probed,True,False,not probed,https://www.bnbaccelerator.com/blog/how-to-get-5-star-reviews/,not probed,True,22,service,2,0,2026-09-06,2026-10-03,not probed,,Review substantive buyer support; not an exclusion inference
https://www.bnbaccelerator.com/blog/how-to-start-airbnb-business/,2026-10-06T21:09:00Z,False,unknown,unknown,unknown,unknown,,not probed,not probed,True,False,not probed,https://www.bnbaccelerator.com/blog/how-to-start-airbnb-business/,not probed,True,10,purchase,not returned,not returned,2026-09-06,2026-10-03,not probed,,Review substantive buyer support; not an exclusion inference
https://www.bnbaccelerator.com/blog/how-we-eliminate-98-percent-of-deals/,2026-10-06T21:09:00Z,False,unknown,unknown,unknown,unknown,,not probed,not probed,True,False,not probed,https://www.bnbaccelerator.com/blog/how-we-eliminate-98-percent-of-deals/,not probed,True,7,market,not returned,not returned,2026-09-06,2026-10-03,not probed,,Review substantive buyer support; not an exclusion inference
https://www.bnbaccelerator.com/blog/hvac-budget-short-term-rental/,2026-10-06T21:09:00Z,False,unknown,unknown,unknown,unknown,,not probed,not probed,True,False,not probed,https://www.bnbaccelerator.com/blog/hvac-budget-short-term-rental/,not probed,True,2,finance,not returned,not returned,2026-09-06,2026-10-03,not probed,,Review substantive buyer support; not an exclusion inference
https://www.bnbaccelerator.com/blog/hvac-buying-short-term-rental/,2026-10-06T21:09:00Z,False,unknown,unknown,unknown,unknown,,not probed,not probed,True,False,not probed,https://www.bnbaccelerator.com/blog/hvac-buying-short-term-rental/,not probed,True,2,purchase,not returned,not returned,2026-09-06,2026-10-03,not probed,,Review substantive buyer support; not an exclusion inference
https://www.bnbaccelerator.com/blog/hvac-design-short-term-rental/,2026-10-06T21:09:00Z,False,unknown,unknown,unknown,unknown,,not probed,not probed,True,False,not probed,https://www.bnbaccelerator.com/blog/hvac-design-short-term-rental/,not probed,True,2,operations,not returned,not returned,2026-09-06,2026-10-03,not probed,,Review substantive buyer support; not an exclusion inference
https://www.bnbaccelerator.com/blog/hvac-inspection-short-term-rental/,2026-10-06T21:09:00Z,False,unknown,unknown,unknown,unknown,,not probed,not probed,True,False,not probed,https://www.bnbaccelerator.com/blog/hvac-inspection-short-term-rental/,not probed,True,2,purchase,not returned,not returned,2026-09-06,2026-10-03,not probed,,Review substantive buyer support; not an exclusion inference
https://www.bnbaccelerator.com/blog/hvac-insurance-short-term-rental/,2026-10-06T21:09:00Z,False,unknown,unknown,unknown,unknown,,not probed,not probed,True,False,not probed,https://www.bnbaccelerator.com/blog/hvac-insurance-short-term-rental/,not probed,True,2,operations,not returned,not returned,2026-09-06,2026-10-03,not probed,,Review substantive buyer support; not an exclusion inference
https://www.bnbaccelerator.com/blog/hvac-maintenance-short-term-rental/,2026-10-06T21:09:00Z,False,unknown,unknown,unknown,unknown,,not probed,not probed,True,False,not probed,https://www.bnbaccelerator.com/blog/hvac-maintenance-short-term-rental/,not probed,True,2,operations,not returned,not returned,2026-09-06,2026-10-03,not probed,,Review substantive buyer support; not an exclusion inference
https://www.bnbaccelerator.com/blog/hvac-operations-short-term-rental/,2026-10-06T21:09:00Z,False,unknown,unknown,unknown,unknown,,not probed,not probed,True,False,not probed,https://www.bnbaccelerator.com/blog/hvac-operations-short-term-rental/,not probed,True,2,operations,not returned,not returned,2026-09-06,2026-10-03,not probed,,Review substantive buyer support; not an exclusion inference
https://www.bnbaccelerator.com/blog/hvac-repair-replace-short-term-rental/,2026-10-06T21:09:00Z,False,unknown,unknown,unknown,unknown,,not probed,not probed,True,False,not probed,https://www.bnbaccelerator.com/blog/hvac-repair-replace-short-term-rental/,not probed,True,2,operations,not returned,not returned,2026-09-06,2026-10-03,not probed,,Review substantive buyer support; not an exclusion inference
https://www.bnbaccelerator.com/blog/hvac-roi-short-term-rental/,2026-10-06T21:09:00Z,False,unknown,unknown,unknown,unknown,,not probed,not probed,True,False,not probed,https://www.bnbaccelerator.com/blog/hvac-roi-short-term-rental/,not probed,True,2,revenue,not returned,not returned,2026-09-06,2026-10-03,not probed,,Review substantive buyer support; not an exclusion inference
https://www.bnbaccelerator.com/blog/ice-dam-risk-before-buying-str/,2026-10-06T21:09:00Z,False,unknown,unknown,unknown,unknown,,not probed,not probed,True,False,not probed,https://www.bnbaccelerator.com/blog/ice-dam-risk-before-buying-str/,not probed,True,2,operations,not returned,not returned,2026-09-06,2026-10-03,not probed,,Review substantive buyer support; not an exclusion inference
https://www.bnbaccelerator.com/blog/inherited-money-buy-short-term-rental/,2026-10-06T21:09:00Z,False,unknown,unknown,unknown,unknown,,not probed,not probed,True,False,not probed,https://www.bnbaccelerator.com/blog/inherited-money-buy-short-term-rental/,not probed,True,4,finance,not returned,not returned,2026-09-06,2026-10-03,not probed,,Review substantive buyer support; not an exclusion inference
https://www.bnbaccelerator.com/blog/inspection-contingency-length-str/,2026-10-07T00:24:59Z,True,NEUTRAL,INDEXING_STATE_UNSPECIFIED,URL is unknown to Google,not reported,,200,https://www.bnbaccelerator.com/blog/inspection-contingency-length-str/,True,False,False,https://www.bnbaccelerator.com/blog/inspection-contingency-length-str/,https://www.bnbaccelerator.com/blog/inspection-contingency-length-str/,True,19,contract,not returned,not returned,2026-09-06,2026-10-03,True,,Source-checked dependency worksheet live 1d45d4dd; IndexNow HTTP200 accepted; unknown inspection is not a diagnosed technical barrier; measure after settled interval
https://www.bnbaccelerator.com/blog/interest-only-vs-amortizing-str-purchase/,2026-10-07T00:29:50.247741+00:00,True,NEUTRAL,INDEXING_STATE_UNSPECIFIED,URL is unknown to Google,not reported,,200,https://www.bnbaccelerator.com/blog/interest-only-vs-amortizing-str-purchase/,True,False,False,https://www.bnbaccelerator.com/blog/interest-only-vs-amortizing-str-purchase/,https://www.bnbaccelerator.com/blog/interest-only-vs-amortizing-str-purchase/,True,3,finance,not returned,not returned,2026-09-06,2026-10-03,True,,Live eligibility passed; returned discovery state is not a diagnosed technical cause; review substantive purchase support then measure after settled interval
https://www.bnbaccelerator.com/blog/interest-rates-str-returns/,2026-10-06T21:09:00Z,False,unknown,unknown,unknown,unknown,,not probed,not probed,True,False,not probed,https://www.bnbaccelerator.com/blog/interest-rates-str-returns/,not probed,True,9,purchase,not returned,not returned,2026-09-06,2026-10-03,not probed,,Review substantive buyer support; not an exclusion inference
https://www.bnbaccelerator.com/blog/internet-budget-short-term-rental/,2026-10-06T21:09:00Z,False,unknown,unknown,unknown,unknown,,not probed,not probed,True,False,not probed,https://www.bnbaccelerator.com/blog/internet-budget-short-term-rental/,not probed,True,2,finance,not returned,not returned,2026-09-06,2026-10-03,not probed,,Review substantive buyer support; not an exclusion inference
https://www.bnbaccelerator.com/blog/internet-buying-short-term-rental/,2026-10-06T21:09:00Z,False,unknown,unknown,unknown,unknown,,not probed,not probed,True,False,not probed,https://www.bnbaccelerator.com/blog/internet-buying-short-term-rental/,not probed,True,3,purchase,not returned,not returned,2026-09-06,2026-10-03,not probed,,Review substantive buyer support; not an exclusion inference
https://www.bnbaccelerator.com/blog/internet-design-short-term-rental/,2026-10-06T21:09:00Z,False,unknown,unknown,unknown,unknown,,not probed,not probed,True,False,not probed,https://www.bnbaccelerator.com/blog/internet-design-short-term-rental/,not probed,True,2,operations,not returned,not returned,2026-09-06,2026-10-03,not probed,,Review substantive buyer support; not an exclusion inference
https://www.bnbaccelerator.com/blog/internet-inspection-short-term-rental/,2026-10-06T21:09:00Z,False,unknown,unknown,unknown,unknown,,not probed,not probed,True,False,not probed,https://www.bnbaccelerator.com/blog/internet-inspection-short-term-rental/,not probed,True,2,purchase,not returned,not returned,2026-09-06,2026-10-03,not probed,,Review substantive buyer support; not an exclusion inference
https://www.bnbaccelerator.com/blog/internet-insurance-short-term-rental/,2026-10-06T21:09:00Z,False,unknown,unknown,unknown,unknown,,not probed,not probed,True,False,not probed,https://www.bnbaccelerator.com/blog/internet-insurance-short-term-rental/,not probed,True,2,operations,not returned,not returned,2026-09-06,2026-10-03,not probed,,Review substantive buyer support; not an exclusion inference
https://www.bnbaccelerator.com/blog/internet-maintenance-short-term-rental/,2026-10-06T21:09:00Z,False,unknown,unknown,unknown,unknown,,not probed,not probed,True,False,not probed,https://www.bnbaccelerator.com/blog/internet-maintenance-short-term-rental/,not probed,True,2,operations,not returned,not returned,2026-09-06,2026-10-03,not probed,,Review substantive buyer support; not an exclusion inference
https://www.bnbaccelerator.com/blog/internet-operations-short-term-rental/,2026-10-06T21:09:00Z,False,unknown,unknown,unknown,unknown,,not probed,not probed,True,False,not probed,https://www.bnbaccelerator.com/blog/internet-operations-short-term-rental/,not probed,True,2,operations,not returned,not returned,2026-09-06,2026-10-03,not probed,,Review substantive buyer support; not an exclusion inference
https://www.bnbaccelerator.com/blog/internet-repair-replace-short-term-rental/,2026-10-06T21:09:00Z,False,unknown,unknown,unknown,unknown,,not probed,not probed,True,False,not probed,https://www.bnbaccelerator.com/blog/internet-repair-replace-short-term-rental/,not probed,True,2,operations,not returned,not returned,2026-09-06,2026-10-03,not probed,,Review substantive buyer support; not an exclusion inference
https://www.bnbaccelerator.com/blog/internet-roi-short-term-rental/,2026-10-06T21:09:00Z,False,unknown,unknown,unknown,unknown,,not probed,not probed,True,False,not probed,https://www.bnbaccelerator.com/blog/internet-roi-short-term-rental/,not probed,True,2,revenue,not returned,not returned,2026-09-06,2026-10-03,not probed,,Review substantive buyer support; not an exclusion inference
https://www.bnbaccelerator.com/blog/is-airbnb-still-profitable/,2026-10-06T21:09:00Z,False,unknown,unknown,unknown,unknown,,not probed,not probed,True,False,not probed,https://www.bnbaccelerator.com/blog/is-airbnb-still-profitable/,not probed,True,4,purchase,not returned,not returned,2026-09-06,2026-10-03,not probed,,Review substantive buyer support; not an exclusion inference
https://www.bnbaccelerator.com/blog/is-bnb-accelerator-worth-it/,2026-10-06T21:09:00Z,True,PASS,INDEXING_ALLOWED,Submitted and indexed,2026-09-23T12:16:42Z,,200,https://www.bnbaccelerator.com/blog/is-bnb-accelerator-worth-it/,True,False,False,https://www.bnbaccelerator.com/blog/is-bnb-accelerator-worth-it/,https://www.bnbaccelerator.com/blog/is-bnb-accelerator-worth-it/,True,10,service,7,1,2026-09-06,2026-10-03,True,,Preserve confirmed indexed page; improve buyer usefulness as needed
https://www.bnbaccelerator.com/blog/jacksonville-airbnb-investing/,2026-10-06T21:09:00Z,False,unknown,unknown,unknown,unknown,,not probed,not probed,True,False,not probed,https://www.bnbaccelerator.com/blog/jacksonville-airbnb-investing/,not probed,True,3,market,not returned,not returned,2026-09-06,2026-10-03,not probed,,Review substantive buyer support; not an exclusion inference
https://www.bnbaccelerator.com/blog/jim-thorpe-airbnb-investing/,2026-10-06T21:09:00Z,False,unknown,unknown,unknown,unknown,,not probed,not probed,True,False,not probed,https://www.bnbaccelerator.com/blog/jim-thorpe-airbnb-investing/,not probed,True,4,market,not returned,not returned,2026-09-06,2026-10-03,not probed,,Review substantive buyer support; not an exclusion inference
https://www.bnbaccelerator.com/blog/johnson-city-airbnb-investing/,2026-10-06T21:09:00Z,False,unknown,unknown,unknown,unknown,,not probed,not probed,True,False,not probed,https://www.bnbaccelerator.com/blog/johnson-city-airbnb-investing/,not probed,True,4,market,not returned,not returned,2026-09-06,2026-10-03,not probed,,Review substantive buyer support; not an exclusion inference
https://www.bnbaccelerator.com/blog/johnson-city-texas-hill-country/,2026-10-06T21:09:00Z,False,unknown,unknown,unknown,unknown,,not probed,not probed,True,False,not probed,https://www.bnbaccelerator.com/blog/johnson-city-texas-hill-country/,not probed,True,6,market,not returned,not returned,2026-09-06,2026-10-03,not probed,,Review substantive buyer support; not an exclusion inference
https://www.bnbaccelerator.com/blog/joshua-tree-str-market/,2026-10-06T21:09:00Z,False,unknown,unknown,unknown,unknown,,not probed,not probed,True,False,not probed,https://www.bnbaccelerator.com/blog/joshua-tree-str-market/,not probed,True,5,market,2,0,2026-09-06,2026-10-03,not probed,,Review substantive buyer support; not an exclusion inference
https://www.bnbaccelerator.com/blog/jumbo-loan-vs-more-down-payment-buy-str/,2026-10-06T21:09:00Z,False,unknown,unknown,unknown,unknown,,not probed,not probed,True,False,not probed,https://www.bnbaccelerator.com/blog/jumbo-loan-vs-more-down-payment-buy-str/,not probed,True,2,finance,not returned,not returned,2026-09-06,2026-10-03,not probed,,Review substantive buyer support; not an exclusion inference
https://www.bnbaccelerator.com/blog/keep-str-manager-after-buying-property/,2026-10-06T21:09:00Z,True,PASS,INDEXING_ALLOWED,Submitted and indexed,2026-09-26T21:59:21Z,,200,https://www.bnbaccelerator.com/blog/keep-str-manager-after-buying-property/,True,False,False,https://www.bnbaccelerator.com/blog/keep-str-manager-after-buying-property/,https://www.bnbaccelerator.com/blog/keep-str-manager-after-buying-property/,True,4,purchase,1,0,2026-09-06,2026-10-03,True,,Preserve confirmed indexed page; improve buyer usefulness as needed
https://www.bnbaccelerator.com/blog/kissimmee-champions-gate-str-market/,2026-10-06T21:09:00Z,False,unknown,unknown,unknown,unknown,,not probed,not probed,True,False,not probed,https://www.bnbaccelerator.com/blog/kissimmee-champions-gate-str-market/,not probed,True,10,market,not returned,not returned,2026-09-06,2026-10-03,not probed,,Review substantive buyer support; not an exclusion inference
https://www.bnbaccelerator.com/blog/lake-harmony-airbnb-investing/,2026-10-06T21:09:00Z,False,unknown,unknown,unknown,unknown,,not probed,not probed,True,False,not probed,https://www.bnbaccelerator.com/blog/lake-harmony-airbnb-investing/,not probed,True,4,market,not returned,not returned,2026-09-06,2026-10-03,not probed,,Review substantive buyer support; not an exclusion inference
https://www.bnbaccelerator.com/blog/lake-tahoe-str-market/,2026-10-06T21:09:00Z,False,unknown,unknown,unknown,unknown,,not probed,not probed,True,False,not probed,https://www.bnbaccelerator.com/blog/lake-tahoe-str-market/,not probed,True,5,market,1,0,2026-09-06,2026-10-03,not probed,,Review substantive buyer support; not an exclusion inference
https://www.bnbaccelerator.com/blog/landscaping-budget-short-term-rental/,2026-10-06T21:09:00Z,False,unknown,unknown,unknown,unknown,,not probed,not probed,True,False,not probed,https://www.bnbaccelerator.com/blog/landscaping-budget-short-term-rental/,not probed,True,2,finance,not returned,not returned,2026-09-06,2026-10-03,not probed,,Review substantive buyer support; not an exclusion inference
https://www.bnbaccelerator.com/blog/landscaping-buying-short-term-rental/,2026-10-06T21:09:00Z,False,unknown,unknown,unknown,unknown,,not probed,not probed,True,False,not probed,https://www.bnbaccelerator.com/blog/landscaping-buying-short-term-rental/,not probed,True,2,purchase,not returned,not returned,2026-09-06,2026-10-03,not probed,,Review substantive buyer support; not an exclusion inference
https://www.bnbaccelerator.com/blog/landscaping-design-short-term-rental/,2026-10-06T21:09:00Z,False,unknown,unknown,unknown,unknown,,not probed,not probed,True,False,not probed,https://www.bnbaccelerator.com/blog/landscaping-design-short-term-rental/,not probed,True,2,operations,not returned,not returned,2026-09-06,2026-10-03,not probed,,Review substantive buyer support; not an exclusion inference
https://www.bnbaccelerator.com/blog/landscaping-inspection-short-term-rental/,2026-10-06T21:09:00Z,False,unknown,unknown,unknown,unknown,,not probed,not probed,True,False,not probed,https://www.bnbaccelerator.com/blog/landscaping-inspection-short-term-rental/,not probed,True,3,purchase,not returned,not returned,2026-09-06,2026-10-03,not probed,,Review substantive buyer support; not an exclusion inference
https://www.bnbaccelerator.com/blog/landscaping-insurance-short-term-rental/,2026-10-06T21:09:00Z,False,unknown,unknown,unknown,unknown,,not probed,not probed,True,False,not probed,https://www.bnbaccelerator.com/blog/landscaping-insurance-short-term-rental/,not probed,True,2,operations,not returned,not returned,2026-09-06,2026-10-03,not probed,,Review substantive buyer support; not an exclusion inference
https://www.bnbaccelerator.com/blog/landscaping-maintenance-short-term-rental/,2026-10-06T21:09:00Z,False,unknown,unknown,unknown,unknown,,not probed,not probed,True,False,not probed,https://www.bnbaccelerator.com/blog/landscaping-maintenance-short-term-rental/,not probed,True,2,operations,not returned,not returned,2026-09-06,2026-10-03,not probed,,Review substantive buyer support; not an exclusion inference
https://www.bnbaccelerator.com/blog/landscaping-operations-short-term-rental/,2026-10-06T21:09:00Z,False,unknown,unknown,unknown,unknown,,not probed,not probed,True,False,not probed,https://www.bnbaccelerator.com/blog/landscaping-operations-short-term-rental/,not probed,True,2,operations,not returned,not returned,2026-09-06,2026-10-03,not probed,,Review substantive buyer support; not an exclusion inference
https://www.bnbaccelerator.com/blog/landscaping-repair-replace-short-term-rental/,2026-10-06T21:09:00Z,False,unknown,unknown,unknown,unknown,,not probed,not probed,True,False,not probed,https://www.bnbaccelerator.com/blog/landscaping-repair-replace-short-term-rental/,not probed,True,2,operations,not returned,not returned,2026-09-06,2026-10-03,not probed,,Review substantive buyer support; not an exclusion inference
https://www.bnbaccelerator.com/blog/landscaping-roi-short-term-rental/,2026-10-06T21:09:00Z,False,unknown,unknown,unknown,unknown,,not probed,not probed,True,False,not probed,https://www.bnbaccelerator.com/blog/landscaping-roi-short-term-rental/,not probed,True,2,revenue,not returned,not returned,2026-09-06,2026-10-03,not probed,,Review substantive buyer support; not an exclusion inference
https://www.bnbaccelerator.com/blog/large-group-str-strategy/,2026-10-06T21:09:00Z,False,unknown,unknown,unknown,unknown,,not probed,not probed,True,False,not probed,https://www.bnbaccelerator.com/blog/large-group-str-strategy/,not probed,True,13,purchase,not returned,not returned,2026-09-06,2026-10-03,not probed,,Review substantive buyer support; not an exclusion inference
https://www.bnbaccelerator.com/blog/last-minute-discount-str/,2026-10-06T21:09:00Z,False,unknown,unknown,unknown,unknown,,not probed,not probed,True,False,not probed,https://www.bnbaccelerator.com/blog/last-minute-discount-str/,not probed,True,2,revenue,not returned,not returned,2026-09-06,2026-10-03,not probed,,Review substantive buyer support; not an exclusion inference
https://www.bnbaccelerator.com/blog/lead-rrp-pre-1978-str-renovation/,2026-10-06T21:09:00Z,False,unknown,unknown,unknown,unknown,,not probed,not probed,True,False,not probed,https://www.bnbaccelerator.com/blog/lead-rrp-pre-1978-str-renovation/,not probed,True,4,purchase,not returned,not returned,2026-09-06,2026-10-03,not probed,,Review substantive buyer support; not an exclusion inference
https://www.bnbaccelerator.com/blog/lead-service-line-before-buying-str/,2026-10-06T21:09:00Z,False,unknown,unknown,unknown,unknown,,not probed,not probed,True,False,not probed,https://www.bnbaccelerator.com/blog/lead-service-line-before-buying-str/,not probed,True,2,purchase,not returned,not returned,2026-09-06,2026-10-03,not probed,,Review substantive buyer support; not an exclusion inference
https://www.bnbaccelerator.com/blog/length-of-stay-discounts/,2026-10-06T21:09:00Z,False,unknown,unknown,unknown,unknown,,not probed,not probed,True,False,not probed,https://www.bnbaccelerator.com/blog/length-of-stay-discounts/,not probed,True,4,revenue,not returned,not returned,2026-09-06,2026-10-03,not probed,,Review substantive buyer support; not an exclusion inference
https://www.bnbaccelerator.com/blog/level-2-chimney-inspection-before-buying-str/,2026-10-06T21:09:00Z,False,unknown,unknown,unknown,unknown,,not probed,not probed,True,False,not probed,https://www.bnbaccelerator.com/blog/level-2-chimney-inspection-before-buying-str/,not probed,True,2,purchase,not returned,not returned,2026-09-06,2026-10-03,not probed,,Review substantive buyer support; not an exclusion inference
https://www.bnbaccelerator.com/blog/life-insurance-cash-value-buy-str/,2026-10-06T21:09:00Z,False,unknown,unknown,unknown,unknown,,not probed,not probed,True,False,not probed,https://www.bnbaccelerator.com/blog/life-insurance-cash-value-buy-str/,not probed,True,2,finance,not returned,not returned,2026-09-06,2026-10-03,not probed,,Review substantive buyer support; not an exclusion inference
https://www.bnbaccelerator.com/blog/linen-par-level-cost/,2026-10-06T21:09:00Z,False,unknown,unknown,unknown,unknown,,not probed,not probed,True,False,not probed,https://www.bnbaccelerator.com/blog/linen-par-level-cost/,not probed,True,2,revenue,not returned,not returned,2026-09-06,2026-10-03,not probed,,Review substantive buyer support; not an exclusion inference
https://www.bnbaccelerator.com/blog/linens-budget-short-term-rental/,2026-10-06T21:09:00Z,False,unknown,unknown,unknown,unknown,,not probed,not probed,True,False,not probed,https://www.bnbaccelerator.com/blog/linens-budget-short-term-rental/,not probed,True,2,finance,not returned,not returned,2026-09-06,2026-10-03,not probed,,Review substantive buyer support; not an exclusion inference
https://www.bnbaccelerator.com/blog/linens-buying-short-term-rental/,2026-10-06T21:09:00Z,False,unknown,unknown,unknown,unknown,,not probed,not probed,True,False,not probed,https://www.bnbaccelerator.com/blog/linens-buying-short-term-rental/,not probed,True,2,purchase,not returned,not returned,2026-09-06,2026-10-03,not probed,,Review substantive buyer support; not an exclusion inference
https://www.bnbaccelerator.com/blog/linens-design-short-term-rental/,2026-10-06T21:09:00Z,False,unknown,unknown,unknown,unknown,,not probed,not probed,True,False,not probed,https://www.bnbaccelerator.com/blog/linens-design-short-term-rental/,not probed,True,2,operations,not returned,not returned,2026-09-06,2026-10-03,not probed,,Review substantive buyer support; not an exclusion inference
https://www.bnbaccelerator.com/blog/linens-inspection-short-term-rental/,2026-10-06T21:09:00Z,False,unknown,unknown,unknown,unknown,,not probed,not probed,True,False,not probed,https://www.bnbaccelerator.com/blog/linens-inspection-short-term-rental/,not probed,True,2,purchase,not returned,not returned,2026-09-06,2026-10-03,not probed,,Review substantive buyer support; not an exclusion inference
https://www.bnbaccelerator.com/blog/linens-insurance-short-term-rental/,2026-10-06T21:09:00Z,False,unknown,unknown,unknown,unknown,,not probed,not probed,True,False,not probed,https://www.bnbaccelerator.com/blog/linens-insurance-short-term-rental/,not probed,True,2,operations,not returned,not returned,2026-09-06,2026-10-03,not probed,,Review substantive buyer support; not an exclusion inference
https://www.bnbaccelerator.com/blog/linens-maintenance-short-term-rental/,2026-10-06T21:09:00Z,False,unknown,unknown,unknown,unknown,,not probed,not probed,True,False,not probed,https://www.bnbaccelerator.com/blog/linens-maintenance-short-term-rental/,not probed,True,2,operations,not returned,not returned,2026-09-06,2026-10-03,not probed,,Review substantive buyer support; not an exclusion inference
https://www.bnbaccelerator.com/blog/linens-operations-short-term-rental/,2026-10-06T21:09:00Z,False,unknown,unknown,unknown,unknown,,not probed,not probed,True,False,not probed,https://www.bnbaccelerator.com/blog/linens-operations-short-term-rental/,not probed,True,2,operations,not returned,not returned,2026-09-06,2026-10-03,not probed,,Review substantive buyer support; not an exclusion inference
https://www.bnbaccelerator.com/blog/linens-repair-replace-short-term-rental/,2026-10-06T21:09:00Z,False,unknown,unknown,unknown,unknown,,not probed,not probed,True,False,not probed,https://www.bnbaccelerator.com/blog/linens-repair-replace-short-term-rental/,not probed,True,2,operations,not returned,not returned,2026-09-06,2026-10-03,not probed,,Review substantive buyer support; not an exclusion inference
https://www.bnbaccelerator.com/blog/linens-roi-short-term-rental/,2026-10-06T21:09:00Z,False,unknown,unknown,unknown,unknown,,not probed,not probed,True,False,not probed,https://www.bnbaccelerator.com/blog/linens-roi-short-term-rental/,not probed,True,2,revenue,not returned,not returned,2026-09-06,2026-10-03,not probed,,Review substantive buyer support; not an exclusion inference
https://www.bnbaccelerator.com/blog/listing-photos-shot-order/,2026-10-06T21:09:00Z,False,unknown,unknown,unknown,unknown,,not probed,not probed,True,False,not probed,https://www.bnbaccelerator.com/blog/listing-photos-shot-order/,not probed,True,7,revenue,not returned,not returned,2026-09-06,2026-10-03,not probed,,Review substantive buyer support; not an exclusion inference
https://www.bnbaccelerator.com/blog/llc-for-short-term-rental/,2026-10-07T00:05:07Z,True,PASS,INDEXING_ALLOWED,Submitted and indexed,2026-09-26T11:42:29Z,,200,https://www.bnbaccelerator.com/blog/llc-for-short-term-rental/,True,False,False,https://www.bnbaccelerator.com/blog/llc-for-short-term-rental/,https://www.bnbaccelerator.com/blog/llc-for-short-term-rental/,True,16,purchase,2,0,2026-09-06,2026-10-03,True,,Source-checked LLC purchase decision tree live; indexed URL confirmed but revised body not yet confirmed crawled; monitor after settled interval
https://www.bnbaccelerator.com/blog/local-contact-before-buying-str/,2026-10-06T21:09:00Z,False,unknown,unknown,unknown,unknown,,not probed,not probed,True,False,not probed,https://www.bnbaccelerator.com/blog/local-contact-before-buying-str/,not probed,True,2,purchase,not returned,not returned,2026-09-06,2026-10-03,not probed,,Review substantive buyer support; not an exclusion inference
https://www.bnbaccelerator.com/blog/lodging-tax-compliance-basics/,2026-10-06T21:09:00Z,False,unknown,unknown,unknown,unknown,,not probed,not probed,True,False,not probed,https://www.bnbaccelerator.com/blog/lodging-tax-compliance-basics/,not probed,True,5,tax,3,0,2026-09-06,2026-10-03,not probed,,Review substantive buyer support; not an exclusion inference
https://www.bnbaccelerator.com/blog/lodging-tax-platform-reconciliation/,2026-10-06T21:09:00Z,False,unknown,unknown,unknown,unknown,,not probed,not probed,True,False,not probed,https://www.bnbaccelerator.com/blog/lodging-tax-platform-reconciliation/,not probed,True,3,tax,not returned,not returned,2026-09-06,2026-10-03,not probed,,Review substantive buyer support; not an exclusion inference
https://www.bnbaccelerator.com/blog/lodging-tax-registration-before-launch/,2026-10-06T21:09:00Z,False,unknown,unknown,unknown,unknown,,not probed,not probed,True,False,not probed,https://www.bnbaccelerator.com/blog/lodging-tax-registration-before-launch/,not probed,True,2,tax,not returned,not returned,2026-09-06,2026-10-03,not probed,,Review substantive buyer support; not an exclusion inference
https://www.bnbaccelerator.com/blog/look-back-cost-segregation-study/,2026-10-06T21:09:00Z,False,unknown,unknown,unknown,unknown,,not probed,not probed,True,False,not probed,https://www.bnbaccelerator.com/blog/look-back-cost-segregation-study/,not probed,True,10,tax,6,0,2026-09-06,2026-10-03,not probed,,Review substantive buyer support; not an exclusion inference
https://www.bnbaccelerator.com/blog/lost-rental-income-limit-str/,2026-10-06T21:09:00Z,False,unknown,unknown,unknown,unknown,,not probed,not probed,True,False,not probed,https://www.bnbaccelerator.com/blog/lost-rental-income-limit-str/,not probed,True,2,operations,not returned,not returned,2026-09-06,2026-10-03,not probed,,Review substantive buyer support; not an exclusion inference
https://www.bnbaccelerator.com/blog/mandatory-rental-pool-before-buying-str-condo/,2026-10-06T21:09:00Z,False,unknown,unknown,unknown,unknown,,not probed,not probed,True,False,not probed,https://www.bnbaccelerator.com/blog/mandatory-rental-pool-before-buying-str-condo/,not probed,True,3,purchase,not returned,not returned,2026-09-06,2026-10-03,not probed,,Review substantive buyer support; not an exclusion inference
https://www.bnbaccelerator.com/blog/market-supply-growth-warning-signs/,2026-10-06T21:09:00Z,False,unknown,unknown,unknown,unknown,,not probed,not probed,True,False,not probed,https://www.bnbaccelerator.com/blog/market-supply-growth-warning-signs/,not probed,True,5,market,not returned,not returned,2026-09-06,2026-10-03,not probed,,Review substantive buyer support; not an exclusion inference
https://www.bnbaccelerator.com/blog/material-participation-str/,2026-10-06T21:09:00Z,False,unknown,unknown,unknown,unknown,,not probed,not probed,True,False,not probed,https://www.bnbaccelerator.com/blog/material-participation-str/,not probed,True,52,tax,not returned,not returned,2026-09-06,2026-10-03,not probed,,Review substantive buyer support; not an exclusion inference
https://www.bnbaccelerator.com/blog/mesa-arizona-airbnb-investing/,2026-10-06T21:09:00Z,False,unknown,unknown,unknown,unknown,,not probed,not probed,True,False,not probed,https://www.bnbaccelerator.com/blog/mesa-arizona-airbnb-investing/,not probed,True,7,market,not returned,not returned,2026-09-06,2026-10-03,not probed,,Review substantive buyer support; not an exclusion inference
https://www.bnbaccelerator.com/blog/minimum-loan-amount-buy-short-term-rental/,2026-10-06T21:09:00Z,False,unknown,unknown,unknown,unknown,,not probed,not probed,True,False,not probed,https://www.bnbaccelerator.com/blog/minimum-loan-amount-buy-short-term-rental/,not probed,True,2,finance,not returned,not returned,2026-09-06,2026-10-03,not probed,,Review substantive buyer support; not an exclusion inference
https://www.bnbaccelerator.com/blog/minimum-night-rule-str-economics/,2026-10-06T21:09:00Z,False,unknown,unknown,unknown,unknown,,not probed,not probed,True,False,not probed,https://www.bnbaccelerator.com/blog/minimum-night-rule-str-economics/,not probed,True,2,rules,not returned,not returned,2026-09-06,2026-10-03,not probed,,Review substantive buyer support; not an exclusion inference
https://www.bnbaccelerator.com/blog/minimum-stay-peak-dates/,2026-10-06T21:09:00Z,False,unknown,unknown,unknown,unknown,,not probed,not probed,True,False,not probed,https://www.bnbaccelerator.com/blog/minimum-stay-peak-dates/,not probed,True,2,revenue,not returned,not returned,2026-09-06,2026-10-03,not probed,,Review substantive buyer support; not an exclusion inference
https://www.bnbaccelerator.com/blog/missouri-str-investing/,2026-10-06T21:09:00Z,False,unknown,unknown,unknown,unknown,,not probed,not probed,True,False,not probed,https://www.bnbaccelerator.com/blog/missouri-str-investing/,not probed,True,4,market,not returned,not returned,2026-09-06,2026-10-03,not probed,,Review substantive buyer support; not an exclusion inference
https://www.bnbaccelerator.com/blog/mistakes-that-cost-a-season/,2026-10-06T21:09:00Z,False,unknown,unknown,unknown,unknown,,not probed,not probed,True,False,not probed,https://www.bnbaccelerator.com/blog/mistakes-that-cost-a-season/,not probed,True,3,purchase,not returned,not returned,2026-09-06,2026-10-03,not probed,,Review substantive buyer support; not an exclusion inference
https://www.bnbaccelerator.com/blog/mold-inspection-before-buying-str/,2026-10-06T21:09:00Z,False,unknown,unknown,unknown,unknown,,not probed,not probed,True,False,not probed,https://www.bnbaccelerator.com/blog/mold-inspection-before-buying-str/,not probed,True,7,purchase,not returned,not returned,2026-09-06,2026-10-03,not probed,,Review substantive buyer support; not an exclusion inference
https://www.bnbaccelerator.com/blog/multi-platform-listing-strategy/,2026-10-06T21:09:00Z,False,unknown,unknown,unknown,unknown,,not probed,not probed,True,False,not probed,https://www.bnbaccelerator.com/blog/multi-platform-listing-strategy/,not probed,True,13,operations,1,0,2026-09-06,2026-10-03,not probed,,Review substantive buyer support; not an exclusion inference
https://www.bnbaccelerator.com/blog/nashville-airbnb-investing/,2026-10-06T21:09:00Z,False,unknown,unknown,unknown,unknown,,not probed,not probed,True,False,not probed,https://www.bnbaccelerator.com/blog/nashville-airbnb-investing/,not probed,True,5,market,11,0,2026-09-06,2026-10-03,not probed,,Review substantive buyer support; not an exclusion inference
https://www.bnbaccelerator.com/blog/nashville-permit-value/,2026-10-06T21:09:00Z,False,unknown,unknown,unknown,unknown,,not probed,not probed,True,False,not probed,https://www.bnbaccelerator.com/blog/nashville-permit-value/,not probed,True,7,rules,not returned,not returned,2026-09-06,2026-10-03,not probed,,Review substantive buyer support; not an exclusion inference
https://www.bnbaccelerator.com/blog/negotiating-airbnb-purchase/,2026-10-06T21:09:00Z,False,unknown,unknown,unknown,unknown,,not probed,not probed,True,False,not probed,https://www.bnbaccelerator.com/blog/negotiating-airbnb-purchase/,not probed,True,32,contract,not returned,not returned,2026-09-06,2026-10-03,not probed,,Review substantive buyer support; not an exclusion inference
https://www.bnbaccelerator.com/blog/new-construction-vs-existing-str-purchase/,2026-10-06T21:09:00Z,False,unknown,unknown,unknown,unknown,,not probed,not probed,True,False,not probed,https://www.bnbaccelerator.com/blog/new-construction-vs-existing-str-purchase/,not probed,True,2,purchase,not returned,not returned,2026-09-06,2026-10-03,not probed,,Review substantive buyer support; not an exclusion inference
https://www.bnbaccelerator.com/blog/new-listing-ramp-underwriting/,2026-10-06T23:05:19Z,False,PASS,INDEXING_ALLOWED,Submitted and indexed,2026-09-26T17:34:41Z,,200,https://www.bnbaccelerator.com/blog/new-listing-ramp-underwriting/,True,False,False,https://www.bnbaccelerator.com/blog/new-listing-ramp-underwriting/,https://www.bnbaccelerator.com/blog/new-listing-ramp-underwriting/,True,8,revenue,not returned,not returned,2026-09-06,2026-10-03,True,,Preserve confirmed indexed URL; revised body recrawl unconfirmed
https://www.bnbaccelerator.com/blog/new-york-city-and-what-it-signals/,2026-10-06T21:09:00Z,False,unknown,unknown,unknown,unknown,,not probed,not probed,True,False,not probed,https://www.bnbaccelerator.com/blog/new-york-city-and-what-it-signals/,not probed,True,3,rules,not returned,not returned,2026-09-06,2026-10-03,not probed,,Review substantive buyer support; not an exclusion inference
https://www.bnbaccelerator.com/blog/noise-monitor-budget-short-term-rental/,2026-10-06T21:09:00Z,False,unknown,unknown,unknown,unknown,,not probed,not probed,True,False,not probed,https://www.bnbaccelerator.com/blog/noise-monitor-budget-short-term-rental/,not probed,True,2,finance,not returned,not returned,2026-09-06,2026-10-03,not probed,,Review substantive buyer support; not an exclusion inference
https://www.bnbaccelerator.com/blog/noise-monitor-buying-short-term-rental/,2026-10-06T21:09:00Z,False,unknown,unknown,unknown,unknown,,not probed,not probed,True,False,not probed,https://www.bnbaccelerator.com/blog/noise-monitor-buying-short-term-rental/,not probed,True,2,purchase,not returned,not returned,2026-09-06,2026-10-03,not probed,,Review substantive buyer support; not an exclusion inference
https://www.bnbaccelerator.com/blog/noise-monitor-design-short-term-rental/,2026-10-06T21:09:00Z,False,unknown,unknown,unknown,unknown,,not probed,not probed,True,False,not probed,https://www.bnbaccelerator.com/blog/noise-monitor-design-short-term-rental/,not probed,True,2,operations,not returned,not returned,2026-09-06,2026-10-03,not probed,,Review substantive buyer support; not an exclusion inference
https://www.bnbaccelerator.com/blog/noise-monitor-inspection-short-term-rental/,2026-10-06T21:09:00Z,False,unknown,unknown,unknown,unknown,,not probed,not probed,True,False,not probed,https://www.bnbaccelerator.com/blog/noise-monitor-inspection-short-term-rental/,not probed,True,2,purchase,not returned,not returned,2026-09-06,2026-10-03,not probed,,Review substantive buyer support; not an exclusion inference
https://www.bnbaccelerator.com/blog/noise-monitor-insurance-short-term-rental/,2026-10-06T21:09:00Z,False,unknown,unknown,unknown,unknown,,not probed,not probed,True,False,not probed,https://www.bnbaccelerator.com/blog/noise-monitor-insurance-short-term-rental/,not probed,True,2,operations,not returned,not returned,2026-09-06,2026-10-03,not probed,,Review substantive buyer support; not an exclusion inference
https://www.bnbaccelerator.com/blog/noise-monitor-maintenance-short-term-rental/,2026-10-06T21:09:00Z,False,unknown,unknown,unknown,unknown,,not probed,not probed,True,False,not probed,https://www.bnbaccelerator.com/blog/noise-monitor-maintenance-short-term-rental/,not probed,True,2,operations,not returned,not returned,2026-09-06,2026-10-03,not probed,,Review substantive buyer support; not an exclusion inference
https://www.bnbaccelerator.com/blog/noise-monitor-operations-short-term-rental/,2026-10-06T21:09:00Z,False,unknown,unknown,unknown,unknown,,not probed,not probed,True,False,not probed,https://www.bnbaccelerator.com/blog/noise-monitor-operations-short-term-rental/,not probed,True,2,operations,not returned,not returned,2026-09-06,2026-10-03,not probed,,Review substantive buyer support; not an exclusion inference
https://www.bnbaccelerator.com/blog/noise-monitor-repair-replace-short-term-rental/,2026-10-06T21:09:00Z,False,unknown,unknown,unknown,unknown,,not probed,not probed,True,False,not probed,https://www.bnbaccelerator.com/blog/noise-monitor-repair-replace-short-term-rental/,not probed,True,2,operations,not returned,not returned,2026-09-06,2026-10-03,not probed,,Review substantive buyer support; not an exclusion inference
https://www.bnbaccelerator.com/blog/noise-monitor-roi-short-term-rental/,2026-10-06T21:09:00Z,False,unknown,unknown,unknown,unknown,,not probed,not probed,True,False,not probed,https://www.bnbaccelerator.com/blog/noise-monitor-roi-short-term-rental/,not probed,True,2,revenue,not returned,not returned,2026-09-06,2026-10-03,not probed,,Review substantive buyer support; not an exclusion inference
https://www.bnbaccelerator.com/blog/noise-monitoring-and-neighbors/,2026-10-06T21:09:00Z,False,unknown,unknown,unknown,unknown,,not probed,not probed,True,False,not probed,https://www.bnbaccelerator.com/blog/noise-monitoring-and-neighbors/,not probed,True,5,operations,not returned,not returned,2026-09-06,2026-10-03,not probed,,Review substantive buyer support; not an exclusion inference
https://www.bnbaccelerator.com/blog/nonconforming-str-use-sale/,2026-10-06T21:09:00Z,False,unknown,unknown,unknown,unknown,,not probed,not probed,True,False,not probed,https://www.bnbaccelerator.com/blog/nonconforming-str-use-sale/,not probed,True,2,rules,not returned,not returned,2026-09-06,2026-10-03,not probed,,Review substantive buyer support; not an exclusion inference
https://www.bnbaccelerator.com/blog/normalize-owner-blocks-str/,2026-10-07T03:12:11Z,True,NEUTRAL,INDEXING_STATE_UNSPECIFIED,URL is unknown to Google,unknown,,200,https://www.bnbaccelerator.com/blog/normalize-owner-blocks-str/,True,False,False,https://www.bnbaccelerator.com/blog/normalize-owner-blocks-str/,https://www.bnbaccelerator.com/blog/normalize-owner-blocks-str/,True,3,revenue,not returned,not returned,2026-09-06,2026-10-03,True,,Expanded buyer inventory worksheet live in 77fe2926; IndexNow accepted not indexing; monitor actual Google evidence after reporting interval
https://www.bnbaccelerator.com/blog/normalize-str-utility-bills/,2026-10-06T21:09:00Z,False,unknown,unknown,unknown,unknown,,not probed,not probed,True,False,not probed,https://www.bnbaccelerator.com/blog/normalize-str-utility-bills/,not probed,True,4,revenue,not returned,not returned,2026-09-06,2026-10-03,not probed,,Review substantive buyer support; not an exclusion inference
https://www.bnbaccelerator.com/blog/north-carolina-str-bookings-after-sale/,2026-10-06T21:09:00Z,False,unknown,unknown,unknown,unknown,,not probed,not probed,True,False,not probed,https://www.bnbaccelerator.com/blog/north-carolina-str-bookings-after-sale/,not probed,True,3,purchase,not returned,not returned,2026-09-06,2026-10-03,not probed,,Review substantive buyer support; not an exclusion inference
https://www.bnbaccelerator.com/blog/north-carolina-str-due-diligence-fee-offer/,2026-10-06T21:09:00Z,False,unknown,unknown,unknown,unknown,,not probed,not probed,True,False,not probed,https://www.bnbaccelerator.com/blog/north-carolina-str-due-diligence-fee-offer/,not probed,True,2,contract,not returned,not returned,2026-09-06,2026-10-03,not probed,,Review substantive buyer support; not an exclusion inference
https://www.bnbaccelerator.com/blog/notes-receivable-income-buy-str/,2026-10-06T21:09:00Z,False,unknown,unknown,unknown,unknown,,not probed,not probed,True,False,not probed,https://www.bnbaccelerator.com/blog/notes-receivable-income-buy-str/,not probed,True,2,purchase,not returned,not returned,2026-09-06,2026-10-03,not probed,,Review substantive buyer support; not an exclusion inference
https://www.bnbaccelerator.com/blog/occupancy-target-by-month-str/,2026-10-06T21:09:00Z,False,unknown,unknown,unknown,unknown,,not probed,not probed,True,False,not probed,https://www.bnbaccelerator.com/blog/occupancy-target-by-month-str/,not probed,True,2,revenue,not returned,not returned,2026-09-06,2026-10-03,not probed,,Review substantive buyer support; not an exclusion inference
https://www.bnbaccelerator.com/blog/occupancy-versus-rate-which-to-optimize/,2026-10-06T21:09:00Z,False,unknown,unknown,unknown,unknown,,not probed,not probed,True,False,not probed,https://www.bnbaccelerator.com/blog/occupancy-versus-rate-which-to-optimize/,not probed,True,6,revenue,not returned,not returned,2026-09-06,2026-10-03,not probed,,Review substantive buyer support; not an exclusion inference
https://www.bnbaccelerator.com/blog/offsite-laundry-str/,2026-10-06T21:09:00Z,False,unknown,unknown,unknown,unknown,,not probed,not probed,True,False,not probed,https://www.bnbaccelerator.com/blog/offsite-laundry-str/,not probed,True,2,operations,not returned,not returned,2026-09-06,2026-10-03,not probed,,Review substantive buyer support; not an exclusion inference
https://www.bnbaccelerator.com/blog/oklahoma-str-investing/,2026-10-06T21:09:00Z,False,unknown,unknown,unknown,unknown,,not probed,not probed,True,False,not probed,https://www.bnbaccelerator.com/blog/oklahoma-str-investing/,not probed,True,4,market,not returned,not returned,2026-09-06,2026-10-03,not probed,,Review substantive buyer support; not an exclusion inference
https://www.bnbaccelerator.com/blog/one-property-or-three/,2026-10-06T21:09:00Z,False,unknown,unknown,unknown,unknown,,not probed,not probed,True,False,not probed,https://www.bnbaccelerator.com/blog/one-property-or-three/,not probed,True,4,purchase,not returned,not returned,2026-09-06,2026-10-03,not probed,,Review substantive buyer support; not an exclusion inference
https://www.bnbaccelerator.com/blog/orlando-davenport-airbnb-investing/,2026-10-06T21:09:00Z,False,unknown,unknown,unknown,unknown,,not probed,not probed,True,False,not probed,https://www.bnbaccelerator.com/blog/orlando-davenport-airbnb-investing/,not probed,True,4,market,not returned,not returned,2026-09-06,2026-10-03,not probed,,Review substantive buyer support; not an exclusion inference
https://www.bnbaccelerator.com/blog/orphan-night-pricing-str/,2026-10-06T21:09:00Z,False,unknown,unknown,unknown,unknown,,not probed,not probed,True,False,not probed,https://www.bnbaccelerator.com/blog/orphan-night-pricing-str/,not probed,True,2,revenue,not returned,not returned,2026-09-06,2026-10-03,not probed,,Review substantive buyer support; not an exclusion inference
https://www.bnbaccelerator.com/blog/outdoor-kitchen-budget-short-term-rental/,2026-10-06T21:09:00Z,False,unknown,unknown,unknown,unknown,,not probed,not probed,True,False,not probed,https://www.bnbaccelerator.com/blog/outdoor-kitchen-budget-short-term-rental/,not probed,True,2,finance,not returned,not returned,2026-09-06,2026-10-03,not probed,,Review substantive buyer support; not an exclusion inference
https://www.bnbaccelerator.com/blog/outdoor-kitchen-buying-short-term-rental/,2026-10-06T21:09:00Z,False,unknown,unknown,unknown,unknown,,not probed,not probed,True,False,not probed,https://www.bnbaccelerator.com/blog/outdoor-kitchen-buying-short-term-rental/,not probed,True,2,purchase,not returned,not returned,2026-09-06,2026-10-03,not probed,,Review substantive buyer support; not an exclusion inference
https://www.bnbaccelerator.com/blog/outdoor-kitchen-design-short-term-rental/,2026-10-06T21:09:00Z,False,unknown,unknown,unknown,unknown,,not probed,not probed,True,False,not probed,https://www.bnbaccelerator.com/blog/outdoor-kitchen-design-short-term-rental/,not probed,True,2,operations,not returned,not returned,2026-09-06,2026-10-03,not probed,,Review substantive buyer support; not an exclusion inference
https://www.bnbaccelerator.com/blog/outdoor-kitchen-inspection-short-term-rental/,2026-10-06T21:09:00Z,False,unknown,unknown,unknown,unknown,,not probed,not probed,True,False,not probed,https://www.bnbaccelerator.com/blog/outdoor-kitchen-inspection-short-term-rental/,not probed,True,2,purchase,not returned,not returned,2026-09-06,2026-10-03,not probed,,Review substantive buyer support; not an exclusion inference
https://www.bnbaccelerator.com/blog/outdoor-kitchen-insurance-short-term-rental/,2026-10-06T21:09:00Z,False,unknown,unknown,unknown,unknown,,not probed,not probed,True,False,not probed,https://www.bnbaccelerator.com/blog/outdoor-kitchen-insurance-short-term-rental/,not probed,True,2,operations,not returned,not returned,2026-09-06,2026-10-03,not probed,,Review substantive buyer support; not an exclusion inference
https://www.bnbaccelerator.com/blog/outdoor-kitchen-maintenance-short-term-rental/,2026-10-06T21:09:00Z,False,unknown,unknown,unknown,unknown,,not probed,not probed,True,False,not probed,https://www.bnbaccelerator.com/blog/outdoor-kitchen-maintenance-short-term-rental/,not probed,True,2,operations,not returned,not returned,2026-09-06,2026-10-03,not probed,,Review substantive buyer support; not an exclusion inference
https://www.bnbaccelerator.com/blog/outdoor-kitchen-operations-short-term-rental/,2026-10-06T21:09:00Z,False,unknown,unknown,unknown,unknown,,not probed,not probed,True,False,not probed,https://www.bnbaccelerator.com/blog/outdoor-kitchen-operations-short-term-rental/,not probed,True,2,operations,not returned,not returned,2026-09-06,2026-10-03,not probed,,Review substantive buyer support; not an exclusion inference
https://www.bnbaccelerator.com/blog/outdoor-kitchen-repair-replace-short-term-rental/,2026-10-06T21:09:00Z,False,unknown,unknown,unknown,unknown,,not probed,not probed,True,False,not probed,https://www.bnbaccelerator.com/blog/outdoor-kitchen-repair-replace-short-term-rental/,not probed,True,2,operations,not returned,not returned,2026-09-06,2026-10-03,not probed,,Review substantive buyer support; not an exclusion inference
https://www.bnbaccelerator.com/blog/outdoor-kitchen-roi-short-term-rental/,2026-10-06T21:09:00Z,False,unknown,unknown,unknown,unknown,,not probed,not probed,True,False,not probed,https://www.bnbaccelerator.com/blog/outdoor-kitchen-roi-short-term-rental/,not probed,True,2,revenue,not returned,not returned,2026-09-06,2026-10-03,not probed,,Review substantive buyer support; not an exclusion inference
https://www.bnbaccelerator.com/blog/outdoor-space-that-earns/,2026-10-06T21:09:00Z,False,unknown,unknown,unknown,unknown,,not probed,not probed,True,False,not probed,https://www.bnbaccelerator.com/blog/outdoor-space-that-earns/,not probed,True,3,operations,not returned,not returned,2026-09-06,2026-10-03,not probed,,Review substantive buyer support; not an exclusion inference
https://www.bnbaccelerator.com/blog/owner-closet-inventory-control/,2026-10-06T21:09:00Z,False,unknown,unknown,unknown,unknown,,not probed,not probed,True,False,not probed,https://www.bnbaccelerator.com/blog/owner-closet-inventory-control/,not probed,True,2,operations,not returned,not returned,2026-09-06,2026-10-03,not probed,,Review substantive buyer support; not an exclusion inference
https://www.bnbaccelerator.com/blog/palm-springs-vacation-rental-permit-buying/,2026-10-06T21:09:00Z,False,unknown,unknown,unknown,unknown,,not probed,not probed,True,False,not probed,https://www.bnbaccelerator.com/blog/palm-springs-vacation-rental-permit-buying/,not probed,True,2,rules,not returned,not returned,2026-09-06,2026-10-03,not probed,,Review substantive buyer support; not an exclusion inference
https://www.bnbaccelerator.com/blog/panama-city-beach-airbnb/,2026-10-06T21:09:00Z,False,unknown,unknown,unknown,unknown,,not probed,not probed,True,False,not probed,https://www.bnbaccelerator.com/blog/panama-city-beach-airbnb/,not probed,True,9,market,not returned,not returned,2026-09-06,2026-10-03,not probed,,Review substantive buyer support; not an exclusion inference
https://www.bnbaccelerator.com/blog/parcel-jurisdiction-str/,2026-10-07T02:06:18Z,True,NEUTRAL,INDEXING_STATE_UNSPECIFIED,URL is unknown to Google,not reported,,200,https://www.bnbaccelerator.com/blog/parcel-jurisdiction-str/,True,False,False,https://www.bnbaccelerator.com/blog/parcel-jurisdiction-str/,https://www.bnbaccelerator.com/blog/parcel-jurisdiction-str/,True,2,rules,not returned,not returned,2026-09-06,2026-10-03,True,,Expanded source-checked acquisition worksheet live dea3a830; IndexNow accepted not indexed; monitor actual Google evidence without inferring a technical barrier
https://www.bnbaccelerator.com/blog/park-city-utah-str-market/,2026-10-06T21:09:00Z,False,unknown,unknown,unknown,unknown,,not probed,not probed,True,False,not probed,https://www.bnbaccelerator.com/blog/park-city-utah-str-market/,not probed,True,4,market,1,0,2026-09-06,2026-10-03,not probed,,Review substantive buyer support; not an exclusion inference
https://www.bnbaccelerator.com/blog/parking-budget-short-term-rental/,2026-10-06T21:09:00Z,False,unknown,unknown,unknown,unknown,,not probed,not probed,True,False,not probed,https://www.bnbaccelerator.com/blog/parking-budget-short-term-rental/,not probed,True,2,finance,not returned,not returned,2026-09-06,2026-10-03,not probed,,Review substantive buyer support; not an exclusion inference
https://www.bnbaccelerator.com/blog/parking-buying-short-term-rental/,2026-10-06T21:09:00Z,False,unknown,unknown,unknown,unknown,,not probed,not probed,True,False,not probed,https://www.bnbaccelerator.com/blog/parking-buying-short-term-rental/,not probed,True,3,purchase,not returned,not returned,2026-09-06,2026-10-03,not probed,,Review substantive buyer support; not an exclusion inference
https://www.bnbaccelerator.com/blog/parking-design-short-term-rental/,2026-10-06T21:09:00Z,False,unknown,unknown,unknown,unknown,,not probed,not probed,True,False,not probed,https://www.bnbaccelerator.com/blog/parking-design-short-term-rental/,not probed,True,2,operations,not returned,not returned,2026-09-06,2026-10-03,not probed,,Review substantive buyer support; not an exclusion inference
https://www.bnbaccelerator.com/blog/parking-inspection-short-term-rental/,2026-10-06T21:09:00Z,False,unknown,unknown,unknown,unknown,,not probed,not probed,True,False,not probed,https://www.bnbaccelerator.com/blog/parking-inspection-short-term-rental/,not probed,True,2,purchase,not returned,not returned,2026-09-06,2026-10-03,not probed,,Review substantive buyer support; not an exclusion inference
https://www.bnbaccelerator.com/blog/parking-insurance-short-term-rental/,2026-10-06T21:09:00Z,False,unknown,unknown,unknown,unknown,,not probed,not probed,True,False,not probed,https://www.bnbaccelerator.com/blog/parking-insurance-short-term-rental/,not probed,True,2,operations,not returned,not returned,2026-09-06,2026-10-03,not probed,,Review substantive buyer support; not an exclusion inference
https://www.bnbaccelerator.com/blog/parking-maintenance-short-term-rental/,2026-10-06T21:09:00Z,False,unknown,unknown,unknown,unknown,,not probed,not probed,True,False,not probed,https://www.bnbaccelerator.com/blog/parking-maintenance-short-term-rental/,not probed,True,2,operations,not returned,not returned,2026-09-06,2026-10-03,not probed,,Review substantive buyer support; not an exclusion inference
https://www.bnbaccelerator.com/blog/parking-occupancy-str-cap/,2026-10-06T21:09:00Z,False,unknown,unknown,unknown,unknown,,not probed,not probed,True,False,not probed,https://www.bnbaccelerator.com/blog/parking-occupancy-str-cap/,not probed,True,2,rules,not returned,not returned,2026-09-06,2026-10-03,not probed,,Review substantive buyer support; not an exclusion inference
https://www.bnbaccelerator.com/blog/parking-operations-short-term-rental/,2026-10-06T21:09:00Z,False,unknown,unknown,unknown,unknown,,not probed,not probed,True,False,not probed,https://www.bnbaccelerator.com/blog/parking-operations-short-term-rental/,not probed,True,2,operations,not returned,not returned,2026-09-06,2026-10-03,not probed,,Review substantive buyer support; not an exclusion inference
https://www.bnbaccelerator.com/blog/parking-repair-replace-short-term-rental/,2026-10-06T21:09:00Z,False,unknown,unknown,unknown,unknown,,not probed,not probed,True,False,not probed,https://www.bnbaccelerator.com/blog/parking-repair-replace-short-term-rental/,not probed,True,2,operations,not returned,not returned,2026-09-06,2026-10-03,not probed,,Review substantive buyer support; not an exclusion inference
https://www.bnbaccelerator.com/blog/parking-roi-short-term-rental/,2026-10-06T21:09:00Z,False,unknown,unknown,unknown,unknown,,not probed,not probed,True,False,not probed,https://www.bnbaccelerator.com/blog/parking-roi-short-term-rental/,not probed,True,2,revenue,not returned,not returned,2026-09-06,2026-10-03,not probed,,Review substantive buyer support; not an exclusion inference
https://www.bnbaccelerator.com/blog/participation-log-that-survives-audit/,2026-10-06T21:09:00Z,False,unknown,unknown,unknown,unknown,,not probed,not probed,True,False,not probed,https://www.bnbaccelerator.com/blog/participation-log-that-survives-audit/,not probed,True,4,tax,not returned,not returned,2026-09-06,2026-10-03,not probed,,Review substantive buyer support; not an exclusion inference
https://www.bnbaccelerator.com/blog/pay-off-debt-vs-down-payment-str-purchase/,2026-10-06T21:09:00Z,False,unknown,unknown,unknown,unknown,,not probed,not probed,True,False,not probed,https://www.bnbaccelerator.com/blog/pay-off-debt-vs-down-payment-str-purchase/,not probed,True,4,finance,not returned,not returned,2026-09-06,2026-10-03,not probed,,Review substantive buyer support; not an exclusion inference
https://www.bnbaccelerator.com/blog/pennsylvania-str-investing/,2026-10-06T21:09:00Z,False,unknown,unknown,unknown,unknown,,not probed,not probed,True,False,not probed,https://www.bnbaccelerator.com/blog/pennsylvania-str-investing/,not probed,True,6,market,not returned,not returned,2026-09-06,2026-10-03,not probed,,Review substantive buyer support; not an exclusion inference
https://www.bnbaccelerator.com/blog/pension-retirement-income-buy-str/,2026-10-06T21:09:00Z,False,unknown,unknown,unknown,unknown,,not probed,not probed,True,False,not probed,https://www.bnbaccelerator.com/blog/pension-retirement-income-buy-str/,not probed,True,4,finance,not returned,not returned,2026-09-06,2026-10-03,not probed,,Review substantive buyer support; not an exclusion inference
https://www.bnbaccelerator.com/blog/permit-pending-due-diligence-extension/,2026-10-07T00:09:34Z,True,NEUTRAL,INDEXING_STATE_UNSPECIFIED,Discovered - currently not indexed,,,200,https://www.bnbaccelerator.com/blog/permit-pending-due-diligence-extension/,True,False,False,https://www.bnbaccelerator.com/blog/permit-pending-due-diligence-extension/,https://www.bnbaccelerator.com/blog/permit-pending-due-diligence-extension/,True,4,contract,not returned,not returned,2026-09-06,2026-10-03,True,,Source-checked extension deadline and new-spend worksheet live; monitor discovery after settled interval; no diagnosed technical blocker
https://www.bnbaccelerator.com/blog/permits-that-do-not-transfer/,2026-10-06T21:09:00Z,False,unknown,unknown,unknown,unknown,,not probed,not probed,True,False,not probed,https://www.bnbaccelerator.com/blog/permits-that-do-not-transfer/,not probed,True,39,rules,not returned,not returned,2026-09-06,2026-10-03,not probed,,Review substantive buyer support; not an exclusion inference
https://www.bnbaccelerator.com/blog/personal-guarantee-llc-str-purchase-loan/,2026-10-07T00:29:56.736442+00:00,True,NEUTRAL,INDEXING_STATE_UNSPECIFIED,Discovered - currently not indexed,not reported,,200,https://www.bnbaccelerator.com/blog/personal-guarantee-llc-str-purchase-loan/,True,False,False,https://www.bnbaccelerator.com/blog/personal-guarantee-llc-str-purchase-loan/,https://www.bnbaccelerator.com/blog/personal-guarantee-llc-str-purchase-loan/,True,10,finance,not returned,not returned,2026-09-06,2026-10-03,True,,Live eligibility passed; returned discovery state is not a diagnosed technical cause; review substantive purchase support then measure after settled interval
https://www.bnbaccelerator.com/blog/pet-fence-budget-short-term-rental/,2026-10-06T21:09:00Z,False,unknown,unknown,unknown,unknown,,not probed,not probed,True,False,not probed,https://www.bnbaccelerator.com/blog/pet-fence-budget-short-term-rental/,not probed,True,2,finance,not returned,not returned,2026-09-06,2026-10-03,not probed,,Review substantive buyer support; not an exclusion inference
https://www.bnbaccelerator.com/blog/pet-fence-buying-short-term-rental/,2026-10-06T21:09:00Z,False,unknown,unknown,unknown,unknown,,not probed,not probed,True,False,not probed,https://www.bnbaccelerator.com/blog/pet-fence-buying-short-term-rental/,not probed,True,2,purchase,not returned,not returned,2026-09-06,2026-10-03,not probed,,Review substantive buyer support; not an exclusion inference
https://www.bnbaccelerator.com/blog/pet-fence-design-short-term-rental/,2026-10-06T21:09:00Z,False,unknown,unknown,unknown,unknown,,not probed,not probed,True,False,not probed,https://www.bnbaccelerator.com/blog/pet-fence-design-short-term-rental/,not probed,True,2,operations,not returned,not returned,2026-09-06,2026-10-03,not probed,,Review substantive buyer support; not an exclusion inference
https://www.bnbaccelerator.com/blog/pet-fence-inspection-short-term-rental/,2026-10-06T21:09:00Z,False,unknown,unknown,unknown,unknown,,not probed,not probed,True,False,not probed,https://www.bnbaccelerator.com/blog/pet-fence-inspection-short-term-rental/,not probed,True,2,purchase,not returned,not returned,2026-09-06,2026-10-03,not probed,,Review substantive buyer support; not an exclusion inference
https://www.bnbaccelerator.com/blog/pet-fence-insurance-short-term-rental/,2026-10-06T21:09:00Z,False,unknown,unknown,unknown,unknown,,not probed,not probed,True,False,not probed,https://www.bnbaccelerator.com/blog/pet-fence-insurance-short-term-rental/,not probed,True,2,operations,not returned,not returned,2026-09-06,2026-10-03,not probed,,Review substantive buyer support; not an exclusion inference
https://www.bnbaccelerator.com/blog/pet-fence-maintenance-short-term-rental/,2026-10-06T21:09:00Z,False,unknown,unknown,unknown,unknown,,not probed,not probed,True,False,not probed,https://www.bnbaccelerator.com/blog/pet-fence-maintenance-short-term-rental/,not probed,True,2,operations,not returned,not returned,2026-09-06,2026-10-03,not probed,,Review substantive buyer support; not an exclusion inference
https://www.bnbaccelerator.com/blog/pet-fence-operations-short-term-rental/,2026-10-06T21:09:00Z,False,unknown,unknown,unknown,unknown,,not probed,not probed,True,False,not probed,https://www.bnbaccelerator.com/blog/pet-fence-operations-short-term-rental/,not probed,True,2,operations,not returned,not returned,2026-09-06,2026-10-03,not probed,,Review substantive buyer support; not an exclusion inference
https://www.bnbaccelerator.com/blog/pet-fence-repair-replace-short-term-rental/,2026-10-06T21:09:00Z,False,unknown,unknown,unknown,unknown,,not probed,not probed,True,False,not probed,https://www.bnbaccelerator.com/blog/pet-fence-repair-replace-short-term-rental/,not probed,True,2,operations,not returned,not returned,2026-09-06,2026-10-03,not probed,,Review substantive buyer support; not an exclusion inference
https://www.bnbaccelerator.com/blog/pet-fence-roi-short-term-rental/,2026-10-06T21:09:00Z,False,unknown,unknown,unknown,unknown,,not probed,not probed,True,False,not probed,https://www.bnbaccelerator.com/blog/pet-fence-roi-short-term-rental/,not probed,True,2,revenue,not returned,not returned,2026-09-06,2026-10-03,not probed,,Review substantive buyer support; not an exclusion inference
https://www.bnbaccelerator.com/blog/pet-friendly-airbnb-strategy/,2026-10-06T21:09:00Z,False,unknown,unknown,unknown,unknown,,not probed,not probed,True,False,not probed,https://www.bnbaccelerator.com/blog/pet-friendly-airbnb-strategy/,not probed,True,5,operations,not returned,not returned,2026-09-06,2026-10-03,not probed,,Review substantive buyer support; not an exclusion inference
https://www.bnbaccelerator.com/blog/pets-and-the-guest-pool/,2026-10-06T21:09:00Z,False,unknown,unknown,unknown,unknown,,not probed,not probed,True,False,not probed,https://www.bnbaccelerator.com/blog/pets-and-the-guest-pool/,not probed,True,3,operations,not returned,not returned,2026-09-06,2026-10-03,not probed,,Review substantive buyer support; not an exclusion inference
https://www.bnbaccelerator.com/blog/phase-i-environmental-site-assessment-str-purchase/,2026-10-06T21:09:00Z,False,unknown,unknown,unknown,unknown,,not probed,not probed,True,False,not probed,https://www.bnbaccelerator.com/blog/phase-i-environmental-site-assessment-str-purchase/,not probed,True,2,purchase,not returned,not returned,2026-09-06,2026-10-03,not probed,,Review substantive buyer support; not an exclusion inference
https://www.bnbaccelerator.com/blog/phoenix-mesa-gilbert-chandler-comparison/,2026-10-06T21:09:00Z,False,unknown,unknown,unknown,unknown,,not probed,not probed,True,False,not probed,https://www.bnbaccelerator.com/blog/phoenix-mesa-gilbert-chandler-comparison/,not probed,True,5,service,not returned,not returned,2026-09-06,2026-10-03,not probed,,Review substantive buyer support; not an exclusion inference
https://www.bnbaccelerator.com/blog/physician-loan-buy-str-investment/,2026-10-06T21:09:00Z,False,unknown,unknown,unknown,unknown,,not probed,not probed,True,False,not probed,https://www.bnbaccelerator.com/blog/physician-loan-buy-str-investment/,not probed,True,2,finance,not returned,not returned,2026-09-06,2026-10-03,not probed,,Review substantive buyer support; not an exclusion inference
https://www.bnbaccelerator.com/blog/pocono-townships-regulation-map/,2026-10-06T21:09:00Z,False,unknown,unknown,unknown,unknown,,not probed,not probed,True,False,not probed,https://www.bnbaccelerator.com/blog/pocono-townships-regulation-map/,not probed,True,6,rules,not returned,not returned,2026-09-06,2026-10-03,not probed,,Review substantive buyer support; not an exclusion inference
https://www.bnbaccelerator.com/blog/poconos-airbnb-investing/,2026-10-06T21:09:00Z,False,unknown,unknown,unknown,unknown,,not probed,not probed,True,False,not probed,https://www.bnbaccelerator.com/blog/poconos-airbnb-investing/,not probed,True,10,market,2,0,2026-09-06,2026-10-03,not probed,,Review substantive buyer support; not an exclusion inference
https://www.bnbaccelerator.com/blog/pool-budget-short-term-rental/,2026-10-06T21:09:00Z,False,unknown,unknown,unknown,unknown,,not probed,not probed,True,False,not probed,https://www.bnbaccelerator.com/blog/pool-budget-short-term-rental/,not probed,True,2,finance,not returned,not returned,2026-09-06,2026-10-03,not probed,,Review substantive buyer support; not an exclusion inference
https://www.bnbaccelerator.com/blog/pool-buying-short-term-rental/,2026-10-06T21:09:00Z,False,unknown,unknown,unknown,unknown,,not probed,not probed,True,False,not probed,https://www.bnbaccelerator.com/blog/pool-buying-short-term-rental/,not probed,True,2,purchase,not returned,not returned,2026-09-06,2026-10-03,not probed,,Review substantive buyer support; not an exclusion inference
https://www.bnbaccelerator.com/blog/pool-design-short-term-rental/,2026-10-06T21:09:00Z,False,unknown,unknown,unknown,unknown,,not probed,not probed,True,False,not probed,https://www.bnbaccelerator.com/blog/pool-design-short-term-rental/,not probed,True,2,operations,not returned,not returned,2026-09-06,2026-10-03,not probed,,Review substantive buyer support; not an exclusion inference
https://www.bnbaccelerator.com/blog/pool-heating-cost-underwriting/,2026-10-06T21:09:00Z,False,unknown,unknown,unknown,unknown,,not probed,not probed,True,False,not probed,https://www.bnbaccelerator.com/blog/pool-heating-cost-underwriting/,not probed,True,2,revenue,not returned,not returned,2026-09-06,2026-10-03,not probed,,Review substantive buyer support; not an exclusion inference
https://www.bnbaccelerator.com/blog/pool-hot-tub-utility-easement-before-buying-str/,2026-10-06T21:09:00Z,False,unknown,unknown,unknown,unknown,,not probed,not probed,True,False,not probed,https://www.bnbaccelerator.com/blog/pool-hot-tub-utility-easement-before-buying-str/,not probed,True,2,purchase,not returned,not returned,2026-09-06,2026-10-03,not probed,,Review substantive buyer support; not an exclusion inference
https://www.bnbaccelerator.com/blog/pool-inspection-short-term-rental/,2026-10-06T21:09:00Z,False,unknown,unknown,unknown,unknown,,not probed,not probed,True,False,not probed,https://www.bnbaccelerator.com/blog/pool-inspection-short-term-rental/,not probed,True,2,purchase,not returned,not returned,2026-09-06,2026-10-03,not probed,,Review substantive buyer support; not an exclusion inference
https://www.bnbaccelerator.com/blog/pool-insurance-short-term-rental/,2026-10-06T21:09:00Z,False,unknown,unknown,unknown,unknown,,not probed,not probed,True,False,not probed,https://www.bnbaccelerator.com/blog/pool-insurance-short-term-rental/,not probed,True,2,operations,not returned,not returned,2026-09-06,2026-10-03,not probed,,Review substantive buyer support; not an exclusion inference
https://www.bnbaccelerator.com/blog/pool-maintenance-short-term-rental/,2026-10-06T21:09:00Z,False,unknown,unknown,unknown,unknown,,not probed,not probed,True,False,not probed,https://www.bnbaccelerator.com/blog/pool-maintenance-short-term-rental/,not probed,True,2,operations,not returned,not returned,2026-09-06,2026-10-03,not probed,,Review substantive buyer support; not an exclusion inference
https://www.bnbaccelerator.com/blog/pool-operations-short-term-rental/,2026-10-06T21:09:00Z,False,unknown,unknown,unknown,unknown,,not probed,not probed,True,False,not probed,https://www.bnbaccelerator.com/blog/pool-operations-short-term-rental/,not probed,True,2,operations,not returned,not returned,2026-09-06,2026-10-03,not probed,,Review substantive buyer support; not an exclusion inference
https://www.bnbaccelerator.com/blog/pool-repair-replace-short-term-rental/,2026-10-06T21:09:00Z,False,unknown,unknown,unknown,unknown,,not probed,not probed,True,False,not probed,https://www.bnbaccelerator.com/blog/pool-repair-replace-short-term-rental/,not probed,True,2,operations,not returned,not returned,2026-09-06,2026-10-03,not probed,,Review substantive buyer support; not an exclusion inference
https://www.bnbaccelerator.com/blog/pool-roi-short-term-rental/,2026-10-06T21:09:00Z,False,unknown,unknown,unknown,unknown,,not probed,not probed,True,False,not probed,https://www.bnbaccelerator.com/blog/pool-roi-short-term-rental/,not probed,True,2,revenue,not returned,not returned,2026-09-06,2026-10-03,not probed,,Review substantive buyer support; not an exclusion inference
https://www.bnbaccelerator.com/blog/pool-slide-liability-str/,2026-10-06T21:09:00Z,False,unknown,unknown,unknown,unknown,,not probed,not probed,True,False,not probed,https://www.bnbaccelerator.com/blog/pool-slide-liability-str/,not probed,True,2,operations,not returned,not returned,2026-09-06,2026-10-03,not probed,,Review substantive buyer support; not an exclusion inference
https://www.bnbaccelerator.com/blog/power-of-attorney-buy-str/,2026-10-06T21:09:00Z,False,unknown,unknown,unknown,unknown,,not probed,not probed,True,False,not probed,https://www.bnbaccelerator.com/blog/power-of-attorney-buy-str/,not probed,True,2,contract,not returned,not returned,2026-09-06,2026-10-03,not probed,,Review substantive buyer support; not an exclusion inference
https://www.bnbaccelerator.com/blog/preventive-maintenance-calendar/,2026-10-06T21:09:00Z,False,unknown,unknown,unknown,unknown,,not probed,not probed,True,False,not probed,https://www.bnbaccelerator.com/blog/preventive-maintenance-calendar/,not probed,True,251,operations,not returned,not returned,2026-09-06,2026-10-03,not probed,,Review substantive buyer support; not an exclusion inference
https://www.bnbaccelerator.com/blog/pricing-the-booking-window/,2026-10-06T21:09:00Z,False,unknown,unknown,unknown,unknown,,not probed,not probed,True,False,not probed,https://www.bnbaccelerator.com/blog/pricing-the-booking-window/,not probed,True,4,revenue,not returned,not returned,2026-09-06,2026-10-03,not probed,,Review substantive buyer support; not an exclusion inference
https://www.bnbaccelerator.com/blog/primary-residence-str-rule/,2026-10-06T21:09:00Z,False,unknown,unknown,unknown,unknown,,not probed,not probed,True,False,not probed,https://www.bnbaccelerator.com/blog/primary-residence-str-rule/,not probed,True,2,rules,not returned,not returned,2026-09-06,2026-10-03,not probed,,Review substantive buyer support; not an exclusion inference
https://www.bnbaccelerator.com/blog/private-road-maintenance-agreement-before-buying-str/,2026-10-06T21:09:00Z,False,unknown,unknown,unknown,unknown,,not probed,not probed,True,False,not probed,https://www.bnbaccelerator.com/blog/private-road-maintenance-agreement-before-buying-str/,not probed,True,8,operations,not returned,not returned,2026-09-06,2026-10-03,not probed,,Review substantive buyer support; not an exclusion inference
https://www.bnbaccelerator.com/blog/private-well-budget-short-term-rental/,2026-10-06T21:09:00Z,False,unknown,unknown,unknown,unknown,,not probed,not probed,True,False,not probed,https://www.bnbaccelerator.com/blog/private-well-budget-short-term-rental/,not probed,True,2,finance,not returned,not returned,2026-09-06,2026-10-03,not probed,,Review substantive buyer support; not an exclusion inference
https://www.bnbaccelerator.com/blog/private-well-buying-short-term-rental/,2026-10-06T21:09:00Z,False,unknown,unknown,unknown,unknown,,not probed,not probed,True,False,not probed,https://www.bnbaccelerator.com/blog/private-well-buying-short-term-rental/,not probed,True,5,purchase,not returned,not returned,2026-09-06,2026-10-03,not probed,,Review substantive buyer support; not an exclusion inference
https://www.bnbaccelerator.com/blog/private-well-design-short-term-rental/,2026-10-06T21:09:00Z,False,unknown,unknown,unknown,unknown,,not probed,not probed,True,False,not probed,https://www.bnbaccelerator.com/blog/private-well-design-short-term-rental/,not probed,True,2,operations,not returned,not returned,2026-09-06,2026-10-03,not probed,,Review substantive buyer support; not an exclusion inference
https://www.bnbaccelerator.com/blog/private-well-inspection-short-term-rental/,2026-10-06T21:09:00Z,False,unknown,unknown,unknown,unknown,,not probed,not probed,True,False,not probed,https://www.bnbaccelerator.com/blog/private-well-inspection-short-term-rental/,not probed,True,2,purchase,not returned,not returned,2026-09-06,2026-10-03,not probed,,Review substantive buyer support; not an exclusion inference
https://www.bnbaccelerator.com/blog/private-well-insurance-short-term-rental/,2026-10-06T21:09:00Z,False,unknown,unknown,unknown,unknown,,not probed,not probed,True,False,not probed,https://www.bnbaccelerator.com/blog/private-well-insurance-short-term-rental/,not probed,True,2,operations,not returned,not returned,2026-09-06,2026-10-03,not probed,,Review substantive buyer support; not an exclusion inference
https://www.bnbaccelerator.com/blog/private-well-maintenance-short-term-rental/,2026-10-06T21:09:00Z,False,unknown,unknown,unknown,unknown,,not probed,not probed,True,False,not probed,https://www.bnbaccelerator.com/blog/private-well-maintenance-short-term-rental/,not probed,True,2,operations,not returned,not returned,2026-09-06,2026-10-03,not probed,,Review substantive buyer support; not an exclusion inference
https://www.bnbaccelerator.com/blog/private-well-operations-short-term-rental/,2026-10-06T21:09:00Z,False,unknown,unknown,unknown,unknown,,not probed,not probed,True,False,not probed,https://www.bnbaccelerator.com/blog/private-well-operations-short-term-rental/,not probed,True,2,operations,not returned,not returned,2026-09-06,2026-10-03,not probed,,Review substantive buyer support; not an exclusion inference
https://www.bnbaccelerator.com/blog/private-well-repair-replace-short-term-rental/,2026-10-06T21:09:00Z,False,unknown,unknown,unknown,unknown,,not probed,not probed,True,False,not probed,https://www.bnbaccelerator.com/blog/private-well-repair-replace-short-term-rental/,not probed,True,2,operations,not returned,not returned,2026-09-06,2026-10-03,not probed,,Review substantive buyer support; not an exclusion inference
https://www.bnbaccelerator.com/blog/private-well-roi-short-term-rental/,2026-10-06T21:09:00Z,False,unknown,unknown,unknown,unknown,,not probed,not probed,True,False,not probed,https://www.bnbaccelerator.com/blog/private-well-roi-short-term-rental/,not probed,True,2,revenue,not returned,not returned,2026-09-06,2026-10-03,not probed,,Review substantive buyer support; not an exclusion inference
https://www.bnbaccelerator.com/blog/propane-tank-before-buying-str/,2026-10-06T21:09:00Z,False,unknown,unknown,unknown,unknown,,not probed,not probed,True,False,not probed,https://www.bnbaccelerator.com/blog/propane-tank-before-buying-str/,not probed,True,5,purchase,not returned,not returned,2026-09-06,2026-10-03,not probed,,Review substantive buyer support; not an exclusion inference
https://www.bnbaccelerator.com/blog/property-manager-hours-record/,2026-10-06T21:09:00Z,False,unknown,unknown,unknown,unknown,,not probed,not probed,True,False,not probed,https://www.bnbaccelerator.com/blog/property-manager-hours-record/,not probed,True,2,tax,not returned,not returned,2026-09-06,2026-10-03,not probed,,Review substantive buyer support; not an exclusion inference
https://www.bnbaccelerator.com/blog/property-tax-reset-after-buying-str/,2026-10-06T21:09:00Z,False,unknown,unknown,unknown,unknown,,not probed,not probed,True,False,not probed,https://www.bnbaccelerator.com/blog/property-tax-reset-after-buying-str/,not probed,True,2,tax,not returned,not returned,2026-09-06,2026-10-03,not probed,,Review substantive buyer support; not an exclusion inference
https://www.bnbaccelerator.com/blog/qbi-deduction-short-term-rentals/,2026-10-06T21:09:00Z,False,unknown,unknown,unknown,unknown,,not probed,not probed,True,False,not probed,https://www.bnbaccelerator.com/blog/qbi-deduction-short-term-rentals/,not probed,True,3,tax,not returned,not returned,2026-09-06,2026-10-03,not probed,,Review substantive buyer support; not an exclusion inference
https://www.bnbaccelerator.com/blog/radon-test-before-buying-str/,2026-10-06T21:09:00Z,False,unknown,unknown,unknown,unknown,,not probed,not probed,True,False,not probed,https://www.bnbaccelerator.com/blog/radon-test-before-buying-str/,not probed,True,2,purchase,not returned,not returned,2026-09-06,2026-10-03,not probed,,Review substantive buyer support; not an exclusion inference
https://www.bnbaccelerator.com/blog/rate-buydown-str-investment/,2026-10-06T21:09:00Z,False,unknown,unknown,unknown,unknown,,not probed,not probed,True,False,not probed,https://www.bnbaccelerator.com/blog/rate-buydown-str-investment/,not probed,True,3,finance,not returned,not returned,2026-09-06,2026-10-03,not probed,,Review substantive buyer support; not an exclusion inference
https://www.bnbaccelerator.com/blog/reading-a-dscr-term-sheet/,2026-10-06T23:26:30Z,False,PASS,INDEXING_ALLOWED,Submitted and indexed,2026-09-27T02:06:03Z,,200,https://www.bnbaccelerator.com/blog/reading-a-dscr-term-sheet/,True,False,False,https://www.bnbaccelerator.com/blog/reading-a-dscr-term-sheet/,https://www.bnbaccelerator.com/blog/reading-a-dscr-term-sheet/,True,11,finance,not returned,not returned,2026-09-06,2026-10-03,True,,Refreshed quote and payoff worksheet live; prior indexing confirms URL not revised body; monitor recrawl
https://www.bnbaccelerator.com/blog/reading-an-hoa-declaration/,2026-10-07T02:16:43Z,True,NEUTRAL,INDEXING_STATE_UNSPECIFIED,Discovered - currently not indexed,not reported,,200,https://www.bnbaccelerator.com/blog/reading-an-hoa-declaration/,True,False,False,https://www.bnbaccelerator.com/blog/reading-an-hoa-declaration/,https://www.bnbaccelerator.com/blog/reading-an-hoa-declaration/,True,13,rules,not returned,not returned,2026-09-06,2026-10-03,True,,Source-checked HOA document guide live ff6d80e5; monitor actual indexing separately from eligibility and submission; no diagnosed technical barrier
https://www.bnbaccelerator.com/blog/rebrand-str-before-sale/,2026-10-06T21:09:00Z,False,unknown,unknown,unknown,unknown,,not probed,not probed,True,False,not probed,https://www.bnbaccelerator.com/blog/rebrand-str-before-sale/,not probed,True,2,purchase,not returned,not returned,2026-09-06,2026-10-03,not probed,,Review substantive buyer support; not an exclusion inference
https://www.bnbaccelerator.com/blog/reconcile-airbnb-payout-export/,2026-10-06T21:09:00Z,False,unknown,unknown,unknown,unknown,,not probed,not probed,True,False,not probed,https://www.bnbaccelerator.com/blog/reconcile-airbnb-payout-export/,not probed,True,86,revenue,not returned,not returned,2026-09-06,2026-10-03,not probed,,Review substantive buyer support; not an exclusion inference
https://www.bnbaccelerator.com/blog/refinance-after-str-stabilization/,2026-10-07T00:30:03.332517+00:00,True,NEUTRAL,INDEXING_STATE_UNSPECIFIED,URL is unknown to Google,not reported,,200,https://www.bnbaccelerator.com/blog/refinance-after-str-stabilization/,True,False,False,https://www.bnbaccelerator.com/blog/refinance-after-str-stabilization/,https://www.bnbaccelerator.com/blog/refinance-after-str-stabilization/,True,4,finance,not returned,not returned,2026-09-06,2026-10-03,True,,Live eligibility passed; returned discovery state is not a diagnosed technical cause; review substantive purchase support then measure after settled interval
https://www.bnbaccelerator.com/blog/retaining-wall-before-buying-str/,2026-10-06T21:09:00Z,False,unknown,unknown,unknown,unknown,,not probed,not probed,True,False,not probed,https://www.bnbaccelerator.com/blog/retaining-wall-before-buying-str/,not probed,True,2,purchase,not returned,not returned,2026-09-06,2026-10-03,not probed,,Review substantive buyer support; not an exclusion inference
https://www.bnbaccelerator.com/blog/reverse-mortgage-proceeds-buy-str/,2026-10-06T21:09:00Z,False,unknown,unknown,unknown,unknown,,not probed,not probed,True,False,not probed,https://www.bnbaccelerator.com/blog/reverse-mortgage-proceeds-buy-str/,not probed,True,2,finance,not returned,not returned,2026-09-06,2026-10-03,not probed,,Review substantive buyer support; not an exclusion inference
https://www.bnbaccelerator.com/blog/reverse-offset-method-explained/,2026-10-06T21:09:00Z,False,unknown,unknown,unknown,unknown,,not probed,not probed,True,False,not probed,https://www.bnbaccelerator.com/blog/reverse-offset-method-explained/,not probed,True,8,purchase,not returned,not returned,2026-09-06,2026-10-03,not probed,,Review substantive buyer support; not an exclusion inference
https://www.bnbaccelerator.com/blog/reviews-compound-like-interest/,2026-10-06T21:09:00Z,False,unknown,unknown,unknown,unknown,,not probed,not probed,True,False,not probed,https://www.bnbaccelerator.com/blog/reviews-compound-like-interest/,not probed,True,11,service,2,0,2026-09-06,2026-10-03,not probed,,Review substantive buyer support; not an exclusion inference
https://www.bnbaccelerator.com/blog/roof-age-str-policy-binding/,2026-10-07T01:17:23Z,True,NEUTRAL,INDEXING_STATE_UNSPECIFIED,URL is unknown to Google,unknown,,200,https://www.bnbaccelerator.com/blog/roof-age-str-policy-binding/,True,False,False,https://www.bnbaccelerator.com/blog/roof-age-str-policy-binding/,https://www.bnbaccelerator.com/blog/roof-age-str-policy-binding/,True,5,purchase insurance diligence,not returned,not returned,2026-09-06,2026-10-03,True,,Expanded roof binding evidence and funding sequence; monitor discovery without inferring exclusion cause
https://www.bnbaccelerator.com/blog/roof-budget-short-term-rental/,2026-10-06T21:09:00Z,False,unknown,unknown,unknown,unknown,,not probed,not probed,True,False,not probed,https://www.bnbaccelerator.com/blog/roof-budget-short-term-rental/,not probed,True,2,finance,not returned,not returned,2026-09-06,2026-10-03,not probed,,Review substantive buyer support; not an exclusion inference
https://www.bnbaccelerator.com/blog/roof-buying-short-term-rental/,2026-10-06T21:09:00Z,False,unknown,unknown,unknown,unknown,,not probed,not probed,True,False,not probed,https://www.bnbaccelerator.com/blog/roof-buying-short-term-rental/,not probed,True,2,purchase,not returned,not returned,2026-09-06,2026-10-03,not probed,,Review substantive buyer support; not an exclusion inference
https://www.bnbaccelerator.com/blog/roof-design-short-term-rental/,2026-10-06T21:09:00Z,False,unknown,unknown,unknown,unknown,,not probed,not probed,True,False,not probed,https://www.bnbaccelerator.com/blog/roof-design-short-term-rental/,not probed,True,2,operations,not returned,not returned,2026-09-06,2026-10-03,not probed,,Review substantive buyer support; not an exclusion inference
https://www.bnbaccelerator.com/blog/roof-inspection-short-term-rental/,2026-10-06T21:09:00Z,False,unknown,unknown,unknown,unknown,,not probed,not probed,True,False,not probed,https://www.bnbaccelerator.com/blog/roof-inspection-short-term-rental/,not probed,True,5,purchase,not returned,not returned,2026-09-06,2026-10-03,not probed,,Review substantive buyer support; not an exclusion inference
https://www.bnbaccelerator.com/blog/roof-insurance-short-term-rental/,2026-10-06T21:09:00Z,False,unknown,unknown,unknown,unknown,,not probed,not probed,True,False,not probed,https://www.bnbaccelerator.com/blog/roof-insurance-short-term-rental/,not probed,True,2,operations,not returned,not returned,2026-09-06,2026-10-03,not probed,,Review substantive buyer support; not an exclusion inference
https://www.bnbaccelerator.com/blog/roof-maintenance-short-term-rental/,2026-10-06T21:09:00Z,False,unknown,unknown,unknown,unknown,,not probed,not probed,True,False,not probed,https://www.bnbaccelerator.com/blog/roof-maintenance-short-term-rental/,not probed,True,2,operations,not returned,not returned,2026-09-06,2026-10-03,not probed,,Review substantive buyer support; not an exclusion inference
https://www.bnbaccelerator.com/blog/roof-operations-short-term-rental/,2026-10-06T21:09:00Z,False,unknown,unknown,unknown,unknown,,not probed,not probed,True,False,not probed,https://www.bnbaccelerator.com/blog/roof-operations-short-term-rental/,not probed,True,2,operations,not returned,not returned,2026-09-06,2026-10-03,not probed,,Review substantive buyer support; not an exclusion inference
https://www.bnbaccelerator.com/blog/roof-repair-replace-short-term-rental/,2026-10-06T21:09:00Z,False,unknown,unknown,unknown,unknown,,not probed,not probed,True,False,not probed,https://www.bnbaccelerator.com/blog/roof-repair-replace-short-term-rental/,not probed,True,2,operations,not returned,not returned,2026-09-06,2026-10-03,not probed,,Review substantive buyer support; not an exclusion inference
https://www.bnbaccelerator.com/blog/roof-roi-short-term-rental/,2026-10-06T21:09:00Z,False,unknown,unknown,unknown,unknown,,not probed,not probed,True,False,not probed,https://www.bnbaccelerator.com/blog/roof-roi-short-term-rental/,not probed,True,2,revenue,not returned,not returned,2026-09-06,2026-10-03,not probed,,Review substantive buyer support; not an exclusion inference
https://www.bnbaccelerator.com/blog/rsu-income-qualify-str-purchase/,2026-10-07T00:30:09.909653+00:00,True,NEUTRAL,INDEXING_STATE_UNSPECIFIED,URL is unknown to Google,not reported,,200,https://www.bnbaccelerator.com/blog/rsu-income-qualify-str-purchase/,True,False,False,https://www.bnbaccelerator.com/blog/rsu-income-qualify-str-purchase/,https://www.bnbaccelerator.com/blog/rsu-income-qualify-str-purchase/,True,4,finance,not returned,not returned,2026-09-06,2026-10-03,True,,Live eligibility passed; returned discovery state is not a diagnosed technical cause; review substantive purchase support then measure after settled interval
https://www.bnbaccelerator.com/blog/saint-augustine-florida-str-market/,2026-10-06T21:09:00Z,False,unknown,unknown,unknown,unknown,,not probed,not probed,True,False,not probed,https://www.bnbaccelerator.com/blog/saint-augustine-florida-str-market/,not probed,True,4,market,not returned,not returned,2026-09-06,2026-10-03,not probed,,Review substantive buyer support; not an exclusion inference
https://www.bnbaccelerator.com/blog/same-day-turn-time-budget/,2026-10-06T21:09:00Z,False,unknown,unknown,unknown,unknown,,not probed,not probed,True,False,not probed,https://www.bnbaccelerator.com/blog/same-day-turn-time-budget/,not probed,True,2,operations,not returned,not returned,2026-09-06,2026-10-03,not probed,,Review substantive buyer support; not an exclusion inference
https://www.bnbaccelerator.com/blog/santa-rosa-beach-30a-str-market/,2026-10-06T21:09:00Z,False,unknown,unknown,unknown,unknown,,not probed,not probed,True,False,not probed,https://www.bnbaccelerator.com/blog/santa-rosa-beach-30a-str-market/,not probed,True,10,market,not returned,not returned,2026-09-06,2026-10-03,not probed,,Review substantive buyer support; not an exclusion inference
https://www.bnbaccelerator.com/blog/sauna-budget-short-term-rental/,2026-10-06T21:09:00Z,False,unknown,unknown,unknown,unknown,,not probed,not probed,True,False,not probed,https://www.bnbaccelerator.com/blog/sauna-budget-short-term-rental/,not probed,True,2,finance,not returned,not returned,2026-09-06,2026-10-03,not probed,,Review substantive buyer support; not an exclusion inference
https://www.bnbaccelerator.com/blog/sauna-buying-short-term-rental/,2026-10-06T21:09:00Z,False,unknown,unknown,unknown,unknown,,not probed,not probed,True,False,not probed,https://www.bnbaccelerator.com/blog/sauna-buying-short-term-rental/,not probed,True,2,purchase,not returned,not returned,2026-09-06,2026-10-03,not probed,,Review substantive buyer support; not an exclusion inference
https://www.bnbaccelerator.com/blog/sauna-design-short-term-rental/,2026-10-06T21:09:00Z,False,unknown,unknown,unknown,unknown,,not probed,not probed,True,False,not probed,https://www.bnbaccelerator.com/blog/sauna-design-short-term-rental/,not probed,True,2,operations,not returned,not returned,2026-09-06,2026-10-03,not probed,,Review substantive buyer support; not an exclusion inference
https://www.bnbaccelerator.com/blog/sauna-inspection-short-term-rental/,2026-10-06T21:09:00Z,False,unknown,unknown,unknown,unknown,,not probed,not probed,True,False,not probed,https://www.bnbaccelerator.com/blog/sauna-inspection-short-term-rental/,not probed,True,2,purchase,not returned,not returned,2026-09-06,2026-10-03,not probed,,Review substantive buyer support; not an exclusion inference
https://www.bnbaccelerator.com/blog/sauna-insurance-short-term-rental/,2026-10-06T21:09:00Z,False,unknown,unknown,unknown,unknown,,not probed,not probed,True,False,not probed,https://www.bnbaccelerator.com/blog/sauna-insurance-short-term-rental/,not probed,True,2,operations,not returned,not returned,2026-09-06,2026-10-03,not probed,,Review substantive buyer support; not an exclusion inference
https://www.bnbaccelerator.com/blog/sauna-maintenance-short-term-rental/,2026-10-06T21:09:00Z,False,unknown,unknown,unknown,unknown,,not probed,not probed,True,False,not probed,https://www.bnbaccelerator.com/blog/sauna-maintenance-short-term-rental/,not probed,True,2,operations,not returned,not returned,2026-09-06,2026-10-03,not probed,,Review substantive buyer support; not an exclusion inference
https://www.bnbaccelerator.com/blog/sauna-operations-short-term-rental/,2026-10-06T21:09:00Z,False,unknown,unknown,unknown,unknown,,not probed,not probed,True,False,not probed,https://www.bnbaccelerator.com/blog/sauna-operations-short-term-rental/,not probed,True,2,operations,not returned,not returned,2026-09-06,2026-10-03,not probed,,Review substantive buyer support; not an exclusion inference
https://www.bnbaccelerator.com/blog/sauna-repair-replace-short-term-rental/,2026-10-06T21:09:00Z,False,unknown,unknown,unknown,unknown,,not probed,not probed,True,False,not probed,https://www.bnbaccelerator.com/blog/sauna-repair-replace-short-term-rental/,not probed,True,2,operations,not returned,not returned,2026-09-06,2026-10-03,not probed,,Review substantive buyer support; not an exclusion inference
https://www.bnbaccelerator.com/blog/sauna-roi-short-term-rental/,2026-10-06T21:09:00Z,False,unknown,unknown,unknown,unknown,,not probed,not probed,True,False,not probed,https://www.bnbaccelerator.com/blog/sauna-roi-short-term-rental/,not probed,True,2,revenue,not returned,not returned,2026-09-06,2026-10-03,not probed,,Review substantive buyer support; not an exclusion inference
https://www.bnbaccelerator.com/blog/sba-loan-buy-short-term-rental/,2026-10-06T21:09:00Z,False,unknown,unknown,unknown,unknown,,not probed,not probed,True,False,not probed,https://www.bnbaccelerator.com/blog/sba-loan-buy-short-term-rental/,not probed,True,2,finance,not returned,not returned,2026-09-06,2026-10-03,not probed,,Review substantive buyer support; not an exclusion inference
https://www.bnbaccelerator.com/blog/scale-from-1-to-10-airbnbs/,2026-10-06T21:09:00Z,False,unknown,unknown,unknown,unknown,,not probed,not probed,True,False,not probed,https://www.bnbaccelerator.com/blog/scale-from-1-to-10-airbnbs/,not probed,True,16,purchase,not returned,not returned,2026-09-06,2026-10-03,not probed,,Review substantive buyer support; not an exclusion inference
https://www.bnbaccelerator.com/blog/scottsdale-airbnb-investing/,2026-10-06T21:09:00Z,False,unknown,unknown,unknown,unknown,,not probed,not probed,True,False,not probed,https://www.bnbaccelerator.com/blog/scottsdale-airbnb-investing/,not probed,True,9,market,not returned,not returned,2026-09-06,2026-10-03,not probed,,Review substantive buyer support; not an exclusion inference
https://www.bnbaccelerator.com/blog/scottsdale-event-compression/,2026-10-06T21:09:00Z,False,unknown,unknown,unknown,unknown,,not probed,not probed,True,False,not probed,https://www.bnbaccelerator.com/blog/scottsdale-event-compression/,not probed,True,5,market,not returned,not returned,2026-09-06,2026-10-03,not probed,,Review substantive buyer support; not an exclusion inference
https://www.bnbaccelerator.com/blog/seawall-bulkhead-inspection-before-buying-str/,2026-10-06T21:09:00Z,False,unknown,unknown,unknown,unknown,,not probed,not probed,True,False,not probed,https://www.bnbaccelerator.com/blog/seawall-bulkhead-inspection-before-buying-str/,not probed,True,2,purchase,not returned,not returned,2026-09-06,2026-10-03,not probed,,Review substantive buyer support; not an exclusion inference
https://www.bnbaccelerator.com/blog/second-home-loan-rental-intent/,2026-10-06T21:09:00Z,True,PASS,INDEXING_ALLOWED,Submitted and indexed,2026-09-27T01:52:40Z,,200,https://www.bnbaccelerator.com/blog/second-home-loan-rental-intent/,True,False,False,https://www.bnbaccelerator.com/blog/second-home-loan-rental-intent/,https://www.bnbaccelerator.com/blog/second-home-loan-rental-intent/,True,8,finance,3,0,2026-09-06,2026-10-03,True,,Preserve confirmed indexed page; improve buyer usefulness as needed
https://www.bnbaccelerator.com/blog/second-home-that-pays-for-itself/,2026-10-06T21:09:00Z,False,unknown,unknown,unknown,unknown,,not probed,not probed,True,False,not probed,https://www.bnbaccelerator.com/blog/second-home-that-pays-for-itself/,not probed,True,3,purchase,not returned,not returned,2026-09-06,2026-10-03,not probed,,Review substantive buyer support; not an exclusion inference
https://www.bnbaccelerator.com/blog/second-home-vs-investment-property/,2026-10-06T21:09:00Z,True,PASS,INDEXING_ALLOWED,Submitted and indexed,2026-09-26T02:31:29Z,,200,https://www.bnbaccelerator.com/blog/second-home-vs-investment-property/,True,False,False,https://www.bnbaccelerator.com/blog/second-home-vs-investment-property/,https://www.bnbaccelerator.com/blog/second-home-vs-investment-property/,True,8,purchase,4,0,2026-09-06,2026-10-03,True,,Preserve confirmed indexed page; improve buyer usefulness as needed
https://www.bnbaccelerator.com/blog/securities-backed-str-down-payment/,2026-10-07T00:30:16.473751+00:00,True,NEUTRAL,INDEXING_STATE_UNSPECIFIED,Discovered - currently not indexed,not reported,,200,https://www.bnbaccelerator.com/blog/securities-backed-str-down-payment/,True,False,False,https://www.bnbaccelerator.com/blog/securities-backed-str-down-payment/,https://www.bnbaccelerator.com/blog/securities-backed-str-down-payment/,True,7,finance,not returned,not returned,2026-09-06,2026-10-03,True,,Live eligibility passed; returned discovery state is not a diagnosed technical cause; review substantive purchase support then measure after settled interval
https://www.bnbaccelerator.com/blog/security-camera-privacy-str/,2026-10-06T21:09:00Z,False,unknown,unknown,unknown,unknown,,not probed,not probed,True,False,not probed,https://www.bnbaccelerator.com/blog/security-camera-privacy-str/,not probed,True,3,operations,not returned,not returned,2026-09-06,2026-10-03,not probed,,Review substantive buyer support; not an exclusion inference
https://www.bnbaccelerator.com/blog/security-cameras-budget-short-term-rental/,2026-10-06T21:09:00Z,False,unknown,unknown,unknown,unknown,,not probed,not probed,True,False,not probed,https://www.bnbaccelerator.com/blog/security-cameras-budget-short-term-rental/,not probed,True,2,finance,not returned,not returned,2026-09-06,2026-10-03,not probed,,Review substantive buyer support; not an exclusion inference
https://www.bnbaccelerator.com/blog/security-cameras-buying-short-term-rental/,2026-10-06T21:09:00Z,False,unknown,unknown,unknown,unknown,,not probed,not probed,True,False,not probed,https://www.bnbaccelerator.com/blog/security-cameras-buying-short-term-rental/,not probed,True,2,purchase,not returned,not returned,2026-09-06,2026-10-03,not probed,,Review substantive buyer support; not an exclusion inference
https://www.bnbaccelerator.com/blog/security-cameras-design-short-term-rental/,2026-10-06T21:09:00Z,False,unknown,unknown,unknown,unknown,,not probed,not probed,True,False,not probed,https://www.bnbaccelerator.com/blog/security-cameras-design-short-term-rental/,not probed,True,2,operations,not returned,not returned,2026-09-06,2026-10-03,not probed,,Review substantive buyer support; not an exclusion inference
https://www.bnbaccelerator.com/blog/security-cameras-inspection-short-term-rental/,2026-10-06T21:09:00Z,False,unknown,unknown,unknown,unknown,,not probed,not probed,True,False,not probed,https://www.bnbaccelerator.com/blog/security-cameras-inspection-short-term-rental/,not probed,True,2,purchase,not returned,not returned,2026-09-06,2026-10-03,not probed,,Review substantive buyer support; not an exclusion inference
https://www.bnbaccelerator.com/blog/security-cameras-insurance-short-term-rental/,2026-10-06T21:09:00Z,False,unknown,unknown,unknown,unknown,,not probed,not probed,True,False,not probed,https://www.bnbaccelerator.com/blog/security-cameras-insurance-short-term-rental/,not probed,True,2,operations,not returned,not returned,2026-09-06,2026-10-03,not probed,,Review substantive buyer support; not an exclusion inference
https://www.bnbaccelerator.com/blog/security-cameras-maintenance-short-term-rental/,2026-10-06T21:09:00Z,False,unknown,unknown,unknown,unknown,,not probed,not probed,True,False,not probed,https://www.bnbaccelerator.com/blog/security-cameras-maintenance-short-term-rental/,not probed,True,2,operations,not returned,not returned,2026-09-06,2026-10-03,not probed,,Review substantive buyer support; not an exclusion inference
https://www.bnbaccelerator.com/blog/security-cameras-operations-short-term-rental/,2026-10-06T21:09:00Z,False,unknown,unknown,unknown,unknown,,not probed,not probed,True,False,not probed,https://www.bnbaccelerator.com/blog/security-cameras-operations-short-term-rental/,not probed,True,2,operations,not returned,not returned,2026-09-06,2026-10-03,not probed,,Review substantive buyer support; not an exclusion inference
https://www.bnbaccelerator.com/blog/security-cameras-repair-replace-short-term-rental/,2026-10-06T21:09:00Z,False,unknown,unknown,unknown,unknown,,not probed,not probed,True,False,not probed,https://www.bnbaccelerator.com/blog/security-cameras-repair-replace-short-term-rental/,not probed,True,2,operations,not returned,not returned,2026-09-06,2026-10-03,not probed,,Review substantive buyer support; not an exclusion inference
https://www.bnbaccelerator.com/blog/security-cameras-roi-short-term-rental/,2026-10-06T21:09:00Z,False,unknown,unknown,unknown,unknown,,not probed,not probed,True,False,not probed,https://www.bnbaccelerator.com/blog/security-cameras-roi-short-term-rental/,not probed,True,2,revenue,not returned,not returned,2026-09-06,2026-10-03,not probed,,Review substantive buyer support; not an exclusion inference
https://www.bnbaccelerator.com/blog/sedona-arizona-str-market/,2026-10-06T21:09:00Z,False,unknown,unknown,unknown,unknown,,not probed,not probed,True,False,not probed,https://www.bnbaccelerator.com/blog/sedona-arizona-str-market/,not probed,True,5,market,2,1,2026-09-06,2026-10-03,not probed,,Review substantive buyer support; not an exclusion inference
https://www.bnbaccelerator.com/blog/self-directed-ira-buy-short-term-rental/,2026-10-06T21:09:00Z,False,unknown,unknown,unknown,unknown,,not probed,not probed,True,False,not probed,https://www.bnbaccelerator.com/blog/self-directed-ira-buy-short-term-rental/,not probed,True,2,purchase,not returned,not returned,2026-09-06,2026-10-03,not probed,,Review substantive buyer support; not an exclusion inference
https://www.bnbaccelerator.com/blog/sell-stock-fund-str-purchase/,2026-10-06T21:09:00Z,False,unknown,unknown,unknown,unknown,,not probed,not probed,True,False,not probed,https://www.bnbaccelerator.com/blog/sell-stock-fund-str-purchase/,not probed,True,2,purchase,not returned,not returned,2026-09-06,2026-10-03,not probed,,Review substantive buyer support; not an exclusion inference
https://www.bnbaccelerator.com/blog/sell-str-with-furniture/,2026-10-06T21:09:00Z,False,unknown,unknown,unknown,unknown,,not probed,not probed,True,False,not probed,https://www.bnbaccelerator.com/blog/sell-str-with-furniture/,not probed,True,2,purchase,not returned,not returned,2026-09-06,2026-10-03,not probed,,Review substantive buyer support; not an exclusion inference
https://www.bnbaccelerator.com/blog/seller-airbnb-listing-still-live-at-closing/,2026-10-06T21:09:00Z,False,unknown,unknown,unknown,unknown,,not probed,not probed,True,False,not probed,https://www.bnbaccelerator.com/blog/seller-airbnb-listing-still-live-at-closing/,not probed,True,5,contract,1,0,2026-09-06,2026-10-03,not probed,,Review substantive buyer support; not an exclusion inference
https://www.bnbaccelerator.com/blog/seller-airbnb-photos-purchase-rights/,2026-10-06T21:09:00Z,False,unknown,unknown,unknown,unknown,,not probed,not probed,True,False,not probed,https://www.bnbaccelerator.com/blog/seller-airbnb-photos-purchase-rights/,not probed,True,3,purchase,not returned,not returned,2026-09-06,2026-10-03,not probed,,Review substantive buyer support; not an exclusion inference
https://www.bnbaccelerator.com/blog/seller-credit-str-furnishings/,2026-10-07T00:30:23.140352+00:00,True,NEUTRAL,INDEXING_STATE_UNSPECIFIED,URL is unknown to Google,not reported,,200,https://www.bnbaccelerator.com/blog/seller-credit-str-furnishings/,True,False,False,https://www.bnbaccelerator.com/blog/seller-credit-str-furnishings/,https://www.bnbaccelerator.com/blog/seller-credit-str-furnishings/,True,3,contract,not returned,not returned,2026-09-06,2026-10-03,True,,Live eligibility passed; returned discovery state is not a diagnosed technical cause; review substantive purchase support then measure after settled interval
https://www.bnbaccelerator.com/blog/seller-finance-str-sale/,2026-10-06T21:09:00Z,False,unknown,unknown,unknown,unknown,,not probed,not probed,True,False,not probed,https://www.bnbaccelerator.com/blog/seller-finance-str-sale/,not probed,True,2,finance,not returned,not returned,2026-09-06,2026-10-03,not probed,,Review substantive buyer support; not an exclusion inference
https://www.bnbaccelerator.com/blog/seller-financing-balloon-str/,2026-10-07T00:30:29.738715+00:00,True,NEUTRAL,INDEXING_STATE_UNSPECIFIED,URL is unknown to Google,not reported,,200,https://www.bnbaccelerator.com/blog/seller-financing-balloon-str/,True,False,False,https://www.bnbaccelerator.com/blog/seller-financing-balloon-str/,https://www.bnbaccelerator.com/blog/seller-financing-balloon-str/,True,3,finance,not returned,not returned,2026-09-06,2026-10-03,True,,Live eligibility passed; returned discovery state is not a diagnosed technical cause; review substantive purchase support then measure after settled interval
https://www.bnbaccelerator.com/blog/seller-new-str-bookings-during-escrow/,2026-10-06T21:09:00Z,False,unknown,unknown,unknown,unknown,,not probed,not probed,True,False,not probed,https://www.bnbaccelerator.com/blog/seller-new-str-bookings-during-escrow/,not probed,True,2,contract,not returned,not returned,2026-09-06,2026-10-03,not probed,,Review substantive buyer support; not an exclusion inference
https://www.bnbaccelerator.com/blog/seller-proforma-vs-trailing-revenue/,2026-10-06T21:09:00Z,True,PASS,INDEXING_ALLOWED,Submitted and indexed,2026-09-26T17:36:36Z,,200,https://www.bnbaccelerator.com/blog/seller-proforma-vs-trailing-revenue/,True,False,False,https://www.bnbaccelerator.com/blog/seller-proforma-vs-trailing-revenue/,https://www.bnbaccelerator.com/blog/seller-proforma-vs-trailing-revenue/,True,8,revenue,1,0,2026-09-06,2026-10-03,True,,Preserve confirmed indexed page; improve buyer usefulness as needed
https://www.bnbaccelerator.com/blog/septic-pumping-occupancy-cost/,2026-10-06T21:09:00Z,False,unknown,unknown,unknown,unknown,,not probed,not probed,True,False,not probed,https://www.bnbaccelerator.com/blog/septic-pumping-occupancy-cost/,not probed,True,2,revenue,not returned,not returned,2026-09-06,2026-10-03,not probed,,Review substantive buyer support; not an exclusion inference
https://www.bnbaccelerator.com/blog/septic-system-budget-short-term-rental/,2026-10-06T21:09:00Z,False,unknown,unknown,unknown,unknown,,not probed,not probed,True,False,not probed,https://www.bnbaccelerator.com/blog/septic-system-budget-short-term-rental/,not probed,True,2,finance,not returned,not returned,2026-09-06,2026-10-03,not probed,,Review substantive buyer support; not an exclusion inference
https://www.bnbaccelerator.com/blog/septic-system-buying-short-term-rental/,2026-10-06T21:09:00Z,False,unknown,unknown,unknown,unknown,,not probed,not probed,True,False,not probed,https://www.bnbaccelerator.com/blog/septic-system-buying-short-term-rental/,not probed,True,2,purchase,not returned,not returned,2026-09-06,2026-10-03,not probed,,Review substantive buyer support; not an exclusion inference
https://www.bnbaccelerator.com/blog/septic-system-design-short-term-rental/,2026-10-06T21:09:00Z,False,unknown,unknown,unknown,unknown,,not probed,not probed,True,False,not probed,https://www.bnbaccelerator.com/blog/septic-system-design-short-term-rental/,not probed,True,2,operations,not returned,not returned,2026-09-06,2026-10-03,not probed,,Review substantive buyer support; not an exclusion inference
https://www.bnbaccelerator.com/blog/septic-system-inspection-short-term-rental/,2026-10-06T21:09:00Z,False,unknown,unknown,unknown,unknown,,not probed,not probed,True,False,not probed,https://www.bnbaccelerator.com/blog/septic-system-inspection-short-term-rental/,not probed,True,3,purchase,not returned,not returned,2026-09-06,2026-10-03,not probed,,Review substantive buyer support; not an exclusion inference
https://www.bnbaccelerator.com/blog/septic-system-insurance-short-term-rental/,2026-10-06T21:09:00Z,False,unknown,unknown,unknown,unknown,,not probed,not probed,True,False,not probed,https://www.bnbaccelerator.com/blog/septic-system-insurance-short-term-rental/,not probed,True,2,operations,not returned,not returned,2026-09-06,2026-10-03,not probed,,Review substantive buyer support; not an exclusion inference
https://www.bnbaccelerator.com/blog/septic-system-maintenance-short-term-rental/,2026-10-06T21:09:00Z,False,unknown,unknown,unknown,unknown,,not probed,not probed,True,False,not probed,https://www.bnbaccelerator.com/blog/septic-system-maintenance-short-term-rental/,not probed,True,2,operations,not returned,not returned,2026-09-06,2026-10-03,not probed,,Review substantive buyer support; not an exclusion inference
https://www.bnbaccelerator.com/blog/septic-system-operations-short-term-rental/,2026-10-06T21:09:00Z,False,unknown,unknown,unknown,unknown,,not probed,not probed,True,False,not probed,https://www.bnbaccelerator.com/blog/septic-system-operations-short-term-rental/,not probed,True,2,operations,not returned,not returned,2026-09-06,2026-10-03,not probed,,Review substantive buyer support; not an exclusion inference
https://www.bnbaccelerator.com/blog/septic-system-repair-replace-short-term-rental/,2026-10-06T21:09:00Z,False,unknown,unknown,unknown,unknown,,not probed,not probed,True,False,not probed,https://www.bnbaccelerator.com/blog/septic-system-repair-replace-short-term-rental/,not probed,True,2,operations,not returned,not returned,2026-09-06,2026-10-03,not probed,,Review substantive buyer support; not an exclusion inference
https://www.bnbaccelerator.com/blog/septic-system-roi-short-term-rental/,2026-10-06T21:09:00Z,False,unknown,unknown,unknown,unknown,,not probed,not probed,True,False,not probed,https://www.bnbaccelerator.com/blog/septic-system-roi-short-term-rental/,not probed,True,2,revenue,not returned,not returned,2026-09-06,2026-10-03,not probed,,Review substantive buyer support; not an exclusion inference
https://www.bnbaccelerator.com/blog/setting-expectations-in-the-listing/,2026-10-06T21:09:00Z,False,unknown,unknown,unknown,unknown,,not probed,not probed,True,False,not probed,https://www.bnbaccelerator.com/blog/setting-expectations-in-the-listing/,not probed,True,4,operations,not returned,not returned,2026-09-06,2026-10-03,not probed,,Review substantive buyer support; not an exclusion inference
https://www.bnbaccelerator.com/blog/sevierville-gatlinburg-airbnb/,2026-10-06T21:09:00Z,False,unknown,unknown,unknown,unknown,,not probed,not probed,True,False,not probed,https://www.bnbaccelerator.com/blog/sevierville-gatlinburg-airbnb/,not probed,True,13,market,not returned,not returned,2026-09-06,2026-10-03,not probed,,Review substantive buyer support; not an exclusion inference
https://www.bnbaccelerator.com/blog/sewer-scope-before-buying-str/,2026-10-06T21:09:00Z,False,unknown,unknown,unknown,unknown,,not probed,not probed,True,False,not probed,https://www.bnbaccelerator.com/blog/sewer-scope-before-buying-str/,not probed,True,3,purchase,not returned,not returned,2026-09-06,2026-10-03,not probed,,Review substantive buyer support; not an exclusion inference
https://www.bnbaccelerator.com/blog/shared-well-agreement-before-buying-str/,2026-10-06T21:09:00Z,False,unknown,unknown,unknown,unknown,,not probed,not probed,True,False,not probed,https://www.bnbaccelerator.com/blog/shared-well-agreement-before-buying-str/,not probed,True,2,purchase,not returned,not returned,2026-09-06,2026-10-03,not probed,,Review substantive buyer support; not an exclusion inference
https://www.bnbaccelerator.com/blog/short-term-rental-buy-box/,2026-10-06T21:09:00Z,True,PASS,INDEXING_ALLOWED,Submitted and indexed,2026-09-26T17:41:34Z,,200,https://www.bnbaccelerator.com/blog/short-term-rental-buy-box/,True,False,False,https://www.bnbaccelerator.com/blog/short-term-rental-buy-box/,https://www.bnbaccelerator.com/blog/short-term-rental-buy-box/,True,75,purchase,3,0,2026-09-06,2026-10-03,True,,Preserve confirmed indexed page; improve buyer usefulness as needed
https://www.bnbaccelerator.com/blog/short-term-rental-financing/,2026-10-06T21:09:00Z,False,unknown,unknown,unknown,unknown,,not probed,not probed,True,False,not probed,https://www.bnbaccelerator.com/blog/short-term-rental-financing/,not probed,True,13,finance,not returned,not returned,2026-09-06,2026-10-03,not probed,,Review substantive buyer support; not an exclusion inference
https://www.bnbaccelerator.com/blog/short-term-rental-investing-2026/,2026-10-06T21:09:00Z,False,unknown,unknown,unknown,unknown,,not probed,not probed,True,False,not probed,https://www.bnbaccelerator.com/blog/short-term-rental-investing-2026/,not probed,True,14,purchase,10,0,2026-09-06,2026-10-03,not probed,,Review substantive buyer support; not an exclusion inference
https://www.bnbaccelerator.com/blog/short-term-rental-market-analysis/,2026-10-06T21:09:00Z,False,unknown,unknown,unknown,unknown,,not probed,not probed,True,False,not probed,https://www.bnbaccelerator.com/blog/short-term-rental-market-analysis/,not probed,True,35,market,not returned,not returned,2026-09-06,2026-10-03,not probed,,Review substantive buyer support; not an exclusion inference
https://www.bnbaccelerator.com/blog/short-term-rental-tax-deductions/,2026-10-06T21:09:00Z,False,unknown,unknown,unknown,unknown,,not probed,not probed,True,False,not probed,https://www.bnbaccelerator.com/blog/short-term-rental-tax-deductions/,not probed,True,7,tax,8,0,2026-09-06,2026-10-03,not probed,,Review substantive buyer support; not an exclusion inference
https://www.bnbaccelerator.com/blog/shoulder-season-str-strategy/,2026-10-06T21:09:00Z,False,unknown,unknown,unknown,unknown,,not probed,not probed,True,False,not probed,https://www.bnbaccelerator.com/blog/shoulder-season-str-strategy/,not probed,True,2,revenue,not returned,not returned,2026-09-06,2026-10-03,not probed,,Review substantive buyer support; not an exclusion inference
https://www.bnbaccelerator.com/blog/single-metro-drive-market-risk/,2026-10-06T21:09:00Z,False,unknown,unknown,unknown,unknown,,not probed,not probed,True,False,not probed,https://www.bnbaccelerator.com/blog/single-metro-drive-market-risk/,not probed,True,6,market,not returned,not returned,2026-09-06,2026-10-03,not probed,,Review substantive buyer support; not an exclusion inference
https://www.bnbaccelerator.com/blog/slope-stability-geotechnical-assessment-before-buying-str/,2026-10-06T21:09:00Z,False,unknown,unknown,unknown,unknown,,not probed,not probed,True,False,not probed,https://www.bnbaccelerator.com/blog/slope-stability-geotechnical-assessment-before-buying-str/,not probed,True,4,purchase,not returned,not returned,2026-09-06,2026-10-03,not probed,,Review substantive buyer support; not an exclusion inference
https://www.bnbaccelerator.com/blog/smart-lock-budget-short-term-rental/,2026-10-06T21:09:00Z,False,unknown,unknown,unknown,unknown,,not probed,not probed,True,False,not probed,https://www.bnbaccelerator.com/blog/smart-lock-budget-short-term-rental/,not probed,True,2,finance,not returned,not returned,2026-09-06,2026-10-03,not probed,,Review substantive buyer support; not an exclusion inference
https://www.bnbaccelerator.com/blog/smart-lock-buying-short-term-rental/,2026-10-06T21:09:00Z,False,unknown,unknown,unknown,unknown,,not probed,not probed,True,False,not probed,https://www.bnbaccelerator.com/blog/smart-lock-buying-short-term-rental/,not probed,True,2,purchase,not returned,not returned,2026-09-06,2026-10-03,not probed,,Review substantive buyer support; not an exclusion inference
https://www.bnbaccelerator.com/blog/smart-lock-design-short-term-rental/,2026-10-06T21:09:00Z,False,unknown,unknown,unknown,unknown,,not probed,not probed,True,False,not probed,https://www.bnbaccelerator.com/blog/smart-lock-design-short-term-rental/,not probed,True,2,operations,not returned,not returned,2026-09-06,2026-10-03,not probed,,Review substantive buyer support; not an exclusion inference
https://www.bnbaccelerator.com/blog/smart-lock-inspection-short-term-rental/,2026-10-06T21:09:00Z,False,unknown,unknown,unknown,unknown,,not probed,not probed,True,False,not probed,https://www.bnbaccelerator.com/blog/smart-lock-inspection-short-term-rental/,not probed,True,2,purchase,not returned,not returned,2026-09-06,2026-10-03,not probed,,Review substantive buyer support; not an exclusion inference
https://www.bnbaccelerator.com/blog/smart-lock-insurance-short-term-rental/,2026-10-06T21:09:00Z,False,unknown,unknown,unknown,unknown,,not probed,not probed,True,False,not probed,https://www.bnbaccelerator.com/blog/smart-lock-insurance-short-term-rental/,not probed,True,2,operations,not returned,not returned,2026-09-06,2026-10-03,not probed,,Review substantive buyer support; not an exclusion inference
https://www.bnbaccelerator.com/blog/smart-lock-maintenance-short-term-rental/,2026-10-06T21:09:00Z,False,unknown,unknown,unknown,unknown,,not probed,not probed,True,False,not probed,https://www.bnbaccelerator.com/blog/smart-lock-maintenance-short-term-rental/,not probed,True,2,operations,not returned,not returned,2026-09-06,2026-10-03,not probed,,Review substantive buyer support; not an exclusion inference
https://www.bnbaccelerator.com/blog/smart-lock-operations-short-term-rental/,2026-10-06T21:09:00Z,False,unknown,unknown,unknown,unknown,,not probed,not probed,True,False,not probed,https://www.bnbaccelerator.com/blog/smart-lock-operations-short-term-rental/,not probed,True,2,operations,not returned,not returned,2026-09-06,2026-10-03,not probed,,Review substantive buyer support; not an exclusion inference
https://www.bnbaccelerator.com/blog/smart-lock-repair-replace-short-term-rental/,2026-10-06T21:09:00Z,False,unknown,unknown,unknown,unknown,,not probed,not probed,True,False,not probed,https://www.bnbaccelerator.com/blog/smart-lock-repair-replace-short-term-rental/,not probed,True,2,operations,not returned,not returned,2026-09-06,2026-10-03,not probed,,Review substantive buyer support; not an exclusion inference
https://www.bnbaccelerator.com/blog/smart-lock-roi-short-term-rental/,2026-10-06T21:09:00Z,False,unknown,unknown,unknown,unknown,,not probed,not probed,True,False,not probed,https://www.bnbaccelerator.com/blog/smart-lock-roi-short-term-rental/,not probed,True,2,revenue,not returned,not returned,2026-09-06,2026-10-03,not probed,,Review substantive buyer support; not an exclusion inference
https://www.bnbaccelerator.com/blog/smoky-mountains-submarket-differences/,2026-10-06T21:09:00Z,False,unknown,unknown,unknown,unknown,,not probed,not probed,True,False,not probed,https://www.bnbaccelerator.com/blog/smoky-mountains-submarket-differences/,not probed,True,13,market,not returned,not returned,2026-09-06,2026-10-03,not probed,,Review substantive buyer support; not an exclusion inference
https://www.bnbaccelerator.com/blog/snow-removal-cost-str/,2026-10-06T21:09:00Z,False,unknown,unknown,unknown,unknown,,not probed,not probed,True,False,not probed,https://www.bnbaccelerator.com/blog/snow-removal-cost-str/,not probed,True,3,revenue,not returned,not returned,2026-09-06,2026-10-03,not probed,,Review substantive buyer support; not an exclusion inference
https://www.bnbaccelerator.com/blog/solar-budget-short-term-rental/,2026-10-06T21:09:00Z,False,unknown,unknown,unknown,unknown,,not probed,not probed,True,False,not probed,https://www.bnbaccelerator.com/blog/solar-budget-short-term-rental/,not probed,True,2,finance,not returned,not returned,2026-09-06,2026-10-03,not probed,,Review substantive buyer support; not an exclusion inference
https://www.bnbaccelerator.com/blog/solar-buying-short-term-rental/,2026-10-06T21:09:00Z,False,unknown,unknown,unknown,unknown,,not probed,not probed,True,False,not probed,https://www.bnbaccelerator.com/blog/solar-buying-short-term-rental/,not probed,True,3,purchase,not returned,not returned,2026-09-06,2026-10-03,not probed,,Review substantive buyer support; not an exclusion inference
https://www.bnbaccelerator.com/blog/solar-design-short-term-rental/,2026-10-06T21:09:00Z,False,unknown,unknown,unknown,unknown,,not probed,not probed,True,False,not probed,https://www.bnbaccelerator.com/blog/solar-design-short-term-rental/,not probed,True,2,operations,not returned,not returned,2026-09-06,2026-10-03,not probed,,Review substantive buyer support; not an exclusion inference
https://www.bnbaccelerator.com/blog/solar-inspection-short-term-rental/,2026-10-06T21:09:00Z,False,unknown,unknown,unknown,unknown,,not probed,not probed,True,False,not probed,https://www.bnbaccelerator.com/blog/solar-inspection-short-term-rental/,not probed,True,2,purchase,not returned,not returned,2026-09-06,2026-10-03,not probed,,Review substantive buyer support; not an exclusion inference
https://www.bnbaccelerator.com/blog/solar-insurance-short-term-rental/,2026-10-06T21:09:00Z,False,unknown,unknown,unknown,unknown,,not probed,not probed,True,False,not probed,https://www.bnbaccelerator.com/blog/solar-insurance-short-term-rental/,not probed,True,2,operations,not returned,not returned,2026-09-06,2026-10-03,not probed,,Review substantive buyer support; not an exclusion inference
https://www.bnbaccelerator.com/blog/solar-lease-ppa-transfer-before-buying-str/,2026-10-06T21:09:00Z,False,unknown,unknown,unknown,unknown,,not probed,not probed,True,False,not probed,https://www.bnbaccelerator.com/blog/solar-lease-ppa-transfer-before-buying-str/,not probed,True,2,purchase,not returned,not returned,2026-09-06,2026-10-03,not probed,,Review substantive buyer support; not an exclusion inference
https://www.bnbaccelerator.com/blog/solar-maintenance-short-term-rental/,2026-10-06T21:09:00Z,False,unknown,unknown,unknown,unknown,,not probed,not probed,True,False,not probed,https://www.bnbaccelerator.com/blog/solar-maintenance-short-term-rental/,not probed,True,2,operations,not returned,not returned,2026-09-06,2026-10-03,not probed,,Review substantive buyer support; not an exclusion inference
https://www.bnbaccelerator.com/blog/solar-operations-short-term-rental/,2026-10-06T21:09:00Z,False,unknown,unknown,unknown,unknown,,not probed,not probed,True,False,not probed,https://www.bnbaccelerator.com/blog/solar-operations-short-term-rental/,not probed,True,2,operations,not returned,not returned,2026-09-06,2026-10-03,not probed,,Review substantive buyer support; not an exclusion inference
https://www.bnbaccelerator.com/blog/solar-repair-replace-short-term-rental/,2026-10-06T21:09:00Z,False,unknown,unknown,unknown,unknown,,not probed,not probed,True,False,not probed,https://www.bnbaccelerator.com/blog/solar-repair-replace-short-term-rental/,not probed,True,2,operations,not returned,not returned,2026-09-06,2026-10-03,not probed,,Review substantive buyer support; not an exclusion inference
https://www.bnbaccelerator.com/blog/solar-roi-short-term-rental/,2026-10-06T21:09:00Z,False,unknown,unknown,unknown,unknown,,not probed,not probed,True,False,not probed,https://www.bnbaccelerator.com/blog/solar-roi-short-term-rental/,not probed,True,2,revenue,not returned,not returned,2026-09-06,2026-10-03,not probed,,Review substantive buyer support; not an exclusion inference
https://www.bnbaccelerator.com/blog/spouse-material-participation/,2026-10-06T21:09:00Z,False,unknown,unknown,unknown,unknown,,not probed,not probed,True,False,not probed,https://www.bnbaccelerator.com/blog/spouse-material-participation/,not probed,True,7,tax,not returned,not returned,2026-09-06,2026-10-03,not probed,,Review substantive buyer support; not an exclusion inference
https://www.bnbaccelerator.com/blog/state-tax-conformity-str/,2026-10-06T21:09:00Z,False,unknown,unknown,unknown,unknown,,not probed,not probed,True,False,not probed,https://www.bnbaccelerator.com/blog/state-tax-conformity-str/,not probed,True,6,tax,not returned,not returned,2026-09-06,2026-10-03,not probed,,Review substantive buyer support; not an exclusion inference
https://www.bnbaccelerator.com/blog/str-1099-payout-reconciliation/,2026-10-07T02:26:03Z,True,PASS,INDEXING_ALLOWED,Submitted and indexed,2026-10-03T02:14:30Z,,200,https://www.bnbaccelerator.com/blog/str-1099-payout-reconciliation/,True,False,False,https://www.bnbaccelerator.com/blog/str-1099-payout-reconciliation/,https://www.bnbaccelerator.com/blog/str-1099-payout-reconciliation/,True,2,tax,2,0,2026-09-06,2026-10-03,True,,Monitor indexed URL after substantive scope-register refresh; last Google crawl precedes revision; no performance gain inferred
https://www.bnbaccelerator.com/blog/str-appraisal-income-approach/,2026-10-06T23:47:49Z,True,NEUTRAL,INDEXING_STATE_UNSPECIFIED,URL is unknown to Google,,,200,https://www.bnbaccelerator.com/blog/str-appraisal-income-approach/,True,False,False,https://www.bnbaccelerator.com/blog/str-appraisal-income-approach/,https://www.bnbaccelerator.com/blog/str-appraisal-income-approach/,True,4,finance,not returned,not returned,2026-09-06,2026-10-03,True,,Expanded source-checked valuation evidence guide live; monitor discovery after settled interval; no diagnosed technical blocker
https://www.bnbaccelerator.com/blog/str-booking-window-season/,2026-10-06T21:09:00Z,False,unknown,unknown,unknown,unknown,,not probed,not probed,True,False,not probed,https://www.bnbaccelerator.com/blog/str-booking-window-season/,not probed,True,2,revenue,not returned,not returned,2026-09-06,2026-10-03,not probed,,Review substantive buyer support; not an exclusion inference
https://www.bnbaccelerator.com/blog/str-bookkeeping-records/,2026-10-06T21:09:00Z,False,unknown,unknown,unknown,unknown,,not probed,not probed,True,False,not probed,https://www.bnbaccelerator.com/blog/str-bookkeeping-records/,not probed,True,13,operations,1,0,2026-09-06,2026-10-03,not probed,,Review substantive buyer support; not an exclusion inference
https://www.bnbaccelerator.com/blog/str-buyer-agent-vs-acquisition-team/,2026-10-06T21:09:00Z,False,unknown,unknown,unknown,unknown,,not probed,not probed,True,False,not probed,https://www.bnbaccelerator.com/blog/str-buyer-agent-vs-acquisition-team/,not probed,True,49,service,not returned,not returned,2026-09-06,2026-10-03,not probed,,Review substantive buyer support; not an exclusion inference
https://www.bnbaccelerator.com/blog/str-cap-rate-sale-price/,2026-10-06T21:09:00Z,False,unknown,unknown,unknown,unknown,,not probed,not probed,True,False,not probed,https://www.bnbaccelerator.com/blog/str-cap-rate-sale-price/,not probed,True,3,purchase,not returned,not returned,2026-09-06,2026-10-03,not probed,,Review substantive buyer support; not an exclusion inference
https://www.bnbaccelerator.com/blog/str-capex-planning/,2026-10-06T21:09:00Z,True,PASS,INDEXING_ALLOWED,Submitted and indexed,2026-09-26T17:13:10Z,,200,https://www.bnbaccelerator.com/blog/str-capex-planning/,True,False,False,https://www.bnbaccelerator.com/blog/str-capex-planning/,https://www.bnbaccelerator.com/blog/str-capex-planning/,True,10,operations,2,0,2026-09-06,2026-10-03,True,,Preserve confirmed indexed page; improve buyer usefulness as needed
https://www.bnbaccelerator.com/blog/str-cash-out-refinance/,2026-10-06T21:09:00Z,True,PASS,INDEXING_ALLOWED,Submitted and indexed,2026-09-23T12:14:40Z,,200,https://www.bnbaccelerator.com/blog/str-cash-out-refinance/,True,False,False,https://www.bnbaccelerator.com/blog/str-cash-out-refinance/,https://www.bnbaccelerator.com/blog/str-cash-out-refinance/,True,6,finance,1,0,2026-09-06,2026-10-03,True,,Preserve confirmed indexed page; improve buyer usefulness as needed
https://www.bnbaccelerator.com/blog/str-cash-reserves-seasonality/,2026-10-06T21:09:00Z,False,unknown,unknown,unknown,unknown,,not probed,not probed,True,False,not probed,https://www.bnbaccelerator.com/blog/str-cash-reserves-seasonality/,not probed,True,44,finance,not returned,not returned,2026-09-06,2026-10-03,not probed,,Review substantive buyer support; not an exclusion inference
https://www.bnbaccelerator.com/blog/str-complaint-permit-revocation/,2026-10-06T21:09:00Z,False,unknown,unknown,unknown,unknown,,not probed,not probed,True,False,not probed,https://www.bnbaccelerator.com/blog/str-complaint-permit-revocation/,not probed,True,2,rules,not returned,not returned,2026-09-06,2026-10-03,not probed,,Review substantive buyer support; not an exclusion inference
https://www.bnbaccelerator.com/blog/str-condo-master-policy-insurance-gap/,2026-10-06T21:09:00Z,False,unknown,unknown,unknown,unknown,,not probed,not probed,True,False,not probed,https://www.bnbaccelerator.com/blog/str-condo-master-policy-insurance-gap/,not probed,True,2,operations,not returned,not returned,2026-09-06,2026-10-03,not probed,,Review substantive buyer support; not an exclusion inference
https://www.bnbaccelerator.com/blog/str-condo-project-financing-eligibility/,2026-10-07T00:30:36.325107+00:00,True,PASS,INDEXING_ALLOWED,Submitted and indexed,2026-10-05T04:48:01+00:00,,200,https://www.bnbaccelerator.com/blog/str-condo-project-financing-eligibility/,True,False,False,https://www.bnbaccelerator.com/blog/str-condo-project-financing-eligibility/,https://www.bnbaccelerator.com/blog/str-condo-project-financing-eligibility/,True,6,finance,not returned,not returned,2026-09-06,2026-10-03,True,,Preserve confirmed indexed URL; review substantive buyer support without assuming recent body recrawl
https://www.bnbaccelerator.com/blog/str-consumables-cost-per-stay/,2026-10-06T21:09:00Z,False,unknown,unknown,unknown,unknown,,not probed,not probed,True,False,not probed,https://www.bnbaccelerator.com/blog/str-consumables-cost-per-stay/,not probed,True,2,revenue,not returned,not returned,2026-09-06,2026-10-03,not probed,,Review substantive buyer support; not an exclusion inference
https://www.bnbaccelerator.com/blog/str-density-cap-waitlist/,2026-10-06T21:09:00Z,False,unknown,unknown,unknown,unknown,,not probed,not probed,True,False,not probed,https://www.bnbaccelerator.com/blog/str-density-cap-waitlist/,not probed,True,2,rules,not returned,not returned,2026-09-06,2026-10-03,not probed,,Review substantive buyer support; not an exclusion inference
https://www.bnbaccelerator.com/blog/str-due-diligence-checklist/,2026-10-07T00:14:32Z,True,PASS,INDEXING_ALLOWED,Submitted and indexed,2026-09-24T15:04:35Z,,200,https://www.bnbaccelerator.com/blog/str-due-diligence-checklist/,True,False,False,https://www.bnbaccelerator.com/blog/str-due-diligence-checklist/,https://www.bnbaccelerator.com/blog/str-due-diligence-checklist/,True,313,purchase,not returned,not returned,2026-09-06,2026-10-03,True,,Source-checked diligence purchase worksheet live; indexed URL confirmed but revised body not yet confirmed crawled; monitor after settled interval
https://www.bnbaccelerator.com/blog/str-entity-books-owner-expenses/,2026-10-06T21:09:00Z,False,unknown,unknown,unknown,unknown,,not probed,not probed,True,False,not probed,https://www.bnbaccelerator.com/blog/str-entity-books-owner-expenses/,not probed,True,2,tax,not returned,not returned,2026-09-06,2026-10-03,not probed,,Review substantive buyer support; not an exclusion inference
https://www.bnbaccelerator.com/blog/str-entity-structure-basics/,2026-10-06T23:56:33Z,True,NEUTRAL,INDEXING_STATE_UNSPECIFIED,Discovered - currently not indexed,,,200,https://www.bnbaccelerator.com/blog/str-entity-structure-basics/,True,False,False,https://www.bnbaccelerator.com/blog/str-entity-structure-basics/,https://www.bnbaccelerator.com/blog/str-entity-structure-basics/,True,4,tax,not returned,not returned,2026-09-06,2026-10-03,True,,Source-checked purchase approval sequence live; monitor discovery after settled interval; no diagnosed technical blocker
https://www.bnbaccelerator.com/blog/str-exit-strategy/,2026-10-06T21:09:00Z,False,unknown,unknown,unknown,unknown,,not probed,not probed,True,False,not probed,https://www.bnbaccelerator.com/blog/str-exit-strategy/,not probed,True,16,purchase,not returned,not returned,2026-09-06,2026-10-03,not probed,,Review substantive buyer support; not an exclusion inference
https://www.bnbaccelerator.com/blog/str-fire-inspection-closing/,2026-10-06T21:09:00Z,False,unknown,unknown,unknown,unknown,,not probed,not probed,True,False,not probed,https://www.bnbaccelerator.com/blog/str-fire-inspection-closing/,not probed,True,3,rules,not returned,not returned,2026-09-06,2026-10-03,not probed,,Review substantive buyer support; not an exclusion inference
https://www.bnbaccelerator.com/blog/str-furniture-bill-of-sale/,2026-10-07T01:26:29Z,True,NEUTRAL,INDEXING_STATE_UNSPECIFIED,URL is unknown to Google,unknown,,200,https://www.bnbaccelerator.com/blog/str-furniture-bill-of-sale/,True,False,False,https://www.bnbaccelerator.com/blog/str-furniture-bill-of-sale/,https://www.bnbaccelerator.com/blog/str-furniture-bill-of-sale/,True,3,purchase inventory diligence,not returned,not returned,2026-09-06,2026-10-03,True,,Expanded ownership and inventory acceptance; monitor discovery without diagnosing exclusion
https://www.bnbaccelerator.com/blog/str-insurance-quote-before-purchase-offer/,2026-10-06T21:09:00Z,False,unknown,unknown,unknown,unknown,,not probed,not probed,True,False,not probed,https://www.bnbaccelerator.com/blog/str-insurance-quote-before-purchase-offer/,not probed,True,4,contract,not returned,not returned,2026-09-06,2026-10-03,not probed,,Review substantive buyer support; not an exclusion inference
https://www.bnbaccelerator.com/blog/str-investing-for-attorneys/,2026-10-06T21:09:00Z,False,unknown,unknown,unknown,unknown,,not probed,not probed,True,False,not probed,https://www.bnbaccelerator.com/blog/str-investing-for-attorneys/,not probed,True,3,purchase,not returned,not returned,2026-09-06,2026-10-03,not probed,,Review substantive buyer support; not an exclusion inference
https://www.bnbaccelerator.com/blog/str-investing-for-business-owners/,2026-10-06T21:09:00Z,False,unknown,unknown,unknown,unknown,,not probed,not probed,True,False,not probed,https://www.bnbaccelerator.com/blog/str-investing-for-business-owners/,not probed,True,4,purchase,not returned,not returned,2026-09-06,2026-10-03,not probed,,Review substantive buyer support; not an exclusion inference
https://www.bnbaccelerator.com/blog/str-investing-for-executives/,2026-10-06T21:09:00Z,False,unknown,unknown,unknown,unknown,,not probed,not probed,True,False,not probed,https://www.bnbaccelerator.com/blog/str-investing-for-executives/,not probed,True,3,purchase,not returned,not returned,2026-09-06,2026-10-03,not probed,,Review substantive buyer support; not an exclusion inference
https://www.bnbaccelerator.com/blog/str-investing-for-physicians/,2026-10-06T21:09:00Z,False,unknown,unknown,unknown,unknown,,not probed,not probed,True,False,not probed,https://www.bnbaccelerator.com/blog/str-investing-for-physicians/,not probed,True,5,purchase,not returned,not returned,2026-09-06,2026-10-03,not probed,,Review substantive buyer support; not an exclusion inference
https://www.bnbaccelerator.com/blog/str-investing-for-practice-owners/,2026-10-06T21:09:00Z,False,unknown,unknown,unknown,unknown,,not probed,not probed,True,False,not probed,https://www.bnbaccelerator.com/blog/str-investing-for-practice-owners/,not probed,True,3,purchase,not returned,not returned,2026-09-06,2026-10-03,not probed,,Review substantive buyer support; not an exclusion inference
https://www.bnbaccelerator.com/blog/str-investing-glossary/,2026-10-06T21:09:00Z,False,unknown,unknown,unknown,unknown,,not probed,not probed,True,False,not probed,https://www.bnbaccelerator.com/blog/str-investing-glossary/,not probed,True,5,purchase,not returned,not returned,2026-09-06,2026-10-03,not probed,,Review substantive buyer support; not an exclusion inference
https://www.bnbaccelerator.com/blog/str-investing-mistakes/,2026-10-06T21:09:00Z,False,unknown,unknown,unknown,unknown,,not probed,not probed,True,False,not probed,https://www.bnbaccelerator.com/blog/str-investing-mistakes/,not probed,True,17,purchase,2,0,2026-09-06,2026-10-03,not probed,,Review substantive buyer support; not an exclusion inference
https://www.bnbaccelerator.com/blog/str-lender-reserve-requirements/,2026-10-06T23:30:18Z,False,NEUTRAL,INDEXING_STATE_UNSPECIFIED,URL is unknown to Google,not reported,,200,https://www.bnbaccelerator.com/blog/str-lender-reserve-requirements/,True,False,False,https://www.bnbaccelerator.com/blog/str-lender-reserve-requirements/,https://www.bnbaccelerator.com/blog/str-lender-reserve-requirements/,True,17,finance,not returned,not returned,2026-09-06,2026-10-03,True,,Source-checked reserve and launch cash worksheet live; unknown to Google is not a diagnosed technical barrier; monitor discovery
https://www.bnbaccelerator.com/blog/str-license-renewal-calendar/,2026-10-06T21:09:00Z,False,unknown,unknown,unknown,unknown,,not probed,not probed,True,False,not probed,https://www.bnbaccelerator.com/blog/str-license-renewal-calendar/,not probed,True,2,rules,not returned,not returned,2026-09-06,2026-10-03,not probed,,Review substantive buyer support; not an exclusion inference
https://www.bnbaccelerator.com/blog/str-long-hold-basis-planning/,2026-10-06T21:09:00Z,False,unknown,unknown,unknown,unknown,,not probed,not probed,True,False,not probed,https://www.bnbaccelerator.com/blog/str-long-hold-basis-planning/,not probed,True,3,tax,not returned,not returned,2026-09-06,2026-10-03,not probed,,Review substantive buyer support; not an exclusion inference
https://www.bnbaccelerator.com/blog/str-long-term-rental-fallback/,2026-10-06T21:09:00Z,False,unknown,unknown,unknown,unknown,,not probed,not probed,True,False,not probed,https://www.bnbaccelerator.com/blog/str-long-term-rental-fallback/,not probed,True,2,purchase,not returned,not returned,2026-09-06,2026-10-03,not probed,,Review substantive buyer support; not an exclusion inference
https://www.bnbaccelerator.com/blog/str-loophole-vs-reps/,2026-10-06T21:09:00Z,False,unknown,unknown,unknown,unknown,,not probed,not probed,True,False,not probed,https://www.bnbaccelerator.com/blog/str-loophole-vs-reps/,not probed,True,15,tax,not returned,not returned,2026-09-06,2026-10-03,not probed,,Review substantive buyer support; not an exclusion inference
https://www.bnbaccelerator.com/blog/str-maintenance-response-sla/,2026-10-06T21:09:00Z,False,unknown,unknown,unknown,unknown,,not probed,not probed,True,False,not probed,https://www.bnbaccelerator.com/blog/str-maintenance-response-sla/,not probed,True,2,operations,not returned,not returned,2026-09-06,2026-10-03,not probed,,Review substantive buyer support; not an exclusion inference
https://www.bnbaccelerator.com/blog/str-management-agreement-termination/,2026-10-07T01:36:18Z,True,NEUTRAL,INDEXING_STATE_UNSPECIFIED,URL is unknown to Google,not reported,,200,https://www.bnbaccelerator.com/blog/str-management-agreement-termination/,True,False,False,https://www.bnbaccelerator.com/blog/str-management-agreement-termination/,https://www.bnbaccelerator.com/blog/str-management-agreement-termination/,True,4,operations,not returned,not returned,2026-09-06,2026-10-03,True,,Monitor corrected buyer exit guide for actual discovery and indexing; eligibility and submissions do not confirm Google indexing
https://www.bnbaccelerator.com/blog/str-market-research-tools/,2026-10-06T21:09:00Z,False,unknown,unknown,unknown,unknown,,not probed,not probed,True,False,not probed,https://www.bnbaccelerator.com/blog/str-market-research-tools/,not probed,True,5,market,11,0,2026-09-06,2026-10-03,not probed,,Review substantive buyer support; not an exclusion inference
https://www.bnbaccelerator.com/blog/str-market-saturation/,2026-10-06T21:09:00Z,False,unknown,unknown,unknown,unknown,,not probed,not probed,True,False,not probed,https://www.bnbaccelerator.com/blog/str-market-saturation/,not probed,True,17,market,1,0,2026-09-06,2026-10-03,not probed,,Review substantive buyer support; not an exclusion inference
https://www.bnbaccelerator.com/blog/str-markets-under-500k-purchase-budget/,2026-10-06T21:09:00Z,False,unknown,unknown,unknown,unknown,,not probed,not probed,True,False,not probed,https://www.bnbaccelerator.com/blog/str-markets-under-500k-purchase-budget/,not probed,True,2,market,not returned,not returned,2026-09-06,2026-10-03,not probed,,Review substantive buyer support; not an exclusion inference
https://www.bnbaccelerator.com/blog/str-maximum-offer-price-from-revenue/,2026-10-06T23:20:26Z,False,PASS,INDEXING_ALLOWED,Submitted and indexed,2026-09-26T17:05:14Z,,200,https://www.bnbaccelerator.com/blog/str-maximum-offer-price-from-revenue/,True,False,False,https://www.bnbaccelerator.com/blog/str-maximum-offer-price-from-revenue/,https://www.bnbaccelerator.com/blog/str-maximum-offer-price-from-revenue/,True,119,contract,not returned,not returned,2026-09-06,2026-10-03,True,,Worksheet refresh live and IndexNow accepted; indexed URL does not confirm new body recrawled
https://www.bnbaccelerator.com/blog/str-mixed-use-expense-allocation/,2026-10-06T21:09:00Z,False,unknown,unknown,unknown,unknown,,not probed,not probed,True,False,not probed,https://www.bnbaccelerator.com/blog/str-mixed-use-expense-allocation/,not probed,True,2,tax,not returned,not returned,2026-09-06,2026-10-03,not probed,,Review substantive buyer support; not an exclusion inference
https://www.bnbaccelerator.com/blog/str-mortgage-preapproval-before-property/,2026-10-07T00:30:42.868954+00:00,True,NEUTRAL,INDEXING_STATE_UNSPECIFIED,URL is unknown to Google,not reported,,200,https://www.bnbaccelerator.com/blog/str-mortgage-preapproval-before-property/,True,False,False,https://www.bnbaccelerator.com/blog/str-mortgage-preapproval-before-property/,https://www.bnbaccelerator.com/blog/str-mortgage-preapproval-before-property/,True,110,finance,not returned,not returned,2026-09-06,2026-10-03,True,,Live eligibility passed; returned discovery state is not a diagnosed technical cause; review substantive purchase support then measure after settled interval
https://www.bnbaccelerator.com/blog/str-owner-statement-review/,2026-10-06T21:09:00Z,False,unknown,unknown,unknown,unknown,,not probed,not probed,True,False,not probed,https://www.bnbaccelerator.com/blog/str-owner-statement-review/,not probed,True,3,operations,not returned,not returned,2026-09-06,2026-10-03,not probed,,Review substantive buyer support; not an exclusion inference
https://www.bnbaccelerator.com/blog/str-partnership-structure/,2026-10-06T23:51:48Z,True,NEUTRAL,INDEXING_STATE_UNSPECIFIED,URL is unknown to Google,,,200,https://www.bnbaccelerator.com/blog/str-partnership-structure/,True,False,False,https://www.bnbaccelerator.com/blog/str-partnership-structure/,https://www.bnbaccelerator.com/blog/str-partnership-structure/,True,7,purchase,not returned,not returned,2026-09-06,2026-10-03,True,,Source-checked joint funding worksheet live; monitor discovery after settled interval; no diagnosed technical blocker
https://www.bnbaccelerator.com/blog/str-permit-value-sale/,2026-10-06T21:09:00Z,False,unknown,unknown,unknown,unknown,,not probed,not probed,True,False,not probed,https://www.bnbaccelerator.com/blog/str-permit-value-sale/,not probed,True,2,rules,not returned,not returned,2026-09-06,2026-10-03,not probed,,Review substantive buyer support; not an exclusion inference
https://www.bnbaccelerator.com/blog/str-personal-use-calendar/,2026-10-06T21:09:00Z,False,unknown,unknown,unknown,unknown,,not probed,not probed,True,False,not probed,https://www.bnbaccelerator.com/blog/str-personal-use-calendar/,not probed,True,2,tax,not returned,not returned,2026-09-06,2026-10-03,not probed,,Review substantive buyer support; not an exclusion inference
https://www.bnbaccelerator.com/blog/str-personal-use-days/,2026-10-07T03:27:36Z,True,PASS,INDEXING_ALLOWED,Submitted and indexed,2026-09-25T00:53:09Z,,200,https://www.bnbaccelerator.com/blog/str-personal-use-days/,True,False,False,https://www.bnbaccelerator.com/blog/str-personal-use-days/,https://www.bnbaccelerator.com/blog/str-personal-use-days/,True,15,tax,7,0,2026-09-06,2026-10-03,True,,Source-checked acquisition guide live in 0c72719d; prior indexing confirmed not revision recrawl; IndexNow accepted and changed sitemap pending download
https://www.bnbaccelerator.com/blog/str-pest-control-response/,2026-10-06T21:09:00Z,False,unknown,unknown,unknown,unknown,,not probed,not probed,True,False,not probed,https://www.bnbaccelerator.com/blog/str-pest-control-response/,not probed,True,2,operations,not returned,not returned,2026-09-06,2026-10-03,not probed,,Review substantive buyer support; not an exclusion inference
https://www.bnbaccelerator.com/blog/str-placed-in-service-date/,2026-10-06T21:09:00Z,False,unknown,unknown,unknown,unknown,,not probed,not probed,True,False,not probed,https://www.bnbaccelerator.com/blog/str-placed-in-service-date/,not probed,True,4,tax,not returned,not returned,2026-09-06,2026-10-03,not probed,,Review substantive buyer support; not an exclusion inference
https://www.bnbaccelerator.com/blog/str-portfolio-concentration-sale/,2026-10-06T21:09:00Z,False,unknown,unknown,unknown,unknown,,not probed,not probed,True,False,not probed,https://www.bnbaccelerator.com/blog/str-portfolio-concentration-sale/,not probed,True,2,purchase,not returned,not returned,2026-09-06,2026-10-03,not probed,,Review substantive buyer support; not an exclusion inference
https://www.bnbaccelerator.com/blog/str-portfolio-diversification/,2026-10-06T21:09:00Z,False,unknown,unknown,unknown,unknown,,not probed,not probed,True,False,not probed,https://www.bnbaccelerator.com/blog/str-portfolio-diversification/,not probed,True,12,purchase,3,0,2026-09-06,2026-10-03,not probed,,Review substantive buyer support; not an exclusion inference
https://www.bnbaccelerator.com/blog/str-property-management-fees/,2026-10-06T21:09:00Z,True,PASS,INDEXING_ALLOWED,Submitted and indexed,2026-09-26T17:23:34Z,,200,https://www.bnbaccelerator.com/blog/str-property-management-fees/,True,False,False,https://www.bnbaccelerator.com/blog/str-property-management-fees/,https://www.bnbaccelerator.com/blog/str-property-management-fees/,True,11,operations,2,0,2026-09-06,2026-10-03,True,,Preserve confirmed indexed page; improve buyer usefulness as needed
https://www.bnbaccelerator.com/blog/str-property-wont-qualify-for-loan/,2026-10-07T00:30:49.504323+00:00,True,NEUTRAL,INDEXING_STATE_UNSPECIFIED,URL is unknown to Google,not reported,,200,https://www.bnbaccelerator.com/blog/str-property-wont-qualify-for-loan/,True,False,False,https://www.bnbaccelerator.com/blog/str-property-wont-qualify-for-loan/,https://www.bnbaccelerator.com/blog/str-property-wont-qualify-for-loan/,True,4,finance,not returned,not returned,2026-09-06,2026-10-03,True,,Live eligibility passed; returned discovery state is not a diagnosed technical cause; review substantive purchase support then measure after settled interval
https://www.bnbaccelerator.com/blog/str-purchase-to-launch-timeline/,2026-10-06T21:09:00Z,False,unknown,unknown,unknown,unknown,,not probed,not probed,True,False,not probed,https://www.bnbaccelerator.com/blog/str-purchase-to-launch-timeline/,not probed,True,283,operations,not returned,not returned,2026-09-06,2026-10-03,not probed,,Review substantive buyer support; not an exclusion inference
https://www.bnbaccelerator.com/blog/str-refunds-chargebacks-underwriting/,2026-10-07T02:41:16Z,True,NEUTRAL,INDEXING_STATE_UNSPECIFIED,URL is unknown to Google,,,200,https://www.bnbaccelerator.com/blog/str-refunds-chargebacks-underwriting/,True,False,False,https://www.bnbaccelerator.com/blog/str-refunds-chargebacks-underwriting/,https://www.bnbaccelerator.com/blog/str-refunds-chargebacks-underwriting/,True,3,revenue,not returned,not returned,2026-09-06,2026-10-03,True,,Expanded reversal register and dispute sensitivity live; monitor discovery after settled interval; no technical barrier inferred
https://www.bnbaccelerator.com/blog/str-regulations-before-you-buy/,2026-10-06T21:09:00Z,True,PASS,INDEXING_ALLOWED,Submitted and indexed,2026-09-26T19:07:09Z,,200,https://www.bnbaccelerator.com/blog/str-regulations-before-you-buy/,True,False,False,https://www.bnbaccelerator.com/blog/str-regulations-before-you-buy/,https://www.bnbaccelerator.com/blog/str-regulations-before-you-buy/,True,88,rules,3,0,2026-09-06,2026-10-03,True,,Preserve confirmed indexed page; improve buyer usefulness as needed
https://www.bnbaccelerator.com/blog/str-repair-vs-improvement-records/,2026-10-06T21:09:00Z,False,unknown,unknown,unknown,unknown,,not probed,not probed,True,False,not probed,https://www.bnbaccelerator.com/blog/str-repair-vs-improvement-records/,not probed,True,2,tax,not returned,not returned,2026-09-06,2026-10-03,not probed,,Review substantive buyer support; not an exclusion inference
https://www.bnbaccelerator.com/blog/str-revenue-guarantee-offers/,2026-10-06T21:09:00Z,False,unknown,unknown,unknown,unknown,,not probed,not probed,True,False,not probed,https://www.bnbaccelerator.com/blog/str-revenue-guarantee-offers/,not probed,True,2,contract,not returned,not returned,2026-09-06,2026-10-03,not probed,,Review substantive buyer support; not an exclusion inference
https://www.bnbaccelerator.com/blog/str-sale-data-room/,2026-10-06T21:09:00Z,False,unknown,unknown,unknown,unknown,,not probed,not probed,True,False,not probed,https://www.bnbaccelerator.com/blog/str-sale-data-room/,not probed,True,3,purchase,not returned,not returned,2026-09-06,2026-10-03,not probed,,Review substantive buyer support; not an exclusion inference
https://www.bnbaccelerator.com/blog/str-seller-credit-vs-price-reduction/,2026-10-06T21:09:00Z,False,unknown,unknown,unknown,unknown,,not probed,not probed,True,False,not probed,https://www.bnbaccelerator.com/blog/str-seller-credit-vs-price-reduction/,not probed,True,3,purchase,not returned,not returned,2026-09-06,2026-10-03,not probed,,Review substantive buyer support; not an exclusion inference
https://www.bnbaccelerator.com/blog/str-seller-rent-back-after-closing/,2026-10-06T21:09:00Z,False,unknown,unknown,unknown,unknown,,not probed,not probed,True,False,not probed,https://www.bnbaccelerator.com/blog/str-seller-rent-back-after-closing/,not probed,True,2,contract,not returned,not returned,2026-09-06,2026-10-03,not probed,,Review substantive buyer support; not an exclusion inference
https://www.bnbaccelerator.com/blog/str-seller-wont-share-revenue-records/,2026-10-06T21:09:00Z,False,unknown,unknown,unknown,unknown,,not probed,not probed,True,False,not probed,https://www.bnbaccelerator.com/blog/str-seller-wont-share-revenue-records/,not probed,True,2,revenue,not returned,not returned,2026-09-06,2026-10-03,not probed,,Review substantive buyer support; not an exclusion inference
https://www.bnbaccelerator.com/blog/str-tax-benefit-shortfall-purchase/,2026-10-06T21:09:00Z,False,unknown,unknown,unknown,unknown,,not probed,not probed,True,False,not probed,https://www.bnbaccelerator.com/blog/str-tax-benefit-shortfall-purchase/,not probed,True,3,tax,not returned,not returned,2026-09-06,2026-10-03,not probed,,Review substantive buyer support; not an exclusion inference
https://www.bnbaccelerator.com/blog/str-tax-documentation-audit/,2026-10-06T21:09:00Z,False,unknown,unknown,unknown,unknown,,not probed,not probed,True,False,not probed,https://www.bnbaccelerator.com/blog/str-tax-documentation-audit/,not probed,True,10,tax,2,0,2026-09-06,2026-10-03,not probed,,Review substantive buyer support; not an exclusion inference
https://www.bnbaccelerator.com/blog/str-tax-forms-before-buying-property/,2026-10-06T21:09:00Z,False,unknown,unknown,unknown,unknown,,not probed,not probed,True,False,not probed,https://www.bnbaccelerator.com/blog/str-tax-forms-before-buying-property/,not probed,True,6,tax,not returned,not returned,2026-09-06,2026-10-03,not probed,,Review substantive buyer support; not an exclusion inference
https://www.bnbaccelerator.com/blog/str-tax-planning-calendar/,2026-10-06T21:09:00Z,False,unknown,unknown,unknown,unknown,,not probed,not probed,True,False,not probed,https://www.bnbaccelerator.com/blog/str-tax-planning-calendar/,not probed,True,9,tax,not returned,not returned,2026-09-06,2026-10-03,not probed,,Review substantive buyer support; not an exclusion inference
https://www.bnbaccelerator.com/blog/str-tax-savings-guide/,2026-10-06T21:09:00Z,False,unknown,unknown,unknown,unknown,,not probed,not probed,True,False,not probed,https://www.bnbaccelerator.com/blog/str-tax-savings-guide/,not probed,True,48,tax,not returned,not returned,2026-09-06,2026-10-03,not probed,,Review substantive buyer support; not an exclusion inference
https://www.bnbaccelerator.com/blog/str-tax-strategy-order-of-operations/,2026-10-06T21:09:00Z,False,unknown,unknown,unknown,unknown,,not probed,not probed,True,False,not probed,https://www.bnbaccelerator.com/blog/str-tax-strategy-order-of-operations/,not probed,True,9,tax,not returned,not returned,2026-09-06,2026-10-03,not probed,,Review substantive buyer support; not an exclusion inference
https://www.bnbaccelerator.com/blog/str-trash-day-operations/,2026-10-06T21:09:00Z,False,unknown,unknown,unknown,unknown,,not probed,not probed,True,False,not probed,https://www.bnbaccelerator.com/blog/str-trash-day-operations/,not probed,True,2,operations,not returned,not returned,2026-09-06,2026-10-03,not probed,,Review substantive buyer support; not an exclusion inference
https://www.bnbaccelerator.com/blog/str-utilities-and-connectivity/,2026-10-06T21:09:00Z,False,unknown,unknown,unknown,unknown,,not probed,not probed,True,False,not probed,https://www.bnbaccelerator.com/blog/str-utilities-and-connectivity/,not probed,True,6,operations,not returned,not returned,2026-09-06,2026-10-03,not probed,,Review substantive buyer support; not an exclusion inference
https://www.bnbaccelerator.com/blog/str-vs-midterm-rentals/,2026-10-06T21:09:00Z,False,unknown,unknown,unknown,unknown,,not probed,not probed,True,False,not probed,https://www.bnbaccelerator.com/blog/str-vs-midterm-rentals/,not probed,True,21,purchase,not returned,not returned,2026-09-06,2026-10-03,not probed,,Review substantive buyer support; not an exclusion inference
https://www.bnbaccelerator.com/blog/str-vs-real-estate-syndications/,2026-10-06T21:09:00Z,False,unknown,unknown,unknown,unknown,,not probed,not probed,True,False,not probed,https://www.bnbaccelerator.com/blog/str-vs-real-estate-syndications/,not probed,True,3,purchase,not returned,not returned,2026-09-06,2026-10-03,not probed,,Review substantive buyer support; not an exclusion inference
https://www.bnbaccelerator.com/blog/str-year-end-document-package/,2026-10-06T21:09:00Z,False,unknown,unknown,unknown,unknown,,not probed,not probed,True,False,not probed,https://www.bnbaccelerator.com/blog/str-year-end-document-package/,not probed,True,2,tax,not returned,not returned,2026-09-06,2026-10-03,not probed,,Review substantive buyer support; not an exclusion inference
https://www.bnbaccelerator.com/blog/structural-engineer-foundation-cracks-before-buying-str/,2026-10-06T21:09:00Z,False,unknown,unknown,unknown,unknown,,not probed,not probed,True,False,not probed,https://www.bnbaccelerator.com/blog/structural-engineer-foundation-cracks-before-buying-str/,not probed,True,3,purchase,not returned,not returned,2026-09-06,2026-10-03,not probed,,Review substantive buyer support; not an exclusion inference
https://www.bnbaccelerator.com/blog/surfside-beach-texas-str-market/,2026-10-06T21:09:00Z,False,unknown,unknown,unknown,unknown,,not probed,not probed,True,False,not probed,https://www.bnbaccelerator.com/blog/surfside-beach-texas-str-market/,not probed,True,3,market,not returned,not returned,2026-09-06,2026-10-03,not probed,,Review substantive buyer support; not an exclusion inference
https://www.bnbaccelerator.com/blog/suspended-passive-losses/,2026-10-06T21:09:00Z,False,unknown,unknown,unknown,unknown,,not probed,not probed,True,False,not probed,https://www.bnbaccelerator.com/blog/suspended-passive-losses/,not probed,True,5,tax,not returned,not returned,2026-09-06,2026-10-03,not probed,,Review substantive buyer support; not an exclusion inference
https://www.bnbaccelerator.com/blog/switching-managers-without-losing-a-season/,2026-10-06T21:09:00Z,False,unknown,unknown,unknown,unknown,,not probed,not probed,True,False,not probed,https://www.bnbaccelerator.com/blog/switching-managers-without-losing-a-season/,not probed,True,3,operations,not returned,not returned,2026-09-06,2026-10-03,not probed,,Review substantive buyer support; not an exclusion inference
https://www.bnbaccelerator.com/blog/switching-property-managers/,2026-10-06T21:09:00Z,False,unknown,unknown,unknown,unknown,,not probed,not probed,True,False,not probed,https://www.bnbaccelerator.com/blog/switching-property-managers/,not probed,True,8,operations,4,1,2026-09-06,2026-10-03,not probed,,Review substantive buyer support; not an exclusion inference
https://www.bnbaccelerator.com/blog/table-rock-lake-branson-west/,2026-10-06T21:09:00Z,False,unknown,unknown,unknown,unknown,,not probed,not probed,True,False,not probed,https://www.bnbaccelerator.com/blog/table-rock-lake-branson-west/,not probed,True,6,market,2,0,2026-09-06,2026-10-03,not probed,,Review substantive buyer support; not an exclusion inference
https://www.bnbaccelerator.com/blog/tennessee-grandfathering-explained/,2026-10-06T21:09:00Z,False,unknown,unknown,unknown,unknown,,not probed,not probed,True,False,not probed,https://www.bnbaccelerator.com/blog/tennessee-grandfathering-explained/,not probed,True,3,rules,not returned,not returned,2026-09-06,2026-10-03,not probed,,Review substantive buyer support; not an exclusion inference
https://www.bnbaccelerator.com/blog/tennessee-str-investing/,2026-10-06T21:09:00Z,False,unknown,unknown,unknown,unknown,,not probed,not probed,True,False,not probed,https://www.bnbaccelerator.com/blog/tennessee-str-investing/,not probed,True,12,market,5,0,2026-09-06,2026-10-03,not probed,,Review substantive buyer support; not an exclusion inference
https://www.bnbaccelerator.com/blog/texas-str-investing/,2026-10-06T21:09:00Z,False,unknown,unknown,unknown,unknown,,not probed,not probed,True,False,not probed,https://www.bnbaccelerator.com/blog/texas-str-investing/,not probed,True,6,market,1,0,2026-09-06,2026-10-03,not probed,,Review substantive buyer support; not an exclusion inference
https://www.bnbaccelerator.com/blog/the-cleaning-fee-problem/,2026-10-06T21:09:00Z,False,unknown,unknown,unknown,unknown,,not probed,not probed,True,False,not probed,https://www.bnbaccelerator.com/blog/the-cleaning-fee-problem/,not probed,True,6,operations,1,0,2026-09-06,2026-10-03,not probed,,Review substantive buyer support; not an exclusion inference
https://www.bnbaccelerator.com/blog/the-first-30-days-checklist/,2026-10-06T21:09:00Z,False,unknown,unknown,unknown,unknown,,not probed,not probed,True,False,not probed,https://www.bnbaccelerator.com/blog/the-first-30-days-checklist/,not probed,True,8,operations,not returned,not returned,2026-09-06,2026-10-03,not probed,,Review substantive buyer support; not an exclusion inference
https://www.bnbaccelerator.com/blog/the-four-regulatory-postures/,2026-10-06T21:09:00Z,False,unknown,unknown,unknown,unknown,,not probed,not probed,True,False,not probed,https://www.bnbaccelerator.com/blog/the-four-regulatory-postures/,not probed,True,5,rules,not returned,not returned,2026-09-06,2026-10-03,not probed,,Review substantive buyer support; not an exclusion inference
https://www.bnbaccelerator.com/blog/the-game-room-question/,2026-10-06T21:09:00Z,False,unknown,unknown,unknown,unknown,,not probed,not probed,True,False,not probed,https://www.bnbaccelerator.com/blog/the-game-room-question/,not probed,True,3,operations,not returned,not returned,2026-09-06,2026-10-03,not probed,,Review substantive buyer support; not an exclusion inference
https://www.bnbaccelerator.com/blog/the-kitchen-that-groups-need/,2026-10-06T21:09:00Z,False,unknown,unknown,unknown,unknown,,not probed,not probed,True,False,not probed,https://www.bnbaccelerator.com/blog/the-kitchen-that-groups-need/,not probed,True,3,operations,1,0,2026-09-06,2026-10-03,not probed,,Review substantive buyer support; not an exclusion inference
https://www.bnbaccelerator.com/blog/the-local-guide-guests-actually-use/,2026-10-06T21:09:00Z,False,unknown,unknown,unknown,unknown,,not probed,not probed,True,False,not probed,https://www.bnbaccelerator.com/blog/the-local-guide-guests-actually-use/,not probed,True,3,operations,not returned,not returned,2026-09-06,2026-10-03,not probed,,Review substantive buyer support; not an exclusion inference
https://www.bnbaccelerator.com/blog/the-order-you-should-make-decisions/,2026-10-06T21:09:00Z,False,unknown,unknown,unknown,unknown,,not probed,not probed,True,False,not probed,https://www.bnbaccelerator.com/blog/the-order-you-should-make-decisions/,not probed,True,4,purchase,not returned,not returned,2026-09-06,2026-10-03,not probed,,Review substantive buyer support; not an exclusion inference
https://www.bnbaccelerator.com/blog/the-questions-to-ask-before-you-hire-anyone/,2026-10-06T21:09:00Z,False,unknown,unknown,unknown,unknown,,not probed,not probed,True,False,not probed,https://www.bnbaccelerator.com/blog/the-questions-to-ask-before-you-hire-anyone/,not probed,True,4,purchase,not returned,not returned,2026-09-06,2026-10-03,not probed,,Review substantive buyer support; not an exclusion inference
https://www.bnbaccelerator.com/blog/the-refund-loop-explained/,2026-10-06T21:09:00Z,False,unknown,unknown,unknown,unknown,,not probed,not probed,True,False,not probed,https://www.bnbaccelerator.com/blog/the-refund-loop-explained/,not probed,True,5,tax,not returned,not returned,2026-09-06,2026-10-03,not probed,,Review substantive buyer support; not an exclusion inference
https://www.bnbaccelerator.com/blog/the-stress-tests-that-matter/,2026-10-06T21:09:00Z,False,unknown,unknown,unknown,unknown,,not probed,not probed,True,False,not probed,https://www.bnbaccelerator.com/blog/the-stress-tests-that-matter/,not probed,True,5,purchase,not returned,not returned,2026-09-06,2026-10-03,not probed,,Review substantive buyer support; not an exclusion inference
https://www.bnbaccelerator.com/blog/theming-without-overdoing-it/,2026-10-06T21:09:00Z,False,unknown,unknown,unknown,unknown,,not probed,not probed,True,False,not probed,https://www.bnbaccelerator.com/blog/theming-without-overdoing-it/,not probed,True,3,operations,not returned,not returned,2026-09-06,2026-10-03,not probed,,Review substantive buyer support; not an exclusion inference
https://www.bnbaccelerator.com/blog/title-commitment-before-buying-str/,2026-10-07T00:30:56.029721+00:00,True,NEUTRAL,INDEXING_STATE_UNSPECIFIED,URL is unknown to Google,not reported,,200,https://www.bnbaccelerator.com/blog/title-commitment-before-buying-str/,True,False,False,https://www.bnbaccelerator.com/blog/title-commitment-before-buying-str/,https://www.bnbaccelerator.com/blog/title-commitment-before-buying-str/,True,14,contract,not returned,not returned,2026-09-06,2026-10-03,True,,Live eligibility passed; returned discovery state is not a diagnosed technical cause; review substantive purchase support then measure after settled interval
https://www.bnbaccelerator.com/blog/trash-service-large-group-str/,2026-10-06T21:09:00Z,False,unknown,unknown,unknown,unknown,,not probed,not probed,True,False,not probed,https://www.bnbaccelerator.com/blog/trash-service-large-group-str/,not probed,True,2,revenue,not returned,not returned,2026-09-06,2026-10-03,not probed,,Review substantive buyer support; not an exclusion inference
https://www.bnbaccelerator.com/blog/tree-risk-assessment-before-buying-str/,2026-10-06T21:09:00Z,False,unknown,unknown,unknown,unknown,,not probed,not probed,True,False,not probed,https://www.bnbaccelerator.com/blog/tree-risk-assessment-before-buying-str/,not probed,True,3,operations,not returned,not returned,2026-09-06,2026-10-03,not probed,,Review substantive buyer support; not an exclusion inference
https://www.bnbaccelerator.com/blog/trust-distribution-income-buy-str/,2026-10-06T21:09:00Z,False,unknown,unknown,unknown,unknown,,not probed,not probed,True,False,not probed,https://www.bnbaccelerator.com/blog/trust-distribution-income-buy-str/,not probed,True,2,finance,not returned,not returned,2026-09-06,2026-10-03,not probed,,Review substantive buyer support; not an exclusion inference
https://www.bnbaccelerator.com/blog/unpaid-lodging-tax-before-buying-str/,2026-10-06T21:09:00Z,False,unknown,unknown,unknown,unknown,,not probed,not probed,True,False,not probed,https://www.bnbaccelerator.com/blog/unpaid-lodging-tax-before-buying-str/,not probed,True,2,tax,not returned,not returned,2026-09-06,2026-10-03,not probed,,Review substantive buyer support; not an exclusion inference
https://www.bnbaccelerator.com/blog/vacant-renovation-str-coverage/,2026-10-07T01:21:24Z,True,NEUTRAL,INDEXING_STATE_UNSPECIFIED,URL is unknown to Google,unknown,,200,https://www.bnbaccelerator.com/blog/vacant-renovation-str-coverage/,True,False,False,https://www.bnbaccelerator.com/blog/vacant-renovation-str-coverage/,https://www.bnbaccelerator.com/blog/vacant-renovation-str-coverage/,True,11,purchase readiness insurance,not returned,not returned,2026-09-06,2026-10-03,True,,Expanded phase coverage and extension funding; monitor discovery without diagnosing exclusion
https://www.bnbaccelerator.com/blog/vendor-smart-lock-access/,2026-10-06T21:09:00Z,False,unknown,unknown,unknown,unknown,,not probed,not probed,True,False,not probed,https://www.bnbaccelerator.com/blog/vendor-smart-lock-access/,not probed,True,2,operations,not returned,not returned,2026-09-06,2026-10-03,not probed,,Review substantive buyer support; not an exclusion inference
https://www.bnbaccelerator.com/blog/vrbo-listing-handoff-buying-str/,2026-10-06T21:09:00Z,False,unknown,unknown,unknown,unknown,,not probed,not probed,True,False,not probed,https://www.bnbaccelerator.com/blog/vrbo-listing-handoff-buying-str/,not probed,True,5,purchase,11,0,2026-09-06,2026-10-03,not probed,,Review substantive buyer support; not an exclusion inference
https://www.bnbaccelerator.com/blog/w2-to-wealth-str-portfolio/,2026-10-06T21:09:00Z,False,unknown,unknown,unknown,unknown,,not probed,not probed,True,False,not probed,https://www.bnbaccelerator.com/blog/w2-to-wealth-str-portfolio/,not probed,True,9,purchase,1,0,2026-09-06,2026-10-03,not probed,,Review substantive buyer support; not an exclusion inference
https://www.bnbaccelerator.com/blog/water-pressure-capacity-before-buying-str/,2026-10-06T21:09:00Z,False,unknown,unknown,unknown,unknown,,not probed,not probed,True,False,not probed,https://www.bnbaccelerator.com/blog/water-pressure-capacity-before-buying-str/,not probed,True,3,purchase,not returned,not returned,2026-09-06,2026-10-03,not probed,,Review substantive buyer support; not an exclusion inference
https://www.bnbaccelerator.com/blog/wdo-termite-inspection-before-buying-str/,2026-10-06T21:09:00Z,False,unknown,unknown,unknown,unknown,,not probed,not probed,True,False,not probed,https://www.bnbaccelerator.com/blog/wdo-termite-inspection-before-buying-str/,not probed,True,3,purchase,not returned,not returned,2026-09-06,2026-10-03,not probed,,Review substantive buyer support; not an exclusion inference
https://www.bnbaccelerator.com/blog/weather-cancellation-pricing-str/,2026-10-06T21:09:00Z,False,unknown,unknown,unknown,unknown,,not probed,not probed,True,False,not probed,https://www.bnbaccelerator.com/blog/weather-cancellation-pricing-str/,not probed,True,2,revenue,not returned,not returned,2026-09-06,2026-10-03,not probed,,Review substantive buyer support; not an exclusion inference
https://www.bnbaccelerator.com/blog/weekly-discount-str-math/,2026-10-06T21:09:00Z,False,unknown,unknown,unknown,unknown,,not probed,not probed,True,False,not probed,https://www.bnbaccelerator.com/blog/weekly-discount-str-math/,not probed,True,2,revenue,not returned,not returned,2026-09-06,2026-10-03,not probed,,Review substantive buyer support; not an exclusion inference
https://www.bnbaccelerator.com/blog/what-a-cpa-needs-from-you/,2026-10-06T21:09:00Z,False,unknown,unknown,unknown,unknown,,not probed,not probed,True,False,not probed,https://www.bnbaccelerator.com/blog/what-a-cpa-needs-from-you/,not probed,True,3,tax,not returned,not returned,2026-09-06,2026-10-03,not probed,,Review substantive buyer support; not an exclusion inference
https://www.bnbaccelerator.com/blog/what-a-first-call-covers/,2026-10-06T21:09:00Z,False,unknown,unknown,unknown,unknown,,not probed,not probed,True,False,not probed,https://www.bnbaccelerator.com/blog/what-a-first-call-covers/,not probed,True,3,purchase,not returned,not returned,2026-09-06,2026-10-03,not probed,,Review substantive buyer support; not an exclusion inference
https://www.bnbaccelerator.com/blog/what-a-five-star-stay-costs/,2026-10-06T21:09:00Z,False,unknown,unknown,unknown,unknown,,not probed,not probed,True,False,not probed,https://www.bnbaccelerator.com/blog/what-a-five-star-stay-costs/,not probed,True,3,operations,not returned,not returned,2026-09-06,2026-10-03,not probed,,Review substantive buyer support; not an exclusion inference
https://www.bnbaccelerator.com/blog/what-a-good-month-actually-looks-like/,2026-10-06T21:09:00Z,False,unknown,unknown,unknown,unknown,,not probed,not probed,True,False,not probed,https://www.bnbaccelerator.com/blog/what-a-good-month-actually-looks-like/,not probed,True,4,revenue,not returned,not returned,2026-09-06,2026-10-03,not probed,,Review substantive buyer support; not an exclusion inference
https://www.bnbaccelerator.com/blog/what-breaks-first-in-a-rental/,2026-10-06T21:09:00Z,False,unknown,unknown,unknown,unknown,,not probed,not probed,True,False,not probed,https://www.bnbaccelerator.com/blog/what-breaks-first-in-a-rental/,not probed,True,3,operations,not returned,not returned,2026-09-06,2026-10-03,not probed,,Review substantive buyer support; not an exclusion inference
https://www.bnbaccelerator.com/blog/what-buying-under-market-is-worth/,2026-10-06T21:09:00Z,False,unknown,unknown,unknown,unknown,,not probed,not probed,True,False,not probed,https://www.bnbaccelerator.com/blog/what-buying-under-market-is-worth/,not probed,True,3,market,not returned,not returned,2026-09-06,2026-10-03,not probed,,Review substantive buyer support; not an exclusion inference
https://www.bnbaccelerator.com/blog/what-changes-after-the-first-year/,2026-10-06T21:09:00Z,False,unknown,unknown,unknown,unknown,,not probed,not probed,True,False,not probed,https://www.bnbaccelerator.com/blog/what-changes-after-the-first-year/,not probed,True,6,purchase,not returned,not returned,2026-09-06,2026-10-03,not probed,,Review substantive buyer support; not an exclusion inference
https://www.bnbaccelerator.com/blog/what-happens-when-rules-tighten/,2026-10-06T21:09:00Z,False,unknown,unknown,unknown,unknown,,not probed,not probed,True,False,not probed,https://www.bnbaccelerator.com/blog/what-happens-when-rules-tighten/,not probed,True,4,rules,not returned,not returned,2026-09-06,2026-10-03,not probed,,Review substantive buyer support; not an exclusion inference
https://www.bnbaccelerator.com/blog/what-lenders-do-with-airdna/,2026-10-07T00:31:02.655023+00:00,True,PASS,INDEXING_ALLOWED,Submitted and indexed,2026-09-26T17:35:08+00:00,,200,https://www.bnbaccelerator.com/blog/what-lenders-do-with-airdna/,True,False,False,https://www.bnbaccelerator.com/blog/what-lenders-do-with-airdna/,https://www.bnbaccelerator.com/blog/what-lenders-do-with-airdna/,True,7,finance,not returned,not returned,2026-09-06,2026-10-03,True,,Preserve confirmed indexed URL; review substantive buyer support without assuming recent body recrawl
https://www.bnbaccelerator.com/blog/what-the-first-year-actually-feels-like/,2026-10-06T21:09:00Z,False,unknown,unknown,unknown,unknown,,not probed,not probed,True,False,not probed,https://www.bnbaccelerator.com/blog/what-the-first-year-actually-feels-like/,not probed,True,5,purchase,not returned,not returned,2026-09-06,2026-10-03,not probed,,Review substantive buyer support; not an exclusion inference
https://www.bnbaccelerator.com/blog/what-to-do-in-a-slow-season/,2026-10-06T21:09:00Z,False,unknown,unknown,unknown,unknown,,not probed,not probed,True,False,not probed,https://www.bnbaccelerator.com/blog/what-to-do-in-a-slow-season/,not probed,True,7,revenue,1,0,2026-09-06,2026-10-03,not probed,,Review substantive buyer support; not an exclusion inference
https://www.bnbaccelerator.com/blog/what-total-entry-cost-means/,2026-10-06T21:09:00Z,False,unknown,unknown,unknown,unknown,,not probed,not probed,True,False,not probed,https://www.bnbaccelerator.com/blog/what-total-entry-cost-means/,not probed,True,247,finance,not returned,not returned,2026-09-06,2026-10-03,not probed,,Review substantive buyer support; not an exclusion inference
https://www.bnbaccelerator.com/blog/what-we-say-no-to/,2026-10-06T21:09:00Z,False,unknown,unknown,unknown,unknown,,not probed,not probed,True,False,not probed,https://www.bnbaccelerator.com/blog/what-we-say-no-to/,not probed,True,4,purchase,not returned,not returned,2026-09-06,2026-10-03,not probed,,Review substantive buyer support; not an exclusion inference
https://www.bnbaccelerator.com/blog/when-str-tax-strategy-does-not-fit/,2026-10-06T21:09:00Z,False,unknown,unknown,unknown,unknown,,not probed,not probed,True,False,not probed,https://www.bnbaccelerator.com/blog/when-str-tax-strategy-does-not-fit/,not probed,True,8,tax,not returned,not returned,2026-09-06,2026-10-03,not probed,,Review substantive buyer support; not an exclusion inference
https://www.bnbaccelerator.com/blog/why-california-is-hard/,2026-10-06T21:09:00Z,False,unknown,unknown,unknown,unknown,,not probed,not probed,True,False,not probed,https://www.bnbaccelerator.com/blog/why-california-is-hard/,not probed,True,3,rules,not returned,not returned,2026-09-06,2026-10-03,not probed,,Review substantive buyer support; not an exclusion inference
https://www.bnbaccelerator.com/blog/why-not-california/,2026-10-06T21:09:00Z,False,unknown,unknown,unknown,unknown,,not probed,not probed,True,False,not probed,https://www.bnbaccelerator.com/blog/why-not-california/,not probed,True,17,market,not returned,not returned,2026-09-06,2026-10-03,not probed,,Review substantive buyer support; not an exclusion inference
https://www.bnbaccelerator.com/blog/wifi-and-remote-work-guests/,2026-10-06T21:09:00Z,False,unknown,unknown,unknown,unknown,,not probed,not probed,True,False,not probed,https://www.bnbaccelerator.com/blog/wifi-and-remote-work-guests/,not probed,True,3,operations,not returned,not returned,2026-09-06,2026-10-03,not probed,,Review substantive buyer support; not an exclusion inference
https://www.bnbaccelerator.com/blog/wildfire-evacuation-route-before-buying-str/,2026-10-06T21:09:00Z,False,unknown,unknown,unknown,unknown,,not probed,not probed,True,False,not probed,https://www.bnbaccelerator.com/blog/wildfire-evacuation-route-before-buying-str/,not probed,True,4,purchase,not returned,not returned,2026-09-06,2026-10-03,not probed,,Review substantive buyer support; not an exclusion inference
https://www.bnbaccelerator.com/blog/wildfire-insurability-str/,2026-10-06T21:09:00Z,False,unknown,unknown,unknown,unknown,,not probed,not probed,True,False,not probed,https://www.bnbaccelerator.com/blog/wildfire-insurability-str/,not probed,True,5,operations,not returned,not returned,2026-09-06,2026-10-03,not probed,,Review substantive buyer support; not an exclusion inference
https://www.bnbaccelerator.com/blog/wind-deductible-str-reserve/,2026-10-07T01:10:53Z,True,NEUTRAL,INDEXING_STATE_UNSPECIFIED,URL is unknown to Google,unknown,,200,https://www.bnbaccelerator.com/blog/wind-deductible-str-reserve/,True,False,False,https://www.bnbaccelerator.com/blog/wind-deductible-str-reserve/,https://www.bnbaccelerator.com/blog/wind-deductible-str-reserve/,True,3,purchase hazard diligence,not returned,not returned,2026-09-06,2026-10-03,True,,Expanded wind-event cash support; monitor settled discovery and indexing evidence without diagnosing exclusion
