url,title,canonical,eligible,exclusion_reason,inbound_sources,contextual_sources,main_other_sources,index_sources,navigation_sources,homepage_reachable,in_sitemap,true_orphan,sitemap_only,contextual_source_urls,readiness,gsc_page_clicks,gsc_page_impressions,gsc_page_average_position,gsc_note
https://www.bnbaccelerator.com/,Buy Your First Short-Term Rental | BNB Accelerator,https://www.bnbaccelerator.com/,True,,2411,0,800,6,2405,True,True,False,False,,Unreviewed; count alone does not establish content quality,1,64,15.28125,"Supplied page-dimension GSC export: Sep 6–Oct 3; daily coverage Sep 18 onward; sparse signal, not indexing or authority proof"
https://www.bnbaccelerator.com/answers/,Short-Term Rental Answers & Definitions (2026),https://www.bnbaccelerator.com/answers/,True,,1599,0,0,4,1595,True,True,False,False,,Unreviewed; count alone does not establish content quality,,,,Page-level GSC metrics were not supplied; no indexing inference
https://www.bnbaccelerator.com/answers/can-airbnb-losses-offset-w2-income/,Can Airbnb Losses Offset W-2 Income? (2026),https://www.bnbaccelerator.com/answers/can-airbnb-losses-offset-w2-income/,True,,3,0,1,2,0,True,True,False,False,,Unreviewed; count alone does not establish content quality,,,,Page-level GSC metrics were not supplied; no indexing inference
https://www.bnbaccelerator.com/answers/is-airbnb-passive-income/,Is Airbnb Passive Income? The Real Answer (2026),https://www.bnbaccelerator.com/answers/is-airbnb-passive-income/,True,,3,0,1,2,0,True,True,False,False,,Unreviewed; count alone does not establish content quality,,,,Page-level GSC metrics were not supplied; no indexing inference
https://www.bnbaccelerator.com/answers/what-is-a-good-cap-rate-for-airbnb/,What Is a Good Cap Rate for an Airbnb? (2026),https://www.bnbaccelerator.com/answers/what-is-a-good-cap-rate-for-airbnb/,True,,2,0,0,2,0,True,True,False,False,,Unreviewed; count alone does not establish content quality,,,,Page-level GSC metrics were not supplied; no indexing inference
https://www.bnbaccelerator.com/answers/what-is-a-short-term-rental/,What Is a Short-Term Rental? Definition (2026),https://www.bnbaccelerator.com/answers/what-is-a-short-term-rental/,True,,2,0,0,2,0,True,True,False,False,,Unreviewed; count alone does not establish content quality,,,,Page-level GSC metrics were not supplied; no indexing inference
https://www.bnbaccelerator.com/answers/what-is-adr-in-short-term-rentals/,What Is ADR in Short-Term Rentals? (2026),https://www.bnbaccelerator.com/answers/what-is-adr-in-short-term-rentals/,True,,3,0,1,2,0,True,True,False,False,,Unreviewed; count alone does not establish content quality,,,,Page-level GSC metrics were not supplied; no indexing inference
https://www.bnbaccelerator.com/answers/what-is-cost-segregation/,What Is Cost Segregation? Definition (2026),https://www.bnbaccelerator.com/answers/what-is-cost-segregation/,True,,4,0,2,2,0,True,True,False,False,,Unreviewed; count alone does not establish content quality,,,,Page-level GSC metrics were not supplied; no indexing inference
https://www.bnbaccelerator.com/answers/what-is-the-str-loophole/,What Is the STR Loophole? Explained (2026),https://www.bnbaccelerator.com/answers/what-is-the-str-loophole/,True,,3,0,1,2,0,True,True,False,False,,Unreviewed; count alone does not establish content quality,,,,Page-level GSC metrics were not supplied; no indexing inference
https://www.bnbaccelerator.com/ask/,"BNB Accelerator: Cost, Reviews, ROI and Common Questions",https://www.bnbaccelerator.com/ask/,True,,1599,0,1,5,1594,True,True,False,False,,Unreviewed; count alone does not establish content quality,,,,Page-level GSC metrics were not supplied; no indexing inference
https://www.bnbaccelerator.com/best-cities-airbnb-investment-2026/,Best Cities for Airbnb Investment in 2026 | BNB Accelerator,https://www.bnbaccelerator.com/best-cities-airbnb-investment-2026/,True,,2,0,1,1,0,True,True,False,False,,Unreviewed; count alone does not establish content quality,,,,Page-level GSC metrics were not supplied; no indexing inference
https://www.bnbaccelerator.com/blog/,First STR Buying Guides & Research | BNB Accelerator,https://www.bnbaccelerator.com/blog/,True,,1599,0,4,4,1595,True,True,False,False,,Unreviewed; count alone does not establish content quality,,,,Page-level GSC metrics were not supplied; no indexing inference
https://www.bnbaccelerator.com/blog/after-hours-guest-support-cost/,How Should After-Hours Guest Support Be Staffed and Priced | BNB Accelerator,https://www.bnbaccelerator.com/blog/after-hours-guest-support-cost/,True,,2,0,0,2,0,True,True,False,False,,Unreviewed; count alone does not establish content quality,,,,Page-level GSC metrics were not supplied; no indexing inference
https://www.bnbaccelerator.com/blog/airbnb-1099-reporting/,Airbnb Income Reporting and Platform Tax Forms,https://www.bnbaccelerator.com/blog/airbnb-1099-reporting/,True,,5,0,3,2,0,True,True,False,False,,Unreviewed; count alone does not establish content quality,,,,Page-level GSC metrics were not supplied; no indexing inference
https://www.bnbaccelerator.com/blog/airbnb-cancellation-policy/,Airbnb Cancellation Policy That Protects Revenue,https://www.bnbaccelerator.com/blog/airbnb-cancellation-policy/,True,,4,0,2,2,0,True,True,False,False,,Unreviewed; count alone does not establish content quality,,,,Page-level GSC metrics were not supplied; no indexing inference
https://www.bnbaccelerator.com/blog/airbnb-house-right-after-closing/,Airbnb a House Right After Closing? | BNB Accelerator,https://www.bnbaccelerator.com/blog/airbnb-house-right-after-closing/,True,,3,0,1,2,0,True,True,False,False,,Unreviewed; count alone does not establish content quality,,,,Page-level GSC metrics were not supplied; no indexing inference
https://www.bnbaccelerator.com/blog/airbnb-supplies-checklist/,The Complete Airbnb Setup and Supplies Checklist,https://www.bnbaccelerator.com/blog/airbnb-supplies-checklist/,True,,8,0,6,2,0,True,True,False,False,,Unreviewed; count alone does not establish content quality,,,,Page-level GSC metrics were not supplied; no indexing inference
https://www.bnbaccelerator.com/blog/airbnb-vs-long-term-rental-roi/,Airbnb vs Long Term Rental ROI: The 2026 Numbers,https://www.bnbaccelerator.com/blog/airbnb-vs-long-term-rental-roi/,True,,10,0,8,2,0,True,True,False,False,,Unreviewed; count alone does not establish content quality,,,,Page-level GSC metrics were not supplied; no indexing inference
https://www.bnbaccelerator.com/blog/airbnb-vs-long-term-rentals/,Airbnb vs Long-Term Rentals: Which Makes More Money?,https://www.bnbaccelerator.com/blog/airbnb-vs-long-term-rentals/,True,,7,0,5,2,0,True,True,False,False,,Unreviewed; count alone does not establish content quality,,,,Page-level GSC metrics were not supplied; no indexing inference
https://www.bnbaccelerator.com/blog/airbnb-vs-stock-market/,Short-Term Rentals vs the Stock Market,https://www.bnbaccelerator.com/blog/airbnb-vs-stock-market/,True,,4,0,2,2,0,True,True,False,False,,Unreviewed; count alone does not establish content quality,,,,Page-level GSC metrics were not supplied; no indexing inference
https://www.bnbaccelerator.com/blog/airbnb-vs-vrbo-vs-booking/,Airbnb vs Vrbo vs Booking.com for Hosts,https://www.bnbaccelerator.com/blog/airbnb-vs-vrbo-vs-booking/,True,,4,0,2,2,0,True,True,False,False,,Unreviewed; count alone does not establish content quality,,,,Page-level GSC metrics were not supplied; no indexing inference
https://www.bnbaccelerator.com/blog/airbnb-vs-vrbo/,Airbnb vs Vrbo for Investors: Which Platform Wins?,https://www.bnbaccelerator.com/blog/airbnb-vs-vrbo/,True,,4,0,2,2,0,True,True,False,False,,Unreviewed; count alone does not establish content quality,,,,Page-level GSC metrics were not supplied; no indexing inference
https://www.bnbaccelerator.com/blog/airport-noise-before-buying-short-term-rental/,Airport Noise Before Buying an STR | BNB Accelerator,https://www.bnbaccelerator.com/blog/airport-noise-before-buying-short-term-rental/,True,,2,0,0,2,0,True,True,False,False,,Unreviewed; count alone does not establish content quality,,,,Page-level GSC metrics were not supplied; no indexing inference
https://www.bnbaccelerator.com/blog/appliances-budget-short-term-rental/,How to Budget for Appliance Package | STR Owner Guide,https://www.bnbaccelerator.com/blog/appliances-budget-short-term-rental/,True,,2,0,0,2,0,True,True,False,False,,Unreviewed; count alone does not establish content quality,,,,Page-level GSC metrics were not supplied; no indexing inference
https://www.bnbaccelerator.com/blog/appliances-buying-short-term-rental/,Buying a Property With Appliance Package | STR Owner Guide,https://www.bnbaccelerator.com/blog/appliances-buying-short-term-rental/,True,,2,0,0,2,0,True,True,False,False,,Unreviewed; count alone does not establish content quality,,,,Page-level GSC metrics were not supplied; no indexing inference
https://www.bnbaccelerator.com/blog/appliances-design-short-term-rental/,Designing an Airbnb Around Appliance Package | STR Owner Guide,https://www.bnbaccelerator.com/blog/appliances-design-short-term-rental/,True,,2,0,0,2,0,True,True,False,False,,Unreviewed; count alone does not establish content quality,,,,Page-level GSC metrics were not supplied; no indexing inference
https://www.bnbaccelerator.com/blog/appliances-inspection-short-term-rental/,STR Inspection Checklist for Appliance Package | STR Owner Guide,https://www.bnbaccelerator.com/blog/appliances-inspection-short-term-rental/,True,,2,0,0,2,0,True,True,False,False,,Unreviewed; count alone does not establish content quality,,,,Page-level GSC metrics were not supplied; no indexing inference
https://www.bnbaccelerator.com/blog/appliances-insurance-short-term-rental/,Insurance and Liability Review for Appliance Package | STR Owner Guide,https://www.bnbaccelerator.com/blog/appliances-insurance-short-term-rental/,True,,2,0,0,2,0,True,True,False,False,,Unreviewed; count alone does not establish content quality,,,,Page-level GSC metrics were not supplied; no indexing inference
https://www.bnbaccelerator.com/blog/appliances-maintenance-short-term-rental/,Preventive Maintenance Plan for Appliance Package | STR Owner Guide,https://www.bnbaccelerator.com/blog/appliances-maintenance-short-term-rental/,True,,2,0,0,2,0,True,True,False,False,,Unreviewed; count alone does not establish content quality,,,,Page-level GSC metrics were not supplied; no indexing inference
https://www.bnbaccelerator.com/blog/appliances-operations-short-term-rental/,Airbnb Operating SOP for Appliance Package | STR Owner Guide,https://www.bnbaccelerator.com/blog/appliances-operations-short-term-rental/,True,,2,0,0,2,0,True,True,False,False,,Unreviewed; count alone does not establish content quality,,,,Page-level GSC metrics were not supplied; no indexing inference
https://www.bnbaccelerator.com/blog/appliances-repair-replace-short-term-rental/,When to Repair or Replace an Airbnb Appliance Package | STR Owner Guide,https://www.bnbaccelerator.com/blog/appliances-repair-replace-short-term-rental/,True,,2,0,0,2,0,True,True,False,False,,Unreviewed; count alone does not establish content quality,,,,Page-level GSC metrics were not supplied; no indexing inference
https://www.bnbaccelerator.com/blog/appliances-roi-short-term-rental/,Does an Airbnb Appliance Package Increase Revenue? | STR Owner Guide,https://www.bnbaccelerator.com/blog/appliances-roi-short-term-rental/,True,,2,0,0,2,0,True,True,False,False,,Unreviewed; count alone does not establish content quality,,,,Page-level GSC metrics were not supplied; no indexing inference
https://www.bnbaccelerator.com/blog/arizona-preemption-explained/,Arizona STR Preemption Explained (2026),https://www.bnbaccelerator.com/blog/arizona-preemption-explained/,True,,3,0,1,2,0,True,True,False,False,,Unreviewed; count alone does not establish content quality,,,,Page-level GSC metrics were not supplied; no indexing inference
https://www.bnbaccelerator.com/blog/augusta-rule-14-day-rental/,The 14-Day Home Rental Rule Explained for Investors,https://www.bnbaccelerator.com/blog/augusta-rule-14-day-rental/,True,,3,0,1,2,0,True,True,False,False,,Unreviewed; count alone does not establish content quality,,,,Page-level GSC metrics were not supplied; no indexing inference
https://www.bnbaccelerator.com/blog/austin-texas-airbnb-investing/,"Austin Airbnb Investing Guide: Rules, Rates, Returns",https://www.bnbaccelerator.com/blog/austin-texas-airbnb-investing/,True,,5,0,3,2,0,True,True,False,False,,Unreviewed; count alone does not establish content quality,,,,Page-level GSC metrics were not supplied; no indexing inference
https://www.bnbaccelerator.com/blog/backup-cleaner-str/,What Makes an STR Backup Cleaner Real | BNB Accelerator,https://www.bnbaccelerator.com/blog/backup-cleaner-str/,True,,2,0,0,2,0,True,True,False,False,,Unreviewed; count alone does not establish content quality,,,,Page-level GSC metrics were not supplied; no indexing inference
https://www.bnbaccelerator.com/blog/bank-statement-loan-str/,When Does a Bank-Statement Loan Make Sense for an STR Buyer | BNB Accelerator,https://www.bnbaccelerator.com/blog/bank-statement-loan-str/,True,,2,0,0,2,0,True,True,False,False,,Unreviewed; count alone does not establish content quality,,,,Page-level GSC metrics were not supplied; no indexing inference
https://www.bnbaccelerator.com/blog/best-airbnb-markets-for-beginners/,Best Airbnb Markets for Beginners in 2026,https://www.bnbaccelerator.com/blog/best-airbnb-markets-for-beginners/,True,,3,0,1,2,0,True,True,False,False,,Unreviewed; count alone does not establish content quality,,,,Page-level GSC metrics were not supplied; no indexing inference
https://www.bnbaccelerator.com/blog/big-bear-california-str-market/,Big Bear CA Short-Term Rental Market (2026),https://www.bnbaccelerator.com/blog/big-bear-california-str-market/,True,,5,0,3,2,0,True,True,False,False,,Unreviewed; count alone does not establish content quality,,,,Page-level GSC metrics were not supplied; no indexing inference
https://www.bnbaccelerator.com/blog/blanket-loan-vs-individual-mortgages-str/,Blanket Loan vs Individual Mortgages for STRs | BNB Accelerator,https://www.bnbaccelerator.com/blog/blanket-loan-vs-individual-mortgages-str/,True,,2,0,0,2,0,True,True,False,False,,Unreviewed; count alone does not establish content quality,,,,Page-level GSC metrics were not supplied; no indexing inference
https://www.bnbaccelerator.com/blog/blue-ridge-georgia-str-market/,Blue Ridge GA Short-Term Rental Market (2026),https://www.bnbaccelerator.com/blog/blue-ridge-georgia-str-market/,True,,3,0,1,2,0,True,True,False,False,,Unreviewed; count alone does not establish content quality,,,,Page-level GSC metrics were not supplied; no indexing inference
https://www.bnbaccelerator.com/blog/bridge-loan-buy-short-term-rental/,Bridge Loan to Buy an STR? | BNB Accelerator,https://www.bnbaccelerator.com/blog/bridge-loan-buy-short-term-rental/,True,,2,0,0,2,0,True,True,False,False,,Unreviewed; count alone does not establish content quality,,,,Page-level GSC metrics were not supplied; no indexing inference
https://www.bnbaccelerator.com/blog/bunk-room-budget-short-term-rental/,How to Budget for Bunk Room | STR Owner Guide,https://www.bnbaccelerator.com/blog/bunk-room-budget-short-term-rental/,True,,2,0,0,2,0,True,True,False,False,,Unreviewed; count alone does not establish content quality,,,,Page-level GSC metrics were not supplied; no indexing inference
https://www.bnbaccelerator.com/blog/bunk-room-buying-short-term-rental/,Buying a Property With Bunk Room | STR Owner Guide,https://www.bnbaccelerator.com/blog/bunk-room-buying-short-term-rental/,True,,2,0,0,2,0,True,True,False,False,,Unreviewed; count alone does not establish content quality,,,,Page-level GSC metrics were not supplied; no indexing inference
https://www.bnbaccelerator.com/blog/bunk-room-design-short-term-rental/,Designing an Airbnb Around Bunk Room | STR Owner Guide,https://www.bnbaccelerator.com/blog/bunk-room-design-short-term-rental/,True,,2,0,0,2,0,True,True,False,False,,Unreviewed; count alone does not establish content quality,,,,Page-level GSC metrics were not supplied; no indexing inference
https://www.bnbaccelerator.com/blog/bunk-room-inspection-short-term-rental/,STR Inspection Checklist for Bunk Room | STR Owner Guide,https://www.bnbaccelerator.com/blog/bunk-room-inspection-short-term-rental/,True,,2,0,0,2,0,True,True,False,False,,Unreviewed; count alone does not establish content quality,,,,Page-level GSC metrics were not supplied; no indexing inference
https://www.bnbaccelerator.com/blog/bunk-room-insurance-short-term-rental/,Insurance and Liability Review for Bunk Room | STR Owner Guide,https://www.bnbaccelerator.com/blog/bunk-room-insurance-short-term-rental/,True,,2,0,0,2,0,True,True,False,False,,Unreviewed; count alone does not establish content quality,,,,Page-level GSC metrics were not supplied; no indexing inference
https://www.bnbaccelerator.com/blog/bunk-room-maintenance-short-term-rental/,Preventive Maintenance Plan for Bunk Room | STR Owner Guide,https://www.bnbaccelerator.com/blog/bunk-room-maintenance-short-term-rental/,True,,2,0,0,2,0,True,True,False,False,,Unreviewed; count alone does not establish content quality,,,,Page-level GSC metrics were not supplied; no indexing inference
https://www.bnbaccelerator.com/blog/bunk-room-operations-short-term-rental/,Airbnb Operating SOP for Bunk Room | STR Owner Guide,https://www.bnbaccelerator.com/blog/bunk-room-operations-short-term-rental/,True,,2,0,0,2,0,True,True,False,False,,Unreviewed; count alone does not establish content quality,,,,Page-level GSC metrics were not supplied; no indexing inference
https://www.bnbaccelerator.com/blog/bunk-room-repair-replace-short-term-rental/,When to Repair or Replace an Airbnb Bunk Room | STR Owner Guide,https://www.bnbaccelerator.com/blog/bunk-room-repair-replace-short-term-rental/,True,,2,0,0,2,0,True,True,False,False,,Unreviewed; count alone does not establish content quality,,,,Page-level GSC metrics were not supplied; no indexing inference
https://www.bnbaccelerator.com/blog/bunk-room-roi-short-term-rental/,Does an Airbnb Bunk Room Increase Revenue? | STR Owner Guide,https://www.bnbaccelerator.com/blog/bunk-room-roi-short-term-rental/,True,,2,0,0,2,0,True,True,False,False,,Unreviewed; count alone does not establish content quality,,,,Page-level GSC metrics were not supplied; no indexing inference
https://www.bnbaccelerator.com/blog/buried-oil-tank-before-buying-str/,Buried Oil Tank Before Buying an STR | Buyer Guide,https://www.bnbaccelerator.com/blog/buried-oil-tank-before-buying-str/,True,,3,0,1,2,0,True,True,False,False,,Unreviewed; count alone does not establish content quality,,,,Page-level GSC metrics were not supplied; no indexing inference
https://www.bnbaccelerator.com/blog/buy-airbnb-without-str-permit/,Buy an Airbnb Without an STR Permit? | BNB Accelerator,https://www.bnbaccelerator.com/blog/buy-airbnb-without-str-permit/,True,,2,0,0,2,0,True,True,False,False,,Unreviewed; count alone does not establish content quality,,,,Page-level GSC metrics were not supplied; no indexing inference
https://www.bnbaccelerator.com/blog/buy-foreclosure-as-short-term-rental/,Buy a Foreclosure as a Short-Term Rental? | BNB Accelerator,https://www.bnbaccelerator.com/blog/buy-foreclosure-as-short-term-rental/,True,,2,0,0,2,0,True,True,False,False,,Unreviewed; count alone does not establish content quality,,,,Page-level GSC metrics were not supplied; no indexing inference
https://www.bnbaccelerator.com/blog/buy-property-with-adu-for-str/,Buy a Home With an ADU for an STR? | BNB Accelerator,https://www.bnbaccelerator.com/blog/buy-property-with-adu-for-str/,True,,2,0,0,2,0,True,True,False,False,,Unreviewed; count alone does not establish content quality,,,,Page-level GSC metrics were not supplied; no indexing inference
https://www.bnbaccelerator.com/blog/buy-str-sight-unseen/,Buy an STR Sight Unseen? | BNB Accelerator,https://www.bnbaccelerator.com/blog/buy-str-sight-unseen/,True,,3,0,1,2,0,True,True,False,False,,Unreviewed; count alone does not establish content quality,,,,Page-level GSC metrics were not supplied; no indexing inference
https://www.bnbaccelerator.com/blog/buy-str-with-assumable-mortgage/,Buy an STR With an Assumable Mortgage? | BNB Accelerator,https://www.bnbaccelerator.com/blog/buy-str-with-assumable-mortgage/,True,,2,0,0,2,0,True,True,False,False,,Unreviewed; count alone does not establish content quality,,,,Page-level GSC metrics were not supplied; no indexing inference
https://www.bnbaccelerator.com/blog/buy-str-with-declining-revenue/,Buy an STR With Declining Revenue? | BNB Accelerator,https://www.bnbaccelerator.com/blog/buy-str-with-declining-revenue/,True,,2,0,0,2,0,True,True,False,False,,Unreviewed; count alone does not establish content quality,,,,Page-level GSC metrics were not supplied; no indexing inference
https://www.bnbaccelerator.com/blog/buy-str-with-seller-financing/,Buy an STR With Seller Financing? | BNB Accelerator,https://www.bnbaccelerator.com/blog/buy-str-with-seller-financing/,True,,2,0,0,2,0,True,True,False,False,,Unreviewed; count alone does not establish content quality,,,,Page-level GSC metrics were not supplied; no indexing inference
https://www.bnbaccelerator.com/blog/buy-tenant-occupied-property-for-str/,Buying a Tenant-Occupied Property for an STR | BNB Accelerator,https://www.bnbaccelerator.com/blog/buy-tenant-occupied-property-for-str/,True,,2,0,0,2,0,True,True,False,False,,Unreviewed; count alone does not establish content quality,,,,Page-level GSC metrics were not supplied; no indexing inference
https://www.bnbaccelerator.com/blog/buy-two-short-term-rentals-at-once/,Buy Two STRs at Once or One First? | BNB Accelerator,https://www.bnbaccelerator.com/blog/buy-two-short-term-rentals-at-once/,True,,2,0,0,2,0,True,True,False,False,,Unreviewed; count alone does not establish content quality,,,,Page-level GSC metrics were not supplied; no indexing inference
https://www.bnbaccelerator.com/blog/buying-in-december-vs-january/,Should You Close an STR in December or January? (2026),https://www.bnbaccelerator.com/blog/buying-in-december-vs-january/,True,,5,0,3,2,0,True,True,False,False,,Unreviewed; count alone does not establish content quality,,,,Page-level GSC metrics were not supplied; no indexing inference
https://www.bnbaccelerator.com/blog/cape-coral-fort-myers-str-market/,Cape Coral & Fort Myers STR Market (2026),https://www.bnbaccelerator.com/blog/cape-coral-fort-myers-str-market/,True,,6,0,4,2,0,True,True,False,False,,Unreviewed; count alone does not establish content quality,,,,Page-level GSC metrics were not supplied; no indexing inference
https://www.bnbaccelerator.com/blog/case-study-breakdown-80-nights-21-days/,Case Study Breakdown: 80 Nights in 21 Days,https://www.bnbaccelerator.com/blog/case-study-breakdown-80-nights-21-days/,True,,3,0,1,2,0,True,True,False,False,,Unreviewed; count alone does not establish content quality,,,,Page-level GSC metrics were not supplied; no indexing inference
https://www.bnbaccelerator.com/blog/case-study-breakdown-february-cash-flow/,"Case Study Breakdown: $17K February, Fort Myers 6BR",https://www.bnbaccelerator.com/blog/case-study-breakdown-february-cash-flow/,True,,3,0,1,2,0,True,True,False,False,,Unreviewed; count alone does not establish content quality,,,,Page-level GSC metrics were not supplied; no indexing inference
https://www.bnbaccelerator.com/blog/case-study-breakdown-six-property-portfolio/,Case Study Breakdown: Six Properties in Four Years,https://www.bnbaccelerator.com/blog/case-study-breakdown-six-property-portfolio/,True,,3,0,1,2,0,True,True,False,False,,Unreviewed; count alone does not establish content quality,,,,Page-level GSC metrics were not supplied; no indexing inference
https://www.bnbaccelerator.com/blog/case-study-breakdown-two-market-portfolio/,Case Study Breakdown: Broken Bow and Destin,https://www.bnbaccelerator.com/blog/case-study-breakdown-two-market-portfolio/,True,,3,0,1,2,0,True,True,False,False,,Unreviewed; count alone does not establish content quality,,,,Page-level GSC metrics were not supplied; no indexing inference
https://www.bnbaccelerator.com/blog/case-study-breakdown-victoria-9br/,"Case Study Breakdown: $20K Month, Sevierville 9BR",https://www.bnbaccelerator.com/blog/case-study-breakdown-victoria-9br/,True,,3,0,1,2,0,True,True,False,False,,Unreviewed; count alone does not establish content quality,,,,Page-level GSC metrics were not supplied; no indexing inference
https://www.bnbaccelerator.com/blog/cell-service-before-buying-remote-str/,How to Test Cell Service at a Remote STR | BNB Accelerator,https://www.bnbaccelerator.com/blog/cell-service-before-buying-remote-str/,True,,2,0,0,2,0,True,True,False,False,,Unreviewed; count alone does not establish content quality,,,,Page-level GSC metrics were not supplied; no indexing inference
https://www.bnbaccelerator.com/blog/check-in-that-does-not-generate-calls/,Airbnb Self Check-In That Works (2026),https://www.bnbaccelerator.com/blog/check-in-that-does-not-generate-calls/,True,,5,0,3,2,0,True,True,False,False,,Unreviewed; count alone does not establish content quality,,,,Page-level GSC metrics were not supplied; no indexing inference
https://www.bnbaccelerator.com/blog/check-yard-drainage-before-buying-str/,How to Check Drainage Before Buying an STR | BNB Accelerator,https://www.bnbaccelerator.com/blog/check-yard-drainage-before-buying-str/,True,,3,0,1,2,0,True,True,False,False,,Unreviewed; count alone does not establish content quality,,,,Page-level GSC metrics were not supplied; no indexing inference
https://www.bnbaccelerator.com/blog/cleaner-capacity-peak-season/,How Do You Verify a Cleaner Can Handle STR Peak Season | BNB Accelerator,https://www.bnbaccelerator.com/blog/cleaner-capacity-peak-season/,True,,2,0,0,2,0,True,True,False,False,,Unreviewed; count alone does not establish content quality,,,,Page-level GSC metrics were not supplied; no indexing inference
https://www.bnbaccelerator.com/blog/cleaning-fees-gross-revenue/,Do Cleaning Fees Count as STR Revenue When Buying | BNB Accelerator,https://www.bnbaccelerator.com/blog/cleaning-fees-gross-revenue/,True,,2,0,0,2,0,True,True,False,False,,Unreviewed; count alone does not establish content quality,,,,Page-level GSC metrics were not supplied; no indexing inference
https://www.bnbaccelerator.com/blog/coastal-corrosion-capex-str/,How Should Coastal Corrosion Change an STR Capex Budget | BNB Accelerator,https://www.bnbaccelerator.com/blog/coastal-corrosion-capex-str/,True,,2,0,0,2,0,True,True,False,False,,Unreviewed; count alone does not establish content quality,,,,Page-level GSC metrics were not supplied; no indexing inference
https://www.bnbaccelerator.com/blog/combine-vrbo-direct-airbnb-revenue/,"How Do You Combine Airbnb, Vrbo, and Direct-Booking Revenue | BNB Accelerator",https://www.bnbaccelerator.com/blog/combine-vrbo-direct-airbnb-revenue/,True,,2,0,0,2,0,True,True,False,False,,Unreviewed; count alone does not establish content quality,,,,Page-level GSC metrics were not supplied; no indexing inference
https://www.bnbaccelerator.com/blog/commercial-umbrella-str/,When Does an STR Owner Need an Umbrella Policy | BNB Accelerator,https://www.bnbaccelerator.com/blog/commercial-umbrella-str/,True,,2,0,0,2,0,True,True,False,False,,Unreviewed; count alone does not establish content quality,,,,Page-level GSC metrics were not supplied; no indexing inference
https://www.bnbaccelerator.com/blog/converted-bedroom-count-before-buying-str/,Can a Converted Room Count as an STR Bedroom? | BNB Accelerator,https://www.bnbaccelerator.com/blog/converted-bedroom-count-before-buying-str/,True,,2,0,0,2,0,True,True,False,False,,Unreviewed; count alone does not establish content quality,,,,Page-level GSC metrics were not supplied; no indexing inference
https://www.bnbaccelerator.com/blog/cost-seg-furnishings-allocation/,How Should Furnishings Be Separated From a Cost Segregation Study | BNB Accelerator,https://www.bnbaccelerator.com/blog/cost-seg-furnishings-allocation/,True,,2,0,0,2,0,True,True,False,False,,Unreviewed; count alone does not establish content quality,,,,Page-level GSC metrics were not supplied; no indexing inference
https://www.bnbaccelerator.com/blog/cost-seg-timing-and-hold-period/,Cost Segregation Hold Period & Recapture (2026),https://www.bnbaccelerator.com/blog/cost-seg-timing-and-hold-period/,True,,3,0,1,2,0,True,True,False,False,,Unreviewed; count alone does not establish content quality,,,,Page-level GSC metrics were not supplied; no indexing inference
https://www.bnbaccelerator.com/blog/deck-budget-short-term-rental/,How to Budget for Deck | STR Owner Guide,https://www.bnbaccelerator.com/blog/deck-budget-short-term-rental/,True,,2,0,0,2,0,True,True,False,False,,Unreviewed; count alone does not establish content quality,,,,Page-level GSC metrics were not supplied; no indexing inference
https://www.bnbaccelerator.com/blog/deck-buying-short-term-rental/,Buying a Property With Deck | STR Owner Guide,https://www.bnbaccelerator.com/blog/deck-buying-short-term-rental/,True,,2,0,0,2,0,True,True,False,False,,Unreviewed; count alone does not establish content quality,,,,Page-level GSC metrics were not supplied; no indexing inference
https://www.bnbaccelerator.com/blog/deck-design-short-term-rental/,Designing an Airbnb Around Deck | STR Owner Guide,https://www.bnbaccelerator.com/blog/deck-design-short-term-rental/,True,,2,0,0,2,0,True,True,False,False,,Unreviewed; count alone does not establish content quality,,,,Page-level GSC metrics were not supplied; no indexing inference
https://www.bnbaccelerator.com/blog/deck-inspection-short-term-rental/,STR Inspection Checklist for Deck | STR Owner Guide,https://www.bnbaccelerator.com/blog/deck-inspection-short-term-rental/,True,,2,0,0,2,0,True,True,False,False,,Unreviewed; count alone does not establish content quality,,,,Page-level GSC metrics were not supplied; no indexing inference
https://www.bnbaccelerator.com/blog/deck-insurance-short-term-rental/,Insurance and Liability Review for Deck | STR Owner Guide,https://www.bnbaccelerator.com/blog/deck-insurance-short-term-rental/,True,,2,0,0,2,0,True,True,False,False,,Unreviewed; count alone does not establish content quality,,,,Page-level GSC metrics were not supplied; no indexing inference
https://www.bnbaccelerator.com/blog/deck-maintenance-short-term-rental/,Preventive Maintenance Plan for Deck | STR Owner Guide,https://www.bnbaccelerator.com/blog/deck-maintenance-short-term-rental/,True,,2,0,0,2,0,True,True,False,False,,Unreviewed; count alone does not establish content quality,,,,Page-level GSC metrics were not supplied; no indexing inference
https://www.bnbaccelerator.com/blog/deck-operations-short-term-rental/,Airbnb Operating SOP for Deck | STR Owner Guide,https://www.bnbaccelerator.com/blog/deck-operations-short-term-rental/,True,,2,0,0,2,0,True,True,False,False,,Unreviewed; count alone does not establish content quality,,,,Page-level GSC metrics were not supplied; no indexing inference
https://www.bnbaccelerator.com/blog/deck-repair-replace-short-term-rental/,When to Repair or Replace an Airbnb Deck | STR Owner Guide,https://www.bnbaccelerator.com/blog/deck-repair-replace-short-term-rental/,True,,2,0,0,2,0,True,True,False,False,,Unreviewed; count alone does not establish content quality,,,,Page-level GSC metrics were not supplied; no indexing inference
https://www.bnbaccelerator.com/blog/deck-roi-short-term-rental/,Does an Airbnb Deck Increase Revenue? | STR Owner Guide,https://www.bnbaccelerator.com/blog/deck-roi-short-term-rental/,True,,2,0,0,2,0,True,True,False,False,,Unreviewed; count alone does not establish content quality,,,,Page-level GSC metrics were not supplied; no indexing inference
https://www.bnbaccelerator.com/blog/denver-airbnb-investing/,Denver Airbnb Investing Guide: Licensing and Demand,https://www.bnbaccelerator.com/blog/denver-airbnb-investing/,True,,4,0,2,2,0,True,True,False,False,,Unreviewed; count alone does not establish content quality,,,,Page-level GSC metrics were not supplied; no indexing inference
https://www.bnbaccelerator.com/blog/denver-metro-str-restrictions/,Denver STR Market: Primary Residence Rule (2026),https://www.bnbaccelerator.com/blog/denver-metro-str-restrictions/,True,,6,0,4,2,0,True,True,False,False,,Unreviewed; count alone does not establish content quality,,,,Page-level GSC metrics were not supplied; no indexing inference
https://www.bnbaccelerator.com/blog/designing-for-the-thumbnail/,Designing an STR for the Listing Thumbnail (2026),https://www.bnbaccelerator.com/blog/designing-for-the-thumbnail/,True,,4,0,2,2,0,True,True,False,False,,Unreviewed; count alone does not establish content quality,,,,Page-level GSC metrics were not supplied; no indexing inference
https://www.bnbaccelerator.com/blog/destin-florida-airbnb-investing/,Destin Florida Airbnb Investing Guide,https://www.bnbaccelerator.com/blog/destin-florida-airbnb-investing/,True,,7,0,5,2,0,True,True,False,False,,Unreviewed; count alone does not establish content quality,,,,Page-level GSC metrics were not supplied; no indexing inference
https://www.bnbaccelerator.com/blog/dfw-lake-markets-shady-shores/,DFW Lake STR Markets: Shady Shores & Beyond (2026),https://www.bnbaccelerator.com/blog/dfw-lake-markets-shady-shores/,True,,3,0,1,2,0,True,True,False,False,,Unreviewed; count alone does not establish content quality,,,,Page-level GSC metrics were not supplied; no indexing inference
https://www.bnbaccelerator.com/blog/direct-bookings-worth-the-effort/,Direct Booking Strategy for STRs: Worth It? (2026),https://www.bnbaccelerator.com/blog/direct-bookings-worth-the-effort/,True,,3,0,1,2,0,True,True,False,False,,Unreviewed; count alone does not establish content quality,,,,Page-level GSC metrics were not supplied; no indexing inference
https://www.bnbaccelerator.com/blog/discounts-coupons-net-adr/,Do Airbnb Discounts Distort the Seller's Reported ADR | BNB Accelerator,https://www.bnbaccelerator.com/blog/discounts-coupons-net-adr/,True,,2,0,0,2,0,True,True,False,False,,Unreviewed; count alone does not establish content quality,,,,Page-level GSC metrics were not supplied; no indexing inference
https://www.bnbaccelerator.com/blog/dock-watercraft-str-liability/,How Should a Dock or Guest Watercraft Affect STR Insurance | BNB Accelerator,https://www.bnbaccelerator.com/blog/dock-watercraft-str-liability/,True,,3,0,1,2,0,True,True,False,False,,Unreviewed; count alone does not establish content quality,,,,Page-level GSC metrics were not supplied; no indexing inference
https://www.bnbaccelerator.com/blog/does-ada-apply-short-term-rental/,Does the ADA Apply to a Short-Term Rental? | BNB,https://www.bnbaccelerator.com/blog/does-ada-apply-short-term-rental/,True,,2,0,0,2,0,True,True,False,False,,Unreviewed; count alone does not establish content quality,,,,Page-level GSC metrics were not supplied; no indexing inference
https://www.bnbaccelerator.com/blog/dscr-vacancy-factor-str/,How Does a DSCR Lender Treat STR Vacancy | BNB Accelerator,https://www.bnbaccelerator.com/blog/dscr-vacancy-factor-str/,True,,2,0,0,2,0,True,True,False,False,,Unreviewed; count alone does not establish content quality,,,,Page-level GSC metrics were not supplied; no indexing inference
https://www.bnbaccelerator.com/blog/due-diligence-items-buyers-skip/,STR Due Diligence Items Buyers Miss (2026),https://www.bnbaccelerator.com/blog/due-diligence-items-buyers-skip/,True,,3,0,1,2,0,True,True,False,False,,Unreviewed; count alone does not establish content quality,,,,Page-level GSC metrics were not supplied; no indexing inference
https://www.bnbaccelerator.com/blog/electrical-panel-inspection-before-buying-str/,Electrical Panel Inspection Before Buying an STR,https://www.bnbaccelerator.com/blog/electrical-panel-inspection-before-buying-str/,True,,4,0,2,2,0,True,True,False,False,,Unreviewed; count alone does not establish content quality,,,,Page-level GSC metrics were not supplied; no indexing inference
https://www.bnbaccelerator.com/blog/escalation-clause-str-purchase-offer/,STR Offer Escalation Clause | BNB Accelerator,https://www.bnbaccelerator.com/blog/escalation-clause-str-purchase-offer/,True,,2,0,0,2,0,True,True,False,False,,Unreviewed; count alone does not establish content quality,,,,Page-level GSC metrics were not supplied; no indexing inference
https://www.bnbaccelerator.com/blog/ev-charger-budget-short-term-rental/,How to Budget for Ev Charger | STR Owner Guide,https://www.bnbaccelerator.com/blog/ev-charger-budget-short-term-rental/,True,,2,0,0,2,0,True,True,False,False,,Unreviewed; count alone does not establish content quality,,,,Page-level GSC metrics were not supplied; no indexing inference
https://www.bnbaccelerator.com/blog/ev-charger-buying-short-term-rental/,Buying a Property With Ev Charger | STR Owner Guide,https://www.bnbaccelerator.com/blog/ev-charger-buying-short-term-rental/,True,,2,0,0,2,0,True,True,False,False,,Unreviewed; count alone does not establish content quality,,,,Page-level GSC metrics were not supplied; no indexing inference
https://www.bnbaccelerator.com/blog/ev-charger-design-short-term-rental/,Designing an Airbnb Around Ev Charger | STR Owner Guide,https://www.bnbaccelerator.com/blog/ev-charger-design-short-term-rental/,True,,2,0,0,2,0,True,True,False,False,,Unreviewed; count alone does not establish content quality,,,,Page-level GSC metrics were not supplied; no indexing inference
https://www.bnbaccelerator.com/blog/ev-charger-inspection-short-term-rental/,STR Inspection Checklist for Ev Charger | STR Owner Guide,https://www.bnbaccelerator.com/blog/ev-charger-inspection-short-term-rental/,True,,2,0,0,2,0,True,True,False,False,,Unreviewed; count alone does not establish content quality,,,,Page-level GSC metrics were not supplied; no indexing inference
https://www.bnbaccelerator.com/blog/ev-charger-insurance-short-term-rental/,Insurance and Liability Review for Ev Charger | STR Owner Guide,https://www.bnbaccelerator.com/blog/ev-charger-insurance-short-term-rental/,True,,2,0,0,2,0,True,True,False,False,,Unreviewed; count alone does not establish content quality,,,,Page-level GSC metrics were not supplied; no indexing inference
https://www.bnbaccelerator.com/blog/ev-charger-maintenance-short-term-rental/,Preventive Maintenance Plan for Ev Charger | STR Owner Guide,https://www.bnbaccelerator.com/blog/ev-charger-maintenance-short-term-rental/,True,,2,0,0,2,0,True,True,False,False,,Unreviewed; count alone does not establish content quality,,,,Page-level GSC metrics were not supplied; no indexing inference
https://www.bnbaccelerator.com/blog/ev-charger-operations-short-term-rental/,Airbnb Operating SOP for Ev Charger | STR Owner Guide,https://www.bnbaccelerator.com/blog/ev-charger-operations-short-term-rental/,True,,2,0,0,2,0,True,True,False,False,,Unreviewed; count alone does not establish content quality,,,,Page-level GSC metrics were not supplied; no indexing inference
https://www.bnbaccelerator.com/blog/ev-charger-repair-replace-short-term-rental/,When to Repair or Replace an Airbnb Ev Charger | STR Owner Guide,https://www.bnbaccelerator.com/blog/ev-charger-repair-replace-short-term-rental/,True,,2,0,0,2,0,True,True,False,False,,Unreviewed; count alone does not establish content quality,,,,Page-level GSC metrics were not supplied; no indexing inference
https://www.bnbaccelerator.com/blog/ev-charger-roi-short-term-rental/,Does an Airbnb Ev Charger Increase Revenue? | STR Owner Guide,https://www.bnbaccelerator.com/blog/ev-charger-roi-short-term-rental/,True,,2,0,0,2,0,True,True,False,False,,Unreviewed; count alone does not establish content quality,,,,Page-level GSC metrics were not supplied; no indexing inference
https://www.bnbaccelerator.com/blog/event-calendar-str-pricing/,How Do You Build an STR Event Calendar Without Overpricing | BNB Accelerator,https://www.bnbaccelerator.com/blog/event-calendar-str-pricing/,True,,2,0,0,2,0,True,True,False,False,,Unreviewed; count alone does not establish content quality,,,,Page-level GSC metrics were not supplied; no indexing inference
https://www.bnbaccelerator.com/blog/finance-wholesale-assigned-str-purchase/,Finance a Wholesale STR Purchase | BNB Accelerator,https://www.bnbaccelerator.com/blog/finance-wholesale-assigned-str-purchase/,True,,2,0,0,2,0,True,True,False,False,,Unreviewed; count alone does not establish content quality,,,,Page-level GSC metrics were not supplied; no indexing inference
https://www.bnbaccelerator.com/blog/fincen-cash-str-llc-reporting/,FinCEN Cash STR Rules for LLC Buyers | BNB Accelerator,https://www.bnbaccelerator.com/blog/fincen-cash-str-llc-reporting/,True,,2,0,0,2,0,True,True,False,False,,Unreviewed; count alone does not establish content quality,,,,Page-level GSC metrics were not supplied; no indexing inference
https://www.bnbaccelerator.com/blog/fire-apparatus-access-before-buying-str/,Can Fire Trucks Reach an STR? Buyer Checklist | BNB Accelerator,https://www.bnbaccelerator.com/blog/fire-apparatus-access-before-buying-str/,True,,2,0,0,2,0,True,True,False,False,,Unreviewed; count alone does not establish content quality,,,,Page-level GSC metrics were not supplied; no indexing inference
https://www.bnbaccelerator.com/blog/fire-pit-budget-short-term-rental/,How to Budget for Fire Pit | STR Owner Guide,https://www.bnbaccelerator.com/blog/fire-pit-budget-short-term-rental/,True,,2,0,0,2,0,True,True,False,False,,Unreviewed; count alone does not establish content quality,,,,Page-level GSC metrics were not supplied; no indexing inference
https://www.bnbaccelerator.com/blog/fire-pit-buying-short-term-rental/,Buying a Property With Fire Pit | STR Owner Guide,https://www.bnbaccelerator.com/blog/fire-pit-buying-short-term-rental/,True,,2,0,0,2,0,True,True,False,False,,Unreviewed; count alone does not establish content quality,,,,Page-level GSC metrics were not supplied; no indexing inference
https://www.bnbaccelerator.com/blog/fire-pit-design-short-term-rental/,Designing an Airbnb Around Fire Pit | STR Owner Guide,https://www.bnbaccelerator.com/blog/fire-pit-design-short-term-rental/,True,,2,0,0,2,0,True,True,False,False,,Unreviewed; count alone does not establish content quality,,,,Page-level GSC metrics were not supplied; no indexing inference
https://www.bnbaccelerator.com/blog/fire-pit-inspection-short-term-rental/,STR Inspection Checklist for Fire Pit | STR Owner Guide,https://www.bnbaccelerator.com/blog/fire-pit-inspection-short-term-rental/,True,,2,0,0,2,0,True,True,False,False,,Unreviewed; count alone does not establish content quality,,,,Page-level GSC metrics were not supplied; no indexing inference
https://www.bnbaccelerator.com/blog/fire-pit-insurance-short-term-rental/,Insurance and Liability Review for Fire Pit | STR Owner Guide,https://www.bnbaccelerator.com/blog/fire-pit-insurance-short-term-rental/,True,,2,0,0,2,0,True,True,False,False,,Unreviewed; count alone does not establish content quality,,,,Page-level GSC metrics were not supplied; no indexing inference
https://www.bnbaccelerator.com/blog/fire-pit-maintenance-short-term-rental/,Preventive Maintenance Plan for Fire Pit | STR Owner Guide,https://www.bnbaccelerator.com/blog/fire-pit-maintenance-short-term-rental/,True,,2,0,0,2,0,True,True,False,False,,Unreviewed; count alone does not establish content quality,,,,Page-level GSC metrics were not supplied; no indexing inference
https://www.bnbaccelerator.com/blog/fire-pit-operations-short-term-rental/,Airbnb Operating SOP for Fire Pit | STR Owner Guide,https://www.bnbaccelerator.com/blog/fire-pit-operations-short-term-rental/,True,,2,0,0,2,0,True,True,False,False,,Unreviewed; count alone does not establish content quality,,,,Page-level GSC metrics were not supplied; no indexing inference
https://www.bnbaccelerator.com/blog/fire-pit-repair-replace-short-term-rental/,When to Repair or Replace an Airbnb Fire Pit | STR Owner Guide,https://www.bnbaccelerator.com/blog/fire-pit-repair-replace-short-term-rental/,True,,2,0,0,2,0,True,True,False,False,,Unreviewed; count alone does not establish content quality,,,,Page-level GSC metrics were not supplied; no indexing inference
https://www.bnbaccelerator.com/blog/fire-pit-roi-short-term-rental/,Does an Airbnb Fire Pit Increase Revenue? | STR Owner Guide,https://www.bnbaccelerator.com/blog/fire-pit-roi-short-term-rental/,True,,2,0,0,2,0,True,True,False,False,,Unreviewed; count alone does not establish content quality,,,,Page-level GSC metrics were not supplied; no indexing inference
https://www.bnbaccelerator.com/blog/firpta-foreign-seller-str-buyer/,FIRPTA for STR Buyers: Foreign-Seller Closing Guide,https://www.bnbaccelerator.com/blog/firpta-foreign-seller-str-buyer/,True,,2,0,0,2,0,True,True,False,False,,Unreviewed; count alone does not establish content quality,,,,Page-level GSC metrics were not supplied; no indexing inference
https://www.bnbaccelerator.com/blog/floodplain-substantial-improvement-str-renovation/,Floodplain 50% Rule for an STR Renovation | BNB,https://www.bnbaccelerator.com/blog/floodplain-substantial-improvement-str-renovation/,True,,2,0,0,2,0,True,True,False,False,,Unreviewed; count alone does not establish content quality,,,,Page-level GSC metrics were not supplied; no indexing inference
https://www.bnbaccelerator.com/blog/florida-preemption-explained/,Florida STR Preemption Explained (2026),https://www.bnbaccelerator.com/blog/florida-preemption-explained/,True,,3,0,1,2,0,True,True,False,False,,Unreviewed; count alone does not establish content quality,,,,Page-level GSC metrics were not supplied; no indexing inference
https://www.bnbaccelerator.com/blog/fort-walton-beach-airbnb-investing/,Fort Walton Beach Airbnb Investing Guide,https://www.bnbaccelerator.com/blog/fort-walton-beach-airbnb-investing/,True,,4,0,2,2,0,True,True,False,False,,Unreviewed; count alone does not establish content quality,,,,Page-level GSC metrics were not supplied; no indexing inference
https://www.bnbaccelerator.com/blog/fort-walton-beach-value-thesis/,Fort Walton Beach STR Market Analysis (2026),https://www.bnbaccelerator.com/blog/fort-walton-beach-value-thesis/,True,,13,0,11,2,0,True,True,False,False,,Unreviewed; count alone does not establish content quality,,,,Page-level GSC metrics were not supplied; no indexing inference
https://www.bnbaccelerator.com/blog/furnished-vs-unfurnished-rental/,Furnished vs Unfurnished Rental: Which Earns More?,https://www.bnbaccelerator.com/blog/furnished-vs-unfurnished-rental/,True,,3,0,1,2,0,True,True,False,False,,Unreviewed; count alone does not establish content quality,,,,Page-level GSC metrics were not supplied; no indexing inference
https://www.bnbaccelerator.com/blog/furnishing-budget-by-bedroom-count/,STR Furnishing Budget by Bedroom Count (2026),https://www.bnbaccelerator.com/blog/furnishing-budget-by-bedroom-count/,True,,6,0,4,2,0,True,True,False,False,,Unreviewed; count alone does not establish content quality,,,,Page-level GSC metrics were not supplied; no indexing inference
https://www.bnbaccelerator.com/blog/furnishing-costs-and-depreciation/,STR Furnishing Depreciation & Deductions (2026),https://www.bnbaccelerator.com/blog/furnishing-costs-and-depreciation/,True,,4,0,2,2,0,True,True,False,False,,Unreviewed; count alone does not establish content quality,,,,Page-level GSC metrics were not supplied; no indexing inference
https://www.bnbaccelerator.com/blog/furnishing-during-escrow/,How to Furnish an STR During Escrow (2026),https://www.bnbaccelerator.com/blog/furnishing-during-escrow/,True,,4,0,2,2,0,True,True,False,False,,Unreviewed; count alone does not establish content quality,,,,Page-level GSC metrics were not supplied; no indexing inference
https://www.bnbaccelerator.com/blog/furnishings-budget-short-term-rental/,How to Budget for Furnishings Package | STR Owner Guide,https://www.bnbaccelerator.com/blog/furnishings-budget-short-term-rental/,True,,2,0,0,2,0,True,True,False,False,,Unreviewed; count alone does not establish content quality,,,,Page-level GSC metrics were not supplied; no indexing inference
https://www.bnbaccelerator.com/blog/furnishings-buying-short-term-rental/,Buying a Property With Furnishings Package | STR Owner Guide,https://www.bnbaccelerator.com/blog/furnishings-buying-short-term-rental/,True,,2,0,0,2,0,True,True,False,False,,Unreviewed; count alone does not establish content quality,,,,Page-level GSC metrics were not supplied; no indexing inference
https://www.bnbaccelerator.com/blog/furnishings-design-short-term-rental/,Designing an Airbnb Around Furnishings Package | STR Owner Guide,https://www.bnbaccelerator.com/blog/furnishings-design-short-term-rental/,True,,2,0,0,2,0,True,True,False,False,,Unreviewed; count alone does not establish content quality,,,,Page-level GSC metrics were not supplied; no indexing inference
https://www.bnbaccelerator.com/blog/furnishings-inspection-short-term-rental/,STR Inspection Checklist for Furnishings Package | STR Owner Guide,https://www.bnbaccelerator.com/blog/furnishings-inspection-short-term-rental/,True,,2,0,0,2,0,True,True,False,False,,Unreviewed; count alone does not establish content quality,,,,Page-level GSC metrics were not supplied; no indexing inference
https://www.bnbaccelerator.com/blog/furnishings-insurance-short-term-rental/,Insurance and Liability Review for Furnishings Package | STR Owner Guide,https://www.bnbaccelerator.com/blog/furnishings-insurance-short-term-rental/,True,,2,0,0,2,0,True,True,False,False,,Unreviewed; count alone does not establish content quality,,,,Page-level GSC metrics were not supplied; no indexing inference
https://www.bnbaccelerator.com/blog/furnishings-maintenance-short-term-rental/,Preventive Maintenance Plan for Furnishings Package | STR Owner Guide,https://www.bnbaccelerator.com/blog/furnishings-maintenance-short-term-rental/,True,,2,0,0,2,0,True,True,False,False,,Unreviewed; count alone does not establish content quality,,,,Page-level GSC metrics were not supplied; no indexing inference
https://www.bnbaccelerator.com/blog/furnishings-operations-short-term-rental/,Airbnb Operating SOP for Furnishings Package | STR Owner Guide,https://www.bnbaccelerator.com/blog/furnishings-operations-short-term-rental/,True,,2,0,0,2,0,True,True,False,False,,Unreviewed; count alone does not establish content quality,,,,Page-level GSC metrics were not supplied; no indexing inference
https://www.bnbaccelerator.com/blog/furnishings-repair-replace-short-term-rental/,When to Repair or Replace an Airbnb Furnishings Package | STR Owner Guide,https://www.bnbaccelerator.com/blog/furnishings-repair-replace-short-term-rental/,True,,2,0,0,2,0,True,True,False,False,,Unreviewed; count alone does not establish content quality,,,,Page-level GSC metrics were not supplied; no indexing inference
https://www.bnbaccelerator.com/blog/furnishings-roi-short-term-rental/,Does an Airbnb Furnishings Package Increase Revenue? | STR Owner Guide,https://www.bnbaccelerator.com/blog/furnishings-roi-short-term-rental/,True,,2,0,0,2,0,True,True,False,False,,Unreviewed; count alone does not establish content quality,,,,Page-level GSC metrics were not supplied; no indexing inference
https://www.bnbaccelerator.com/blog/furniture-replacement-cycle-str/,How Do You Build an STR Furniture Replacement Schedule | BNB Accelerator,https://www.bnbaccelerator.com/blog/furniture-replacement-cycle-str/,True,,2,0,0,2,0,True,True,False,False,,Unreviewed; count alone does not establish content quality,,,,Page-level GSC metrics were not supplied; no indexing inference
https://www.bnbaccelerator.com/blog/future-booking-calendar-value/,How Much Is a Future STR Booking Calendar Worth | BNB Accelerator,https://www.bnbaccelerator.com/blog/future-booking-calendar-value/,True,,2,0,0,2,0,True,True,False,False,,Unreviewed; count alone does not establish content quality,,,,Page-level GSC metrics were not supplied; no indexing inference
https://www.bnbaccelerator.com/blog/game-room-budget-short-term-rental/,How to Budget for Game Room | STR Owner Guide,https://www.bnbaccelerator.com/blog/game-room-budget-short-term-rental/,True,,2,0,0,2,0,True,True,False,False,,Unreviewed; count alone does not establish content quality,,,,Page-level GSC metrics were not supplied; no indexing inference
https://www.bnbaccelerator.com/blog/game-room-buying-short-term-rental/,Buying a Property With Game Room | STR Owner Guide,https://www.bnbaccelerator.com/blog/game-room-buying-short-term-rental/,True,,2,0,0,2,0,True,True,False,False,,Unreviewed; count alone does not establish content quality,,,,Page-level GSC metrics were not supplied; no indexing inference
https://www.bnbaccelerator.com/blog/game-room-design-short-term-rental/,Designing an Airbnb Around Game Room | STR Owner Guide,https://www.bnbaccelerator.com/blog/game-room-design-short-term-rental/,True,,2,0,0,2,0,True,True,False,False,,Unreviewed; count alone does not establish content quality,,,,Page-level GSC metrics were not supplied; no indexing inference
https://www.bnbaccelerator.com/blog/game-room-inspection-short-term-rental/,STR Inspection Checklist for Game Room | STR Owner Guide,https://www.bnbaccelerator.com/blog/game-room-inspection-short-term-rental/,True,,2,0,0,2,0,True,True,False,False,,Unreviewed; count alone does not establish content quality,,,,Page-level GSC metrics were not supplied; no indexing inference
https://www.bnbaccelerator.com/blog/game-room-insurance-short-term-rental/,Insurance and Liability Review for Game Room | STR Owner Guide,https://www.bnbaccelerator.com/blog/game-room-insurance-short-term-rental/,True,,2,0,0,2,0,True,True,False,False,,Unreviewed; count alone does not establish content quality,,,,Page-level GSC metrics were not supplied; no indexing inference
https://www.bnbaccelerator.com/blog/game-room-maintenance-short-term-rental/,Preventive Maintenance Plan for Game Room | STR Owner Guide,https://www.bnbaccelerator.com/blog/game-room-maintenance-short-term-rental/,True,,2,0,0,2,0,True,True,False,False,,Unreviewed; count alone does not establish content quality,,,,Page-level GSC metrics were not supplied; no indexing inference
https://www.bnbaccelerator.com/blog/game-room-operations-short-term-rental/,Airbnb Operating SOP for Game Room | STR Owner Guide,https://www.bnbaccelerator.com/blog/game-room-operations-short-term-rental/,True,,2,0,0,2,0,True,True,False,False,,Unreviewed; count alone does not establish content quality,,,,Page-level GSC metrics were not supplied; no indexing inference
https://www.bnbaccelerator.com/blog/game-room-repair-replace-short-term-rental/,When to Repair or Replace an Airbnb Game Room | STR Owner Guide,https://www.bnbaccelerator.com/blog/game-room-repair-replace-short-term-rental/,True,,2,0,0,2,0,True,True,False,False,,Unreviewed; count alone does not establish content quality,,,,Page-level GSC metrics were not supplied; no indexing inference
https://www.bnbaccelerator.com/blog/game-room-roi-short-term-rental/,Does an Airbnb Game Room Increase Revenue? | STR Owner Guide,https://www.bnbaccelerator.com/blog/game-room-roi-short-term-rental/,True,,2,0,0,2,0,True,True,False,False,,Unreviewed; count alone does not establish content quality,,,,Page-level GSC metrics were not supplied; no indexing inference
https://www.bnbaccelerator.com/blog/gap-night-rule-str/,How Do Gap-Night Rules Prevent Calendar Fragmentation | BNB Accelerator,https://www.bnbaccelerator.com/blog/gap-night-rule-str/,True,,2,0,0,2,0,True,True,False,False,,Unreviewed; count alone does not establish content quality,,,,Page-level GSC metrics were not supplied; no indexing inference
https://www.bnbaccelerator.com/blog/generator-budget-short-term-rental/,How to Budget for Backup Generator | STR Owner Guide,https://www.bnbaccelerator.com/blog/generator-budget-short-term-rental/,True,,2,0,0,2,0,True,True,False,False,,Unreviewed; count alone does not establish content quality,,,,Page-level GSC metrics were not supplied; no indexing inference
https://www.bnbaccelerator.com/blog/generator-buying-short-term-rental/,Buying a Property With Backup Generator | STR Owner Guide,https://www.bnbaccelerator.com/blog/generator-buying-short-term-rental/,True,,2,0,0,2,0,True,True,False,False,,Unreviewed; count alone does not establish content quality,,,,Page-level GSC metrics were not supplied; no indexing inference
https://www.bnbaccelerator.com/blog/generator-design-short-term-rental/,Designing an Airbnb Around Backup Generator | STR Owner Guide,https://www.bnbaccelerator.com/blog/generator-design-short-term-rental/,True,,2,0,0,2,0,True,True,False,False,,Unreviewed; count alone does not establish content quality,,,,Page-level GSC metrics were not supplied; no indexing inference
https://www.bnbaccelerator.com/blog/generator-inspection-short-term-rental/,STR Inspection Checklist for Backup Generator | STR Owner Guide,https://www.bnbaccelerator.com/blog/generator-inspection-short-term-rental/,True,,2,0,0,2,0,True,True,False,False,,Unreviewed; count alone does not establish content quality,,,,Page-level GSC metrics were not supplied; no indexing inference
https://www.bnbaccelerator.com/blog/generator-insurance-short-term-rental/,Insurance and Liability Review for Backup Generator | STR Owner Guide,https://www.bnbaccelerator.com/blog/generator-insurance-short-term-rental/,True,,2,0,0,2,0,True,True,False,False,,Unreviewed; count alone does not establish content quality,,,,Page-level GSC metrics were not supplied; no indexing inference
https://www.bnbaccelerator.com/blog/generator-maintenance-short-term-rental/,Preventive Maintenance Plan for Backup Generator | STR Owner Guide,https://www.bnbaccelerator.com/blog/generator-maintenance-short-term-rental/,True,,2,0,0,2,0,True,True,False,False,,Unreviewed; count alone does not establish content quality,,,,Page-level GSC metrics were not supplied; no indexing inference
https://www.bnbaccelerator.com/blog/generator-operations-short-term-rental/,Airbnb Operating SOP for Backup Generator | STR Owner Guide,https://www.bnbaccelerator.com/blog/generator-operations-short-term-rental/,True,,2,0,0,2,0,True,True,False,False,,Unreviewed; count alone does not establish content quality,,,,Page-level GSC metrics were not supplied; no indexing inference
https://www.bnbaccelerator.com/blog/generator-repair-replace-short-term-rental/,When to Repair or Replace an Airbnb Backup Generator | STR Owner Guide,https://www.bnbaccelerator.com/blog/generator-repair-replace-short-term-rental/,True,,2,0,0,2,0,True,True,False,False,,Unreviewed; count alone does not establish content quality,,,,Page-level GSC metrics were not supplied; no indexing inference
https://www.bnbaccelerator.com/blog/generator-roi-short-term-rental/,Does an Airbnb Backup Generator Increase Revenue? | STR Owner Guide,https://www.bnbaccelerator.com/blog/generator-roi-short-term-rental/,True,,2,0,0,2,0,True,True,False,False,,Unreviewed; count alone does not establish content quality,,,,Page-level GSC metrics were not supplied; no indexing inference
https://www.bnbaccelerator.com/blog/gift-funds-str-down-payment/,Can Gift Funds Be Used for an STR Down Payment | BNB Accelerator,https://www.bnbaccelerator.com/blog/gift-funds-str-down-payment/,True,,2,0,0,2,0,True,True,False,False,,Unreviewed; count alone does not establish content quality,,,,Page-level GSC metrics were not supplied; no indexing inference
https://www.bnbaccelerator.com/blog/gilbert-chandler-airbnb-investing/,Gilbert and Chandler Airbnb Investing Guide,https://www.bnbaccelerator.com/blog/gilbert-chandler-airbnb-investing/,True,,5,0,3,2,0,True,True,False,False,,Unreviewed; count alone does not establish content quality,,,,Page-level GSC metrics were not supplied; no indexing inference
https://www.bnbaccelerator.com/blog/grill-budget-short-term-rental/,How to Budget for Guest Grill | STR Owner Guide,https://www.bnbaccelerator.com/blog/grill-budget-short-term-rental/,True,,2,0,0,2,0,True,True,False,False,,Unreviewed; count alone does not establish content quality,,,,Page-level GSC metrics were not supplied; no indexing inference
https://www.bnbaccelerator.com/blog/grill-buying-short-term-rental/,Buying a Property With Guest Grill | STR Owner Guide,https://www.bnbaccelerator.com/blog/grill-buying-short-term-rental/,True,,2,0,0,2,0,True,True,False,False,,Unreviewed; count alone does not establish content quality,,,,Page-level GSC metrics were not supplied; no indexing inference
https://www.bnbaccelerator.com/blog/grill-design-short-term-rental/,Designing an Airbnb Around Guest Grill | STR Owner Guide,https://www.bnbaccelerator.com/blog/grill-design-short-term-rental/,True,,2,0,0,2,0,True,True,False,False,,Unreviewed; count alone does not establish content quality,,,,Page-level GSC metrics were not supplied; no indexing inference
https://www.bnbaccelerator.com/blog/grill-inspection-short-term-rental/,STR Inspection Checklist for Guest Grill | STR Owner Guide,https://www.bnbaccelerator.com/blog/grill-inspection-short-term-rental/,True,,2,0,0,2,0,True,True,False,False,,Unreviewed; count alone does not establish content quality,,,,Page-level GSC metrics were not supplied; no indexing inference
https://www.bnbaccelerator.com/blog/grill-insurance-short-term-rental/,Insurance and Liability Review for Guest Grill | STR Owner Guide,https://www.bnbaccelerator.com/blog/grill-insurance-short-term-rental/,True,,2,0,0,2,0,True,True,False,False,,Unreviewed; count alone does not establish content quality,,,,Page-level GSC metrics were not supplied; no indexing inference
https://www.bnbaccelerator.com/blog/grill-maintenance-short-term-rental/,Preventive Maintenance Plan for Guest Grill | STR Owner Guide,https://www.bnbaccelerator.com/blog/grill-maintenance-short-term-rental/,True,,2,0,0,2,0,True,True,False,False,,Unreviewed; count alone does not establish content quality,,,,Page-level GSC metrics were not supplied; no indexing inference
https://www.bnbaccelerator.com/blog/grill-operations-short-term-rental/,Airbnb Operating SOP for Guest Grill | STR Owner Guide,https://www.bnbaccelerator.com/blog/grill-operations-short-term-rental/,True,,2,0,0,2,0,True,True,False,False,,Unreviewed; count alone does not establish content quality,,,,Page-level GSC metrics were not supplied; no indexing inference
https://www.bnbaccelerator.com/blog/grill-repair-replace-short-term-rental/,When to Repair or Replace an Airbnb Guest Grill | STR Owner Guide,https://www.bnbaccelerator.com/blog/grill-repair-replace-short-term-rental/,True,,2,0,0,2,0,True,True,False,False,,Unreviewed; count alone does not establish content quality,,,,Page-level GSC metrics were not supplied; no indexing inference
https://www.bnbaccelerator.com/blog/grill-roi-short-term-rental/,Does an Airbnb Guest Grill Increase Revenue? | STR Owner Guide,https://www.bnbaccelerator.com/blog/grill-roi-short-term-rental/,True,,2,0,0,2,0,True,True,False,False,,Unreviewed; count alone does not establish content quality,,,,Page-level GSC metrics were not supplied; no indexing inference
https://www.bnbaccelerator.com/blog/ground-lease-before-buying-short-term-rental/,Ground Lease Before Buying an STR | BNB Accelerator,https://www.bnbaccelerator.com/blog/ground-lease-before-buying-short-term-rental/,True,,2,0,0,2,0,True,True,False,False,,Unreviewed; count alone does not establish content quality,,,,Page-level GSC metrics were not supplied; no indexing inference
https://www.bnbaccelerator.com/blog/guest-communication-templates/,Airbnb Guest Communication Templates (2026),https://www.bnbaccelerator.com/blog/guest-communication-templates/,True,,7,0,5,2,0,True,True,False,False,,Unreviewed; count alone does not establish content quality,,,,Page-level GSC metrics were not supplied; no indexing inference
https://www.bnbaccelerator.com/blog/guest-screening-without-losing-bookings/,Airbnb Guest Screening That Works (2026),https://www.bnbaccelerator.com/blog/guest-screening-without-losing-bookings/,True,,3,0,1,2,0,True,True,False,False,,Unreviewed; count alone does not establish content quality,,,,Page-level GSC metrics were not supplied; no indexing inference
https://www.bnbaccelerator.com/blog/gulf-shores-orange-beach-str-market/,Gulf Shores & Orange Beach STR Market (2026),https://www.bnbaccelerator.com/blog/gulf-shores-orange-beach-str-market/,True,,6,0,4,2,0,True,True,False,False,,Unreviewed; count alone does not establish content quality,,,,Page-level GSC metrics were not supplied; no indexing inference
https://www.bnbaccelerator.com/blog/handling-a-damage-claim/,Airbnb Damage Claim Process (2026),https://www.bnbaccelerator.com/blog/handling-a-damage-claim/,True,,4,0,2,2,0,True,True,False,False,,Unreviewed; count alone does not establish content quality,,,,Page-level GSC metrics were not supplied; no indexing inference
https://www.bnbaccelerator.com/blog/handling-a-problem-mid-stay/,Handling STR Guest Problems Mid-Stay (2026),https://www.bnbaccelerator.com/blog/handling-a-problem-mid-stay/,True,,3,0,1,2,0,True,True,False,False,,Unreviewed; count alone does not establish content quality,,,,Page-level GSC metrics were not supplied; no indexing inference
https://www.bnbaccelerator.com/blog/heloc-vs-cash-out-refi-for-str/,HELOC vs Cash-Out Refi for STR Down Payment (2026),https://www.bnbaccelerator.com/blog/heloc-vs-cash-out-refi-for-str/,True,,4,0,2,2,0,True,True,False,False,,Unreviewed; count alone does not establish content quality,,,,Page-level GSC metrics were not supplied; no indexing inference
https://www.bnbaccelerator.com/blog/historic-district-renovation-before-buying-str/,Historic-District Renovation Before Buying an STR | BNB Accelerator,https://www.bnbaccelerator.com/blog/historic-district-renovation-before-buying-str/,True,,2,0,0,2,0,True,True,False,False,,Unreviewed; count alone does not establish content quality,,,,Page-level GSC metrics were not supplied; no indexing inference
https://www.bnbaccelerator.com/blog/hoa-rental-cap-before-buying-str/,HOA Rental Cap Before Buying an STR | BNB Accelerator,https://www.bnbaccelerator.com/blog/hoa-rental-cap-before-buying-str/,True,,2,0,0,2,0,True,True,False,False,,Unreviewed; count alone does not establish content quality,,,,Page-level GSC metrics were not supplied; no indexing inference
https://www.bnbaccelerator.com/blog/hochatown-oklahoma-str-market/,Hochatown OK STR Market Analysis (2026),https://www.bnbaccelerator.com/blog/hochatown-oklahoma-str-market/,True,,8,0,6,2,0,True,True,False,False,,Unreviewed; count alone does not establish content quality,,,,Page-level GSC metrics were not supplied; no indexing inference
https://www.bnbaccelerator.com/blog/hocking-hills-ohio-str-market/,Hocking Hills Ohio STR Market Analysis (2026),https://www.bnbaccelerator.com/blog/hocking-hills-ohio-str-market/,True,,3,0,1,2,0,True,True,False,False,,Unreviewed; count alone does not establish content quality,,,,Page-level GSC metrics were not supplied; no indexing inference
https://www.bnbaccelerator.com/blog/home-theater-budget-short-term-rental/,How to Budget for Home Theater | STR Owner Guide,https://www.bnbaccelerator.com/blog/home-theater-budget-short-term-rental/,True,,2,0,0,2,0,True,True,False,False,,Unreviewed; count alone does not establish content quality,,,,Page-level GSC metrics were not supplied; no indexing inference
https://www.bnbaccelerator.com/blog/home-theater-buying-short-term-rental/,Buying a Property With Home Theater | STR Owner Guide,https://www.bnbaccelerator.com/blog/home-theater-buying-short-term-rental/,True,,2,0,0,2,0,True,True,False,False,,Unreviewed; count alone does not establish content quality,,,,Page-level GSC metrics were not supplied; no indexing inference
https://www.bnbaccelerator.com/blog/home-theater-design-short-term-rental/,Designing an Airbnb Around Home Theater | STR Owner Guide,https://www.bnbaccelerator.com/blog/home-theater-design-short-term-rental/,True,,2,0,0,2,0,True,True,False,False,,Unreviewed; count alone does not establish content quality,,,,Page-level GSC metrics were not supplied; no indexing inference
https://www.bnbaccelerator.com/blog/home-theater-inspection-short-term-rental/,STR Inspection Checklist for Home Theater | STR Owner Guide,https://www.bnbaccelerator.com/blog/home-theater-inspection-short-term-rental/,True,,2,0,0,2,0,True,True,False,False,,Unreviewed; count alone does not establish content quality,,,,Page-level GSC metrics were not supplied; no indexing inference
https://www.bnbaccelerator.com/blog/home-theater-insurance-short-term-rental/,Insurance and Liability Review for Home Theater | STR Owner Guide,https://www.bnbaccelerator.com/blog/home-theater-insurance-short-term-rental/,True,,2,0,0,2,0,True,True,False,False,,Unreviewed; count alone does not establish content quality,,,,Page-level GSC metrics were not supplied; no indexing inference
https://www.bnbaccelerator.com/blog/home-theater-maintenance-short-term-rental/,Preventive Maintenance Plan for Home Theater | STR Owner Guide,https://www.bnbaccelerator.com/blog/home-theater-maintenance-short-term-rental/,True,,2,0,0,2,0,True,True,False,False,,Unreviewed; count alone does not establish content quality,,,,Page-level GSC metrics were not supplied; no indexing inference
https://www.bnbaccelerator.com/blog/home-theater-operations-short-term-rental/,Airbnb Operating SOP for Home Theater | STR Owner Guide,https://www.bnbaccelerator.com/blog/home-theater-operations-short-term-rental/,True,,2,0,0,2,0,True,True,False,False,,Unreviewed; count alone does not establish content quality,,,,Page-level GSC metrics were not supplied; no indexing inference
https://www.bnbaccelerator.com/blog/home-theater-repair-replace-short-term-rental/,When to Repair or Replace an Airbnb Home Theater | STR Owner Guide,https://www.bnbaccelerator.com/blog/home-theater-repair-replace-short-term-rental/,True,,2,0,0,2,0,True,True,False,False,,Unreviewed; count alone does not establish content quality,,,,Page-level GSC metrics were not supplied; no indexing inference
https://www.bnbaccelerator.com/blog/home-theater-roi-short-term-rental/,Does an Airbnb Home Theater Increase Revenue? | STR Owner Guide,https://www.bnbaccelerator.com/blog/home-theater-roi-short-term-rental/,True,,2,0,0,2,0,True,True,False,False,,Unreviewed; count alone does not establish content quality,,,,Page-level GSC metrics were not supplied; no indexing inference
https://www.bnbaccelerator.com/blog/hot-tub-budget-short-term-rental/,How to Budget for Hot Tub | STR Owner Guide,https://www.bnbaccelerator.com/blog/hot-tub-budget-short-term-rental/,True,,2,0,0,2,0,True,True,False,False,,Unreviewed; count alone does not establish content quality,,,,Page-level GSC metrics were not supplied; no indexing inference
https://www.bnbaccelerator.com/blog/hot-tub-buying-short-term-rental/,Buying a Property With Hot Tub | STR Owner Guide,https://www.bnbaccelerator.com/blog/hot-tub-buying-short-term-rental/,True,,2,0,0,2,0,True,True,False,False,,Unreviewed; count alone does not establish content quality,,,,Page-level GSC metrics were not supplied; no indexing inference
https://www.bnbaccelerator.com/blog/hot-tub-design-short-term-rental/,Designing an Airbnb Around Hot Tub | STR Owner Guide,https://www.bnbaccelerator.com/blog/hot-tub-design-short-term-rental/,True,,2,0,0,2,0,True,True,False,False,,Unreviewed; count alone does not establish content quality,,,,Page-level GSC metrics were not supplied; no indexing inference
https://www.bnbaccelerator.com/blog/hot-tub-inspection-short-term-rental/,STR Inspection Checklist for Hot Tub | STR Owner Guide,https://www.bnbaccelerator.com/blog/hot-tub-inspection-short-term-rental/,True,,2,0,0,2,0,True,True,False,False,,Unreviewed; count alone does not establish content quality,,,,Page-level GSC metrics were not supplied; no indexing inference
https://www.bnbaccelerator.com/blog/hot-tub-insurance-short-term-rental/,Insurance and Liability Review for Hot Tub | STR Owner Guide,https://www.bnbaccelerator.com/blog/hot-tub-insurance-short-term-rental/,True,,2,0,0,2,0,True,True,False,False,,Unreviewed; count alone does not establish content quality,,,,Page-level GSC metrics were not supplied; no indexing inference
https://www.bnbaccelerator.com/blog/hot-tub-maintenance-short-term-rental/,Preventive Maintenance Plan for Hot Tub | STR Owner Guide,https://www.bnbaccelerator.com/blog/hot-tub-maintenance-short-term-rental/,True,,2,0,0,2,0,True,True,False,False,,Unreviewed; count alone does not establish content quality,,,,Page-level GSC metrics were not supplied; no indexing inference
https://www.bnbaccelerator.com/blog/hot-tub-operations-short-term-rental/,Airbnb Operating SOP for Hot Tub | STR Owner Guide,https://www.bnbaccelerator.com/blog/hot-tub-operations-short-term-rental/,True,,2,0,0,2,0,True,True,False,False,,Unreviewed; count alone does not establish content quality,,,,Page-level GSC metrics were not supplied; no indexing inference
https://www.bnbaccelerator.com/blog/hot-tub-repair-replace-short-term-rental/,When to Repair or Replace an Airbnb Hot Tub | STR Owner Guide,https://www.bnbaccelerator.com/blog/hot-tub-repair-replace-short-term-rental/,True,,2,0,0,2,0,True,True,False,False,,Unreviewed; count alone does not establish content quality,,,,Page-level GSC metrics were not supplied; no indexing inference
https://www.bnbaccelerator.com/blog/hot-tub-replacement-reserve/,How Much Should an STR Reserve for Hot-Tub Replacement | BNB Accelerator,https://www.bnbaccelerator.com/blog/hot-tub-replacement-reserve/,True,,2,0,0,2,0,True,True,False,False,,Unreviewed; count alone does not establish content quality,,,,Page-level GSC metrics were not supplied; no indexing inference
https://www.bnbaccelerator.com/blog/hot-tub-roi-short-term-rental/,Does an Airbnb Hot Tub Increase Revenue? | STR Owner Guide,https://www.bnbaccelerator.com/blog/hot-tub-roi-short-term-rental/,True,,2,0,0,2,0,True,True,False,False,,Unreviewed; count alone does not establish content quality,,,,Page-level GSC metrics were not supplied; no indexing inference
https://www.bnbaccelerator.com/blog/how-a-done-for-you-model-should-work/,How Done-For-You STR Acquisition Works (2026),https://www.bnbaccelerator.com/blog/how-a-done-for-you-model-should-work/,True,,3,0,1,2,0,True,True,False,False,,Unreviewed; count alone does not establish content quality,,,,Page-level GSC metrics were not supplied; no indexing inference
https://www.bnbaccelerator.com/blog/how-much-time-does-this-take/,How Much Time Does an Airbnb Take? (2026),https://www.bnbaccelerator.com/blog/how-much-time-does-this-take/,True,,3,0,1,2,0,True,True,False,False,,Unreviewed; count alone does not establish content quality,,,,Page-level GSC metrics were not supplied; no indexing inference
https://www.bnbaccelerator.com/blog/how-we-eliminate-98-percent-of-deals/,How BNB Accelerator Screens STR Deals (2026),https://www.bnbaccelerator.com/blog/how-we-eliminate-98-percent-of-deals/,True,,7,0,5,2,0,True,True,False,False,,Unreviewed; count alone does not establish content quality,,,,Page-level GSC metrics were not supplied; no indexing inference
https://www.bnbaccelerator.com/blog/hvac-budget-short-term-rental/,How to Budget for Hvac System | STR Owner Guide,https://www.bnbaccelerator.com/blog/hvac-budget-short-term-rental/,True,,2,0,0,2,0,True,True,False,False,,Unreviewed; count alone does not establish content quality,,,,Page-level GSC metrics were not supplied; no indexing inference
https://www.bnbaccelerator.com/blog/hvac-buying-short-term-rental/,Buying a Property With Hvac System | STR Owner Guide,https://www.bnbaccelerator.com/blog/hvac-buying-short-term-rental/,True,,2,0,0,2,0,True,True,False,False,,Unreviewed; count alone does not establish content quality,,,,Page-level GSC metrics were not supplied; no indexing inference
https://www.bnbaccelerator.com/blog/hvac-design-short-term-rental/,Designing an Airbnb Around Hvac System | STR Owner Guide,https://www.bnbaccelerator.com/blog/hvac-design-short-term-rental/,True,,2,0,0,2,0,True,True,False,False,,Unreviewed; count alone does not establish content quality,,,,Page-level GSC metrics were not supplied; no indexing inference
https://www.bnbaccelerator.com/blog/hvac-inspection-short-term-rental/,STR Inspection Checklist for Hvac System | STR Owner Guide,https://www.bnbaccelerator.com/blog/hvac-inspection-short-term-rental/,True,,2,0,0,2,0,True,True,False,False,,Unreviewed; count alone does not establish content quality,,,,Page-level GSC metrics were not supplied; no indexing inference
https://www.bnbaccelerator.com/blog/hvac-insurance-short-term-rental/,Insurance and Liability Review for Hvac System | STR Owner Guide,https://www.bnbaccelerator.com/blog/hvac-insurance-short-term-rental/,True,,2,0,0,2,0,True,True,False,False,,Unreviewed; count alone does not establish content quality,,,,Page-level GSC metrics were not supplied; no indexing inference
https://www.bnbaccelerator.com/blog/hvac-maintenance-short-term-rental/,Preventive Maintenance Plan for Hvac System | STR Owner Guide,https://www.bnbaccelerator.com/blog/hvac-maintenance-short-term-rental/,True,,2,0,0,2,0,True,True,False,False,,Unreviewed; count alone does not establish content quality,,,,Page-level GSC metrics were not supplied; no indexing inference
https://www.bnbaccelerator.com/blog/hvac-operations-short-term-rental/,Airbnb Operating SOP for Hvac System | STR Owner Guide,https://www.bnbaccelerator.com/blog/hvac-operations-short-term-rental/,True,,2,0,0,2,0,True,True,False,False,,Unreviewed; count alone does not establish content quality,,,,Page-level GSC metrics were not supplied; no indexing inference
https://www.bnbaccelerator.com/blog/hvac-repair-replace-short-term-rental/,When to Repair or Replace an Airbnb Hvac System | STR Owner Guide,https://www.bnbaccelerator.com/blog/hvac-repair-replace-short-term-rental/,True,,2,0,0,2,0,True,True,False,False,,Unreviewed; count alone does not establish content quality,,,,Page-level GSC metrics were not supplied; no indexing inference
https://www.bnbaccelerator.com/blog/hvac-roi-short-term-rental/,Does an Airbnb Hvac System Increase Revenue? | STR Owner Guide,https://www.bnbaccelerator.com/blog/hvac-roi-short-term-rental/,True,,2,0,0,2,0,True,True,False,False,,Unreviewed; count alone does not establish content quality,,,,Page-level GSC metrics were not supplied; no indexing inference
https://www.bnbaccelerator.com/blog/ice-dam-risk-before-buying-str/,How to Check Ice-Dam Risk Before Buying an STR | BNB Accelerator,https://www.bnbaccelerator.com/blog/ice-dam-risk-before-buying-str/,True,,2,0,0,2,0,True,True,False,False,,Unreviewed; count alone does not establish content quality,,,,Page-level GSC metrics were not supplied; no indexing inference
https://www.bnbaccelerator.com/blog/interest-only-vs-amortizing-str-purchase/,Interest-Only Loan for an STR Purchase | BNB Accelerator,https://www.bnbaccelerator.com/blog/interest-only-vs-amortizing-str-purchase/,True,,2,0,0,2,0,True,True,False,False,,Unreviewed; count alone does not establish content quality,,,,Page-level GSC metrics were not supplied; no indexing inference
https://www.bnbaccelerator.com/blog/internet-budget-short-term-rental/,How to Budget for Internet Service | STR Owner Guide,https://www.bnbaccelerator.com/blog/internet-budget-short-term-rental/,True,,2,0,0,2,0,True,True,False,False,,Unreviewed; count alone does not establish content quality,,,,Page-level GSC metrics were not supplied; no indexing inference
https://www.bnbaccelerator.com/blog/internet-design-short-term-rental/,Designing an Airbnb Around Internet Service | STR Owner Guide,https://www.bnbaccelerator.com/blog/internet-design-short-term-rental/,True,,2,0,0,2,0,True,True,False,False,,Unreviewed; count alone does not establish content quality,,,,Page-level GSC metrics were not supplied; no indexing inference
https://www.bnbaccelerator.com/blog/internet-inspection-short-term-rental/,STR Inspection Checklist for Internet Service | STR Owner Guide,https://www.bnbaccelerator.com/blog/internet-inspection-short-term-rental/,True,,2,0,0,2,0,True,True,False,False,,Unreviewed; count alone does not establish content quality,,,,Page-level GSC metrics were not supplied; no indexing inference
https://www.bnbaccelerator.com/blog/internet-insurance-short-term-rental/,Insurance and Liability Review for Internet Service | STR Owner Guide,https://www.bnbaccelerator.com/blog/internet-insurance-short-term-rental/,True,,2,0,0,2,0,True,True,False,False,,Unreviewed; count alone does not establish content quality,,,,Page-level GSC metrics were not supplied; no indexing inference
https://www.bnbaccelerator.com/blog/internet-maintenance-short-term-rental/,Preventive Maintenance Plan for Internet Service | STR Owner Guide,https://www.bnbaccelerator.com/blog/internet-maintenance-short-term-rental/,True,,2,0,0,2,0,True,True,False,False,,Unreviewed; count alone does not establish content quality,,,,Page-level GSC metrics were not supplied; no indexing inference
https://www.bnbaccelerator.com/blog/internet-operations-short-term-rental/,Airbnb Operating SOP for Internet Service | STR Owner Guide,https://www.bnbaccelerator.com/blog/internet-operations-short-term-rental/,True,,2,0,0,2,0,True,True,False,False,,Unreviewed; count alone does not establish content quality,,,,Page-level GSC metrics were not supplied; no indexing inference
https://www.bnbaccelerator.com/blog/internet-repair-replace-short-term-rental/,When to Repair or Replace an Airbnb Internet Service | STR Owner Guide,https://www.bnbaccelerator.com/blog/internet-repair-replace-short-term-rental/,True,,2,0,0,2,0,True,True,False,False,,Unreviewed; count alone does not establish content quality,,,,Page-level GSC metrics were not supplied; no indexing inference
https://www.bnbaccelerator.com/blog/internet-roi-short-term-rental/,Does an Airbnb Internet Service Increase Revenue? | STR Owner Guide,https://www.bnbaccelerator.com/blog/internet-roi-short-term-rental/,True,,2,0,0,2,0,True,True,False,False,,Unreviewed; count alone does not establish content quality,,,,Page-level GSC metrics were not supplied; no indexing inference
https://www.bnbaccelerator.com/blog/jacksonville-airbnb-investing/,Jacksonville Airbnb Investing Guide,https://www.bnbaccelerator.com/blog/jacksonville-airbnb-investing/,True,,3,0,1,2,0,True,True,False,False,,Unreviewed; count alone does not establish content quality,,,,Page-level GSC metrics were not supplied; no indexing inference
https://www.bnbaccelerator.com/blog/jim-thorpe-airbnb-investing/,Jim Thorpe Airbnb Investing Guide: Historic Poconos,https://www.bnbaccelerator.com/blog/jim-thorpe-airbnb-investing/,True,,4,0,2,2,0,True,True,False,False,,Unreviewed; count alone does not establish content quality,,,,Page-level GSC metrics were not supplied; no indexing inference
https://www.bnbaccelerator.com/blog/johnson-city-texas-hill-country/,Texas Hill Country STR Market: Johnson City (2026),https://www.bnbaccelerator.com/blog/johnson-city-texas-hill-country/,True,,6,0,4,2,0,True,True,False,False,,Unreviewed; count alone does not establish content quality,,,,Page-level GSC metrics were not supplied; no indexing inference
https://www.bnbaccelerator.com/blog/joshua-tree-str-market/,Joshua Tree CA Short-Term Rental Market (2026),https://www.bnbaccelerator.com/blog/joshua-tree-str-market/,True,,5,0,3,2,0,True,True,False,False,,Unreviewed; count alone does not establish content quality,,,,Page-level GSC metrics were not supplied; no indexing inference
https://www.bnbaccelerator.com/blog/kissimmee-champions-gate-str-market/,Kissimmee & Champions Gate STR Market (2026),https://www.bnbaccelerator.com/blog/kissimmee-champions-gate-str-market/,True,,10,0,8,2,0,True,True,False,False,,Unreviewed; count alone does not establish content quality,,,,Page-level GSC metrics were not supplied; no indexing inference
https://www.bnbaccelerator.com/blog/lake-harmony-airbnb-investing/,Lake Harmony Airbnb Investing Guide: Poconos STR,https://www.bnbaccelerator.com/blog/lake-harmony-airbnb-investing/,True,,4,0,2,2,0,True,True,False,False,,Unreviewed; count alone does not establish content quality,,,,Page-level GSC metrics were not supplied; no indexing inference
https://www.bnbaccelerator.com/blog/lake-tahoe-str-market/,Lake Tahoe STR Market Analysis (2026),https://www.bnbaccelerator.com/blog/lake-tahoe-str-market/,True,,5,0,3,2,0,True,True,False,False,,Unreviewed; count alone does not establish content quality,,,,Page-level GSC metrics were not supplied; no indexing inference
https://www.bnbaccelerator.com/blog/landscaping-budget-short-term-rental/,How to Budget for Landscaping | STR Owner Guide,https://www.bnbaccelerator.com/blog/landscaping-budget-short-term-rental/,True,,2,0,0,2,0,True,True,False,False,,Unreviewed; count alone does not establish content quality,,,,Page-level GSC metrics were not supplied; no indexing inference
https://www.bnbaccelerator.com/blog/landscaping-buying-short-term-rental/,Buying a Property With Landscaping | STR Owner Guide,https://www.bnbaccelerator.com/blog/landscaping-buying-short-term-rental/,True,,2,0,0,2,0,True,True,False,False,,Unreviewed; count alone does not establish content quality,,,,Page-level GSC metrics were not supplied; no indexing inference
https://www.bnbaccelerator.com/blog/landscaping-design-short-term-rental/,Designing an Airbnb Around Landscaping | STR Owner Guide,https://www.bnbaccelerator.com/blog/landscaping-design-short-term-rental/,True,,2,0,0,2,0,True,True,False,False,,Unreviewed; count alone does not establish content quality,,,,Page-level GSC metrics were not supplied; no indexing inference
https://www.bnbaccelerator.com/blog/landscaping-inspection-short-term-rental/,STR Inspection Checklist for Landscaping | STR Owner Guide,https://www.bnbaccelerator.com/blog/landscaping-inspection-short-term-rental/,True,,3,0,1,2,0,True,True,False,False,,Unreviewed; count alone does not establish content quality,,,,Page-level GSC metrics were not supplied; no indexing inference
https://www.bnbaccelerator.com/blog/landscaping-insurance-short-term-rental/,Insurance and Liability Review for Landscaping | STR Owner Guide,https://www.bnbaccelerator.com/blog/landscaping-insurance-short-term-rental/,True,,2,0,0,2,0,True,True,False,False,,Unreviewed; count alone does not establish content quality,,,,Page-level GSC metrics were not supplied; no indexing inference
https://www.bnbaccelerator.com/blog/landscaping-maintenance-short-term-rental/,Preventive Maintenance Plan for Landscaping | STR Owner Guide,https://www.bnbaccelerator.com/blog/landscaping-maintenance-short-term-rental/,True,,2,0,0,2,0,True,True,False,False,,Unreviewed; count alone does not establish content quality,,,,Page-level GSC metrics were not supplied; no indexing inference
https://www.bnbaccelerator.com/blog/landscaping-operations-short-term-rental/,Airbnb Operating SOP for Landscaping | STR Owner Guide,https://www.bnbaccelerator.com/blog/landscaping-operations-short-term-rental/,True,,2,0,0,2,0,True,True,False,False,,Unreviewed; count alone does not establish content quality,,,,Page-level GSC metrics were not supplied; no indexing inference
https://www.bnbaccelerator.com/blog/landscaping-repair-replace-short-term-rental/,When to Repair or Replace an Airbnb Landscaping | STR Owner Guide,https://www.bnbaccelerator.com/blog/landscaping-repair-replace-short-term-rental/,True,,2,0,0,2,0,True,True,False,False,,Unreviewed; count alone does not establish content quality,,,,Page-level GSC metrics were not supplied; no indexing inference
https://www.bnbaccelerator.com/blog/landscaping-roi-short-term-rental/,Does an Airbnb Landscaping Increase Revenue? | STR Owner Guide,https://www.bnbaccelerator.com/blog/landscaping-roi-short-term-rental/,True,,2,0,0,2,0,True,True,False,False,,Unreviewed; count alone does not establish content quality,,,,Page-level GSC metrics were not supplied; no indexing inference
https://www.bnbaccelerator.com/blog/large-group-str-strategy/,Why Large Group Properties Outperform in STR,https://www.bnbaccelerator.com/blog/large-group-str-strategy/,True,,13,0,11,2,0,True,True,False,False,,Unreviewed; count alone does not establish content quality,,,,Page-level GSC metrics were not supplied; no indexing inference
https://www.bnbaccelerator.com/blog/last-minute-discount-str/,How Large Should an STR Last-Minute Discount Be | BNB Accelerator,https://www.bnbaccelerator.com/blog/last-minute-discount-str/,True,,2,0,0,2,0,True,True,False,False,,Unreviewed; count alone does not establish content quality,,,,Page-level GSC metrics were not supplied; no indexing inference
https://www.bnbaccelerator.com/blog/lead-service-line-before-buying-str/,Check a Lead Service Line Before Buying an STR | BNB Accelerator,https://www.bnbaccelerator.com/blog/lead-service-line-before-buying-str/,True,,2,0,0,2,0,True,True,False,False,,Unreviewed; count alone does not establish content quality,,,,Page-level GSC metrics were not supplied; no indexing inference
https://www.bnbaccelerator.com/blog/length-of-stay-discounts/,STR Weekly & Monthly Discount Strategy (2026),https://www.bnbaccelerator.com/blog/length-of-stay-discounts/,True,,4,0,2,2,0,True,True,False,False,,Unreviewed; count alone does not establish content quality,,,,Page-level GSC metrics were not supplied; no indexing inference
https://www.bnbaccelerator.com/blog/level-2-chimney-inspection-before-buying-str/,Level 2 Chimney Inspection Before Buying an STR,https://www.bnbaccelerator.com/blog/level-2-chimney-inspection-before-buying-str/,True,,2,0,0,2,0,True,True,False,False,,Unreviewed; count alone does not establish content quality,,,,Page-level GSC metrics were not supplied; no indexing inference
https://www.bnbaccelerator.com/blog/linen-par-level-cost/,How Many Linen Sets Does an STR Need in the Purchase Budget | BNB Accelerator,https://www.bnbaccelerator.com/blog/linen-par-level-cost/,True,,2,0,0,2,0,True,True,False,False,,Unreviewed; count alone does not establish content quality,,,,Page-level GSC metrics were not supplied; no indexing inference
https://www.bnbaccelerator.com/blog/linens-budget-short-term-rental/,How to Budget for Linen System | STR Owner Guide,https://www.bnbaccelerator.com/blog/linens-budget-short-term-rental/,True,,2,0,0,2,0,True,True,False,False,,Unreviewed; count alone does not establish content quality,,,,Page-level GSC metrics were not supplied; no indexing inference
https://www.bnbaccelerator.com/blog/linens-buying-short-term-rental/,Buying a Property With Linen System | STR Owner Guide,https://www.bnbaccelerator.com/blog/linens-buying-short-term-rental/,True,,2,0,0,2,0,True,True,False,False,,Unreviewed; count alone does not establish content quality,,,,Page-level GSC metrics were not supplied; no indexing inference
https://www.bnbaccelerator.com/blog/linens-design-short-term-rental/,Designing an Airbnb Around Linen System | STR Owner Guide,https://www.bnbaccelerator.com/blog/linens-design-short-term-rental/,True,,2,0,0,2,0,True,True,False,False,,Unreviewed; count alone does not establish content quality,,,,Page-level GSC metrics were not supplied; no indexing inference
https://www.bnbaccelerator.com/blog/linens-inspection-short-term-rental/,STR Inspection Checklist for Linen System | STR Owner Guide,https://www.bnbaccelerator.com/blog/linens-inspection-short-term-rental/,True,,2,0,0,2,0,True,True,False,False,,Unreviewed; count alone does not establish content quality,,,,Page-level GSC metrics were not supplied; no indexing inference
https://www.bnbaccelerator.com/blog/linens-insurance-short-term-rental/,Insurance and Liability Review for Linen System | STR Owner Guide,https://www.bnbaccelerator.com/blog/linens-insurance-short-term-rental/,True,,2,0,0,2,0,True,True,False,False,,Unreviewed; count alone does not establish content quality,,,,Page-level GSC metrics were not supplied; no indexing inference
https://www.bnbaccelerator.com/blog/linens-maintenance-short-term-rental/,Preventive Maintenance Plan for Linen System | STR Owner Guide,https://www.bnbaccelerator.com/blog/linens-maintenance-short-term-rental/,True,,2,0,0,2,0,True,True,False,False,,Unreviewed; count alone does not establish content quality,,,,Page-level GSC metrics were not supplied; no indexing inference
https://www.bnbaccelerator.com/blog/linens-operations-short-term-rental/,Airbnb Operating SOP for Linen System | STR Owner Guide,https://www.bnbaccelerator.com/blog/linens-operations-short-term-rental/,True,,2,0,0,2,0,True,True,False,False,,Unreviewed; count alone does not establish content quality,,,,Page-level GSC metrics were not supplied; no indexing inference
https://www.bnbaccelerator.com/blog/linens-repair-replace-short-term-rental/,When to Repair or Replace an Airbnb Linen System | STR Owner Guide,https://www.bnbaccelerator.com/blog/linens-repair-replace-short-term-rental/,True,,2,0,0,2,0,True,True,False,False,,Unreviewed; count alone does not establish content quality,,,,Page-level GSC metrics were not supplied; no indexing inference
https://www.bnbaccelerator.com/blog/linens-roi-short-term-rental/,Does an Airbnb Linen System Increase Revenue? | STR Owner Guide,https://www.bnbaccelerator.com/blog/linens-roi-short-term-rental/,True,,2,0,0,2,0,True,True,False,False,,Unreviewed; count alone does not establish content quality,,,,Page-level GSC metrics were not supplied; no indexing inference
https://www.bnbaccelerator.com/blog/listing-photos-shot-order/,Airbnb Listing Photo Order Strategy (2026),https://www.bnbaccelerator.com/blog/listing-photos-shot-order/,True,,7,0,5,2,0,True,True,False,False,,Unreviewed; count alone does not establish content quality,,,,Page-level GSC metrics were not supplied; no indexing inference
https://www.bnbaccelerator.com/blog/local-contact-before-buying-str/,Local Contact Before Buying an STR | BNB Accelerator,https://www.bnbaccelerator.com/blog/local-contact-before-buying-str/,True,,2,0,0,2,0,True,True,False,False,,Unreviewed; count alone does not establish content quality,,,,Page-level GSC metrics were not supplied; no indexing inference
https://www.bnbaccelerator.com/blog/lodging-tax-compliance-basics/,STR Lodging & Occupancy Tax Compliance (2026),https://www.bnbaccelerator.com/blog/lodging-tax-compliance-basics/,True,,5,0,3,2,0,True,True,False,False,,Unreviewed; count alone does not establish content quality,,,,Page-level GSC metrics were not supplied; no indexing inference
https://www.bnbaccelerator.com/blog/lodging-tax-registration-before-launch/,When Should Lodging-Tax Registration Happen for a New STR | BNB Accelerator,https://www.bnbaccelerator.com/blog/lodging-tax-registration-before-launch/,True,,2,0,0,2,0,True,True,False,False,,Unreviewed; count alone does not establish content quality,,,,Page-level GSC metrics were not supplied; no indexing inference
https://www.bnbaccelerator.com/blog/lost-rental-income-limit-str/,How Much Lost-Rental-Income Coverage Does an STR Need | BNB Accelerator,https://www.bnbaccelerator.com/blog/lost-rental-income-limit-str/,True,,2,0,0,2,0,True,True,False,False,,Unreviewed; count alone does not establish content quality,,,,Page-level GSC metrics were not supplied; no indexing inference
https://www.bnbaccelerator.com/blog/mandatory-rental-pool-before-buying-str-condo/,Mandatory Rental Pool Before Buying an STR Condo,https://www.bnbaccelerator.com/blog/mandatory-rental-pool-before-buying-str-condo/,True,,2,0,0,2,0,True,True,False,False,,Unreviewed; count alone does not establish content quality,,,,Page-level GSC metrics were not supplied; no indexing inference
https://www.bnbaccelerator.com/blog/market-supply-growth-warning-signs/,STR Market Supply Growth Warning Signs (2026),https://www.bnbaccelerator.com/blog/market-supply-growth-warning-signs/,True,,5,0,3,2,0,True,True,False,False,,Unreviewed; count alone does not establish content quality,,,,Page-level GSC metrics were not supplied; no indexing inference
https://www.bnbaccelerator.com/blog/minimum-night-rule-str-economics/,How Does a Minimum-Night Rule Change STR Economics | BNB Accelerator,https://www.bnbaccelerator.com/blog/minimum-night-rule-str-economics/,True,,2,0,0,2,0,True,True,False,False,,Unreviewed; count alone does not establish content quality,,,,Page-level GSC metrics were not supplied; no indexing inference
https://www.bnbaccelerator.com/blog/minimum-stay-peak-dates/,When Should an STR Require Longer Minimum Stays on Peak Dates | BNB Accelerator,https://www.bnbaccelerator.com/blog/minimum-stay-peak-dates/,True,,2,0,0,2,0,True,True,False,False,,Unreviewed; count alone does not establish content quality,,,,Page-level GSC metrics were not supplied; no indexing inference
https://www.bnbaccelerator.com/blog/missouri-str-investing/,Missouri Short-Term Rental Investing Guide,https://www.bnbaccelerator.com/blog/missouri-str-investing/,True,,4,0,2,2,0,True,True,False,False,,Unreviewed; count alone does not establish content quality,,,,Page-level GSC metrics were not supplied; no indexing inference
https://www.bnbaccelerator.com/blog/mistakes-that-cost-a-season/,STR Mistakes That Cost a Season (2026),https://www.bnbaccelerator.com/blog/mistakes-that-cost-a-season/,True,,3,0,1,2,0,True,True,False,False,,Unreviewed; count alone does not establish content quality,,,,Page-level GSC metrics were not supplied; no indexing inference
https://www.bnbaccelerator.com/blog/nashville-permit-value/,Nashville STR Permit Value Explained (2026),https://www.bnbaccelerator.com/blog/nashville-permit-value/,True,,7,0,5,2,0,True,True,False,False,,Unreviewed; count alone does not establish content quality,,,,Page-level GSC metrics were not supplied; no indexing inference
https://www.bnbaccelerator.com/blog/new-construction-vs-existing-str-purchase/,New-Construction vs Existing STR: Which Should You Buy? | BNB Accelerator,https://www.bnbaccelerator.com/blog/new-construction-vs-existing-str-purchase/,True,,2,0,0,2,0,True,True,False,False,,Unreviewed; count alone does not establish content quality,,,,Page-level GSC metrics were not supplied; no indexing inference
https://www.bnbaccelerator.com/blog/new-york-city-and-what-it-signals/,NYC Local Law 18 and What It Means (2026),https://www.bnbaccelerator.com/blog/new-york-city-and-what-it-signals/,True,,3,0,1,2,0,True,True,False,False,,Unreviewed; count alone does not establish content quality,,,,Page-level GSC metrics were not supplied; no indexing inference
https://www.bnbaccelerator.com/blog/noise-monitor-budget-short-term-rental/,How to Budget for Noise Monitor | STR Owner Guide,https://www.bnbaccelerator.com/blog/noise-monitor-budget-short-term-rental/,True,,2,0,0,2,0,True,True,False,False,,Unreviewed; count alone does not establish content quality,,,,Page-level GSC metrics were not supplied; no indexing inference
https://www.bnbaccelerator.com/blog/noise-monitor-buying-short-term-rental/,Buying a Property With Noise Monitor | STR Owner Guide,https://www.bnbaccelerator.com/blog/noise-monitor-buying-short-term-rental/,True,,2,0,0,2,0,True,True,False,False,,Unreviewed; count alone does not establish content quality,,,,Page-level GSC metrics were not supplied; no indexing inference
https://www.bnbaccelerator.com/blog/noise-monitor-design-short-term-rental/,Designing an Airbnb Around Noise Monitor | STR Owner Guide,https://www.bnbaccelerator.com/blog/noise-monitor-design-short-term-rental/,True,,2,0,0,2,0,True,True,False,False,,Unreviewed; count alone does not establish content quality,,,,Page-level GSC metrics were not supplied; no indexing inference
https://www.bnbaccelerator.com/blog/noise-monitor-inspection-short-term-rental/,STR Inspection Checklist for Noise Monitor | STR Owner Guide,https://www.bnbaccelerator.com/blog/noise-monitor-inspection-short-term-rental/,True,,2,0,0,2,0,True,True,False,False,,Unreviewed; count alone does not establish content quality,,,,Page-level GSC metrics were not supplied; no indexing inference
https://www.bnbaccelerator.com/blog/noise-monitor-insurance-short-term-rental/,Insurance and Liability Review for Noise Monitor | STR Owner Guide,https://www.bnbaccelerator.com/blog/noise-monitor-insurance-short-term-rental/,True,,2,0,0,2,0,True,True,False,False,,Unreviewed; count alone does not establish content quality,,,,Page-level GSC metrics were not supplied; no indexing inference
https://www.bnbaccelerator.com/blog/noise-monitor-maintenance-short-term-rental/,Preventive Maintenance Plan for Noise Monitor | STR Owner Guide,https://www.bnbaccelerator.com/blog/noise-monitor-maintenance-short-term-rental/,True,,2,0,0,2,0,True,True,False,False,,Unreviewed; count alone does not establish content quality,,,,Page-level GSC metrics were not supplied; no indexing inference
https://www.bnbaccelerator.com/blog/noise-monitor-operations-short-term-rental/,Airbnb Operating SOP for Noise Monitor | STR Owner Guide,https://www.bnbaccelerator.com/blog/noise-monitor-operations-short-term-rental/,True,,2,0,0,2,0,True,True,False,False,,Unreviewed; count alone does not establish content quality,,,,Page-level GSC metrics were not supplied; no indexing inference
https://www.bnbaccelerator.com/blog/noise-monitor-repair-replace-short-term-rental/,When to Repair or Replace an Airbnb Noise Monitor | STR Owner Guide,https://www.bnbaccelerator.com/blog/noise-monitor-repair-replace-short-term-rental/,True,,2,0,0,2,0,True,True,False,False,,Unreviewed; count alone does not establish content quality,,,,Page-level GSC metrics were not supplied; no indexing inference
https://www.bnbaccelerator.com/blog/noise-monitor-roi-short-term-rental/,Does an Airbnb Noise Monitor Increase Revenue? | STR Owner Guide,https://www.bnbaccelerator.com/blog/noise-monitor-roi-short-term-rental/,True,,2,0,0,2,0,True,True,False,False,,Unreviewed; count alone does not establish content quality,,,,Page-level GSC metrics were not supplied; no indexing inference
https://www.bnbaccelerator.com/blog/noise-monitoring-and-neighbors/,STR Noise Monitoring & Neighbor Relations (2026),https://www.bnbaccelerator.com/blog/noise-monitoring-and-neighbors/,True,,5,0,3,2,0,True,True,False,False,,Unreviewed; count alone does not establish content quality,,,,Page-level GSC metrics were not supplied; no indexing inference
https://www.bnbaccelerator.com/blog/nonconforming-str-use-sale/,Does a Legal Nonconforming STR Survive a Property Sale | BNB Accelerator,https://www.bnbaccelerator.com/blog/nonconforming-str-use-sale/,True,,2,0,0,2,0,True,True,False,False,,Unreviewed; count alone does not establish content quality,,,,Page-level GSC metrics were not supplied; no indexing inference
https://www.bnbaccelerator.com/blog/normalize-owner-blocks-str/,How Should Owner-Blocked Nights Affect STR Occupancy | BNB Accelerator,https://www.bnbaccelerator.com/blog/normalize-owner-blocks-str/,True,,2,0,0,2,0,True,True,False,False,,Unreviewed; count alone does not establish content quality,,,,Page-level GSC metrics were not supplied; no indexing inference
https://www.bnbaccelerator.com/blog/north-carolina-str-due-diligence-fee-offer/,NC STR Due-Diligence Fee | BNB Accelerator,https://www.bnbaccelerator.com/blog/north-carolina-str-due-diligence-fee-offer/,True,,2,0,0,2,0,True,True,False,False,,Unreviewed; count alone does not establish content quality,,,,Page-level GSC metrics were not supplied; no indexing inference
https://www.bnbaccelerator.com/blog/occupancy-target-by-month-str/,Should an STR Have One Annual Occupancy Target | BNB Accelerator,https://www.bnbaccelerator.com/blog/occupancy-target-by-month-str/,True,,2,0,0,2,0,True,True,False,False,,Unreviewed; count alone does not establish content quality,,,,Page-level GSC metrics were not supplied; no indexing inference
https://www.bnbaccelerator.com/blog/offsite-laundry-str/,When Does Offsite Laundry Make Sense for an STR | BNB Accelerator,https://www.bnbaccelerator.com/blog/offsite-laundry-str/,True,,2,0,0,2,0,True,True,False,False,,Unreviewed; count alone does not establish content quality,,,,Page-level GSC metrics were not supplied; no indexing inference
https://www.bnbaccelerator.com/blog/oklahoma-str-investing/,Oklahoma Short-Term Rental Investing Guide,https://www.bnbaccelerator.com/blog/oklahoma-str-investing/,True,,4,0,2,2,0,True,True,False,False,,Unreviewed; count alone does not establish content quality,,,,Page-level GSC metrics were not supplied; no indexing inference
https://www.bnbaccelerator.com/blog/one-property-or-three/,One STR or a Portfolio? (2026),https://www.bnbaccelerator.com/blog/one-property-or-three/,True,,4,0,2,2,0,True,True,False,False,,Unreviewed; count alone does not establish content quality,,,,Page-level GSC metrics were not supplied; no indexing inference
https://www.bnbaccelerator.com/blog/orlando-davenport-airbnb-investing/,Orlando and Davenport Airbnb Investing Guide,https://www.bnbaccelerator.com/blog/orlando-davenport-airbnb-investing/,True,,4,0,2,2,0,True,True,False,False,,Unreviewed; count alone does not establish content quality,,,,Page-level GSC metrics were not supplied; no indexing inference
https://www.bnbaccelerator.com/blog/orphan-night-pricing-str/,How Should You Price a One-Night Gap Between STR Bookings | BNB Accelerator,https://www.bnbaccelerator.com/blog/orphan-night-pricing-str/,True,,2,0,0,2,0,True,True,False,False,,Unreviewed; count alone does not establish content quality,,,,Page-level GSC metrics were not supplied; no indexing inference
https://www.bnbaccelerator.com/blog/outdoor-kitchen-budget-short-term-rental/,How to Budget for Outdoor Kitchen | STR Owner Guide,https://www.bnbaccelerator.com/blog/outdoor-kitchen-budget-short-term-rental/,True,,2,0,0,2,0,True,True,False,False,,Unreviewed; count alone does not establish content quality,,,,Page-level GSC metrics were not supplied; no indexing inference
https://www.bnbaccelerator.com/blog/outdoor-kitchen-buying-short-term-rental/,Buying a Property With Outdoor Kitchen | STR Owner Guide,https://www.bnbaccelerator.com/blog/outdoor-kitchen-buying-short-term-rental/,True,,2,0,0,2,0,True,True,False,False,,Unreviewed; count alone does not establish content quality,,,,Page-level GSC metrics were not supplied; no indexing inference
https://www.bnbaccelerator.com/blog/outdoor-kitchen-design-short-term-rental/,Designing an Airbnb Around Outdoor Kitchen | STR Owner Guide,https://www.bnbaccelerator.com/blog/outdoor-kitchen-design-short-term-rental/,True,,2,0,0,2,0,True,True,False,False,,Unreviewed; count alone does not establish content quality,,,,Page-level GSC metrics were not supplied; no indexing inference
https://www.bnbaccelerator.com/blog/outdoor-kitchen-inspection-short-term-rental/,STR Inspection Checklist for Outdoor Kitchen | STR Owner Guide,https://www.bnbaccelerator.com/blog/outdoor-kitchen-inspection-short-term-rental/,True,,2,0,0,2,0,True,True,False,False,,Unreviewed; count alone does not establish content quality,,,,Page-level GSC metrics were not supplied; no indexing inference
https://www.bnbaccelerator.com/blog/outdoor-kitchen-insurance-short-term-rental/,Insurance and Liability Review for Outdoor Kitchen | STR Owner Guide,https://www.bnbaccelerator.com/blog/outdoor-kitchen-insurance-short-term-rental/,True,,2,0,0,2,0,True,True,False,False,,Unreviewed; count alone does not establish content quality,,,,Page-level GSC metrics were not supplied; no indexing inference
https://www.bnbaccelerator.com/blog/outdoor-kitchen-maintenance-short-term-rental/,Preventive Maintenance Plan for Outdoor Kitchen | STR Owner Guide,https://www.bnbaccelerator.com/blog/outdoor-kitchen-maintenance-short-term-rental/,True,,2,0,0,2,0,True,True,False,False,,Unreviewed; count alone does not establish content quality,,,,Page-level GSC metrics were not supplied; no indexing inference
https://www.bnbaccelerator.com/blog/outdoor-kitchen-operations-short-term-rental/,Airbnb Operating SOP for Outdoor Kitchen | STR Owner Guide,https://www.bnbaccelerator.com/blog/outdoor-kitchen-operations-short-term-rental/,True,,2,0,0,2,0,True,True,False,False,,Unreviewed; count alone does not establish content quality,,,,Page-level GSC metrics were not supplied; no indexing inference
https://www.bnbaccelerator.com/blog/outdoor-kitchen-repair-replace-short-term-rental/,When to Repair or Replace an Airbnb Outdoor Kitchen | STR Owner Guide,https://www.bnbaccelerator.com/blog/outdoor-kitchen-repair-replace-short-term-rental/,True,,2,0,0,2,0,True,True,False,False,,Unreviewed; count alone does not establish content quality,,,,Page-level GSC metrics were not supplied; no indexing inference
https://www.bnbaccelerator.com/blog/outdoor-kitchen-roi-short-term-rental/,Does an Airbnb Outdoor Kitchen Increase Revenue? | STR Owner Guide,https://www.bnbaccelerator.com/blog/outdoor-kitchen-roi-short-term-rental/,True,,2,0,0,2,0,True,True,False,False,,Unreviewed; count alone does not establish content quality,,,,Page-level GSC metrics were not supplied; no indexing inference
https://www.bnbaccelerator.com/blog/outdoor-space-that-earns/,STR Outdoor Space Design That Pays (2026),https://www.bnbaccelerator.com/blog/outdoor-space-that-earns/,True,,3,0,1,2,0,True,True,False,False,,Unreviewed; count alone does not establish content quality,,,,Page-level GSC metrics were not supplied; no indexing inference
https://www.bnbaccelerator.com/blog/owner-closet-inventory-control/,How Do You Control an STR Owner Closet and Supply Inventory | BNB Accelerator,https://www.bnbaccelerator.com/blog/owner-closet-inventory-control/,True,,2,0,0,2,0,True,True,False,False,,Unreviewed; count alone does not establish content quality,,,,Page-level GSC metrics were not supplied; no indexing inference
https://www.bnbaccelerator.com/blog/palm-springs-vacation-rental-permit-buying/,Palm Springs STR Permit When Buying | BNB Accelerator,https://www.bnbaccelerator.com/blog/palm-springs-vacation-rental-permit-buying/,True,,2,0,0,2,0,True,True,False,False,,Unreviewed; count alone does not establish content quality,,,,Page-level GSC metrics were not supplied; no indexing inference
https://www.bnbaccelerator.com/blog/parcel-jurisdiction-str/,How Do You Confirm Which STR Rules Apply to a Parcel | BNB Accelerator,https://www.bnbaccelerator.com/blog/parcel-jurisdiction-str/,True,,2,0,0,2,0,True,True,False,False,,Unreviewed; count alone does not establish content quality,,,,Page-level GSC metrics were not supplied; no indexing inference
https://www.bnbaccelerator.com/blog/park-city-utah-str-market/,Park City Utah STR Market Analysis (2026),https://www.bnbaccelerator.com/blog/park-city-utah-str-market/,True,,4,0,2,2,0,True,True,False,False,,Unreviewed; count alone does not establish content quality,,,,Page-level GSC metrics were not supplied; no indexing inference
https://www.bnbaccelerator.com/blog/parking-budget-short-term-rental/,How to Budget for Guest Parking | STR Owner Guide,https://www.bnbaccelerator.com/blog/parking-budget-short-term-rental/,True,,2,0,0,2,0,True,True,False,False,,Unreviewed; count alone does not establish content quality,,,,Page-level GSC metrics were not supplied; no indexing inference
https://www.bnbaccelerator.com/blog/parking-buying-short-term-rental/,Buying a Property With Guest Parking | STR Owner Guide,https://www.bnbaccelerator.com/blog/parking-buying-short-term-rental/,True,,3,0,1,2,0,True,True,False,False,,Unreviewed; count alone does not establish content quality,,,,Page-level GSC metrics were not supplied; no indexing inference
https://www.bnbaccelerator.com/blog/parking-design-short-term-rental/,Designing an Airbnb Around Guest Parking | STR Owner Guide,https://www.bnbaccelerator.com/blog/parking-design-short-term-rental/,True,,2,0,0,2,0,True,True,False,False,,Unreviewed; count alone does not establish content quality,,,,Page-level GSC metrics were not supplied; no indexing inference
https://www.bnbaccelerator.com/blog/parking-inspection-short-term-rental/,STR Inspection Checklist for Guest Parking | STR Owner Guide,https://www.bnbaccelerator.com/blog/parking-inspection-short-term-rental/,True,,2,0,0,2,0,True,True,False,False,,Unreviewed; count alone does not establish content quality,,,,Page-level GSC metrics were not supplied; no indexing inference
https://www.bnbaccelerator.com/blog/parking-insurance-short-term-rental/,Insurance and Liability Review for Guest Parking | STR Owner Guide,https://www.bnbaccelerator.com/blog/parking-insurance-short-term-rental/,True,,2,0,0,2,0,True,True,False,False,,Unreviewed; count alone does not establish content quality,,,,Page-level GSC metrics were not supplied; no indexing inference
https://www.bnbaccelerator.com/blog/parking-maintenance-short-term-rental/,Preventive Maintenance Plan for Guest Parking | STR Owner Guide,https://www.bnbaccelerator.com/blog/parking-maintenance-short-term-rental/,True,,2,0,0,2,0,True,True,False,False,,Unreviewed; count alone does not establish content quality,,,,Page-level GSC metrics were not supplied; no indexing inference
https://www.bnbaccelerator.com/blog/parking-occupancy-str-cap/,How Should Parking Limits Set STR Guest Capacity | BNB Accelerator,https://www.bnbaccelerator.com/blog/parking-occupancy-str-cap/,True,,2,0,0,2,0,True,True,False,False,,Unreviewed; count alone does not establish content quality,,,,Page-level GSC metrics were not supplied; no indexing inference
https://www.bnbaccelerator.com/blog/parking-operations-short-term-rental/,Airbnb Operating SOP for Guest Parking | STR Owner Guide,https://www.bnbaccelerator.com/blog/parking-operations-short-term-rental/,True,,2,0,0,2,0,True,True,False,False,,Unreviewed; count alone does not establish content quality,,,,Page-level GSC metrics were not supplied; no indexing inference
https://www.bnbaccelerator.com/blog/parking-repair-replace-short-term-rental/,When to Repair or Replace an Airbnb Guest Parking | STR Owner Guide,https://www.bnbaccelerator.com/blog/parking-repair-replace-short-term-rental/,True,,2,0,0,2,0,True,True,False,False,,Unreviewed; count alone does not establish content quality,,,,Page-level GSC metrics were not supplied; no indexing inference
https://www.bnbaccelerator.com/blog/parking-roi-short-term-rental/,Does an Airbnb Guest Parking Increase Revenue? | STR Owner Guide,https://www.bnbaccelerator.com/blog/parking-roi-short-term-rental/,True,,2,0,0,2,0,True,True,False,False,,Unreviewed; count alone does not establish content quality,,,,Page-level GSC metrics were not supplied; no indexing inference
https://www.bnbaccelerator.com/blog/participation-log-that-survives-audit/,STR Material Participation Log Template (2026),https://www.bnbaccelerator.com/blog/participation-log-that-survives-audit/,True,,4,0,2,2,0,True,True,False,False,,Unreviewed; count alone does not establish content quality,,,,Page-level GSC metrics were not supplied; no indexing inference
https://www.bnbaccelerator.com/blog/pennsylvania-str-investing/,Pennsylvania Short-Term Rental Investing Guide,https://www.bnbaccelerator.com/blog/pennsylvania-str-investing/,True,,6,0,4,2,0,True,True,False,False,,Unreviewed; count alone does not establish content quality,,,,Page-level GSC metrics were not supplied; no indexing inference
https://www.bnbaccelerator.com/blog/pet-fence-budget-short-term-rental/,How to Budget for Pet Fence | STR Owner Guide,https://www.bnbaccelerator.com/blog/pet-fence-budget-short-term-rental/,True,,2,0,0,2,0,True,True,False,False,,Unreviewed; count alone does not establish content quality,,,,Page-level GSC metrics were not supplied; no indexing inference
https://www.bnbaccelerator.com/blog/pet-fence-buying-short-term-rental/,Buying a Property With Pet Fence | STR Owner Guide,https://www.bnbaccelerator.com/blog/pet-fence-buying-short-term-rental/,True,,2,0,0,2,0,True,True,False,False,,Unreviewed; count alone does not establish content quality,,,,Page-level GSC metrics were not supplied; no indexing inference
https://www.bnbaccelerator.com/blog/pet-fence-design-short-term-rental/,Designing an Airbnb Around Pet Fence | STR Owner Guide,https://www.bnbaccelerator.com/blog/pet-fence-design-short-term-rental/,True,,2,0,0,2,0,True,True,False,False,,Unreviewed; count alone does not establish content quality,,,,Page-level GSC metrics were not supplied; no indexing inference
https://www.bnbaccelerator.com/blog/pet-fence-inspection-short-term-rental/,STR Inspection Checklist for Pet Fence | STR Owner Guide,https://www.bnbaccelerator.com/blog/pet-fence-inspection-short-term-rental/,True,,2,0,0,2,0,True,True,False,False,,Unreviewed; count alone does not establish content quality,,,,Page-level GSC metrics were not supplied; no indexing inference
https://www.bnbaccelerator.com/blog/pet-fence-insurance-short-term-rental/,Insurance and Liability Review for Pet Fence | STR Owner Guide,https://www.bnbaccelerator.com/blog/pet-fence-insurance-short-term-rental/,True,,2,0,0,2,0,True,True,False,False,,Unreviewed; count alone does not establish content quality,,,,Page-level GSC metrics were not supplied; no indexing inference
https://www.bnbaccelerator.com/blog/pet-fence-maintenance-short-term-rental/,Preventive Maintenance Plan for Pet Fence | STR Owner Guide,https://www.bnbaccelerator.com/blog/pet-fence-maintenance-short-term-rental/,True,,2,0,0,2,0,True,True,False,False,,Unreviewed; count alone does not establish content quality,,,,Page-level GSC metrics were not supplied; no indexing inference
https://www.bnbaccelerator.com/blog/pet-fence-operations-short-term-rental/,Airbnb Operating SOP for Pet Fence | STR Owner Guide,https://www.bnbaccelerator.com/blog/pet-fence-operations-short-term-rental/,True,,2,0,0,2,0,True,True,False,False,,Unreviewed; count alone does not establish content quality,,,,Page-level GSC metrics were not supplied; no indexing inference
https://www.bnbaccelerator.com/blog/pet-fence-repair-replace-short-term-rental/,When to Repair or Replace an Airbnb Pet Fence | STR Owner Guide,https://www.bnbaccelerator.com/blog/pet-fence-repair-replace-short-term-rental/,True,,2,0,0,2,0,True,True,False,False,,Unreviewed; count alone does not establish content quality,,,,Page-level GSC metrics were not supplied; no indexing inference
https://www.bnbaccelerator.com/blog/pet-fence-roi-short-term-rental/,Does an Airbnb Pet Fence Increase Revenue? | STR Owner Guide,https://www.bnbaccelerator.com/blog/pet-fence-roi-short-term-rental/,True,,2,0,0,2,0,True,True,False,False,,Unreviewed; count alone does not establish content quality,,,,Page-level GSC metrics were not supplied; no indexing inference
https://www.bnbaccelerator.com/blog/pet-friendly-airbnb-strategy/,Should Your Airbnb Be Pet Friendly? The 2026 Analysis,https://www.bnbaccelerator.com/blog/pet-friendly-airbnb-strategy/,True,,5,0,3,2,0,True,True,False,False,,Unreviewed; count alone does not establish content quality,,,,Page-level GSC metrics were not supplied; no indexing inference
https://www.bnbaccelerator.com/blog/pets-and-the-guest-pool/,Should Your Airbnb Allow Pets? (2026),https://www.bnbaccelerator.com/blog/pets-and-the-guest-pool/,True,,3,0,1,2,0,True,True,False,False,,Unreviewed; count alone does not establish content quality,,,,Page-level GSC metrics were not supplied; no indexing inference
https://www.bnbaccelerator.com/blog/phase-i-environmental-site-assessment-str-purchase/,Phase I Environmental Assessment for an STR Purchase,https://www.bnbaccelerator.com/blog/phase-i-environmental-site-assessment-str-purchase/,True,,2,0,0,2,0,True,True,False,False,,Unreviewed; count alone does not establish content quality,,,,Page-level GSC metrics were not supplied; no indexing inference
https://www.bnbaccelerator.com/blog/phoenix-mesa-gilbert-chandler-comparison/,Phoenix vs Mesa vs Gilbert vs Chandler STR (2026),https://www.bnbaccelerator.com/blog/phoenix-mesa-gilbert-chandler-comparison/,True,,5,0,3,2,0,True,True,False,False,,Unreviewed; count alone does not establish content quality,,,,Page-level GSC metrics were not supplied; no indexing inference
https://www.bnbaccelerator.com/blog/pocono-townships-regulation-map/,Poconos STR Township Rules Explained (2026),https://www.bnbaccelerator.com/blog/pocono-townships-regulation-map/,True,,6,0,4,2,0,True,True,False,False,,Unreviewed; count alone does not establish content quality,,,,Page-level GSC metrics were not supplied; no indexing inference
https://www.bnbaccelerator.com/blog/pool-budget-short-term-rental/,How to Budget for Swimming Pool | STR Owner Guide,https://www.bnbaccelerator.com/blog/pool-budget-short-term-rental/,True,,2,0,0,2,0,True,True,False,False,,Unreviewed; count alone does not establish content quality,,,,Page-level GSC metrics were not supplied; no indexing inference
https://www.bnbaccelerator.com/blog/pool-buying-short-term-rental/,Buying a Property With Swimming Pool | STR Owner Guide,https://www.bnbaccelerator.com/blog/pool-buying-short-term-rental/,True,,2,0,0,2,0,True,True,False,False,,Unreviewed; count alone does not establish content quality,,,,Page-level GSC metrics were not supplied; no indexing inference
https://www.bnbaccelerator.com/blog/pool-design-short-term-rental/,Designing an Airbnb Around Swimming Pool | STR Owner Guide,https://www.bnbaccelerator.com/blog/pool-design-short-term-rental/,True,,2,0,0,2,0,True,True,False,False,,Unreviewed; count alone does not establish content quality,,,,Page-level GSC metrics were not supplied; no indexing inference
https://www.bnbaccelerator.com/blog/pool-heating-cost-underwriting/,How Do You Underwrite Pool-Heating Cost and Guest Fees | BNB Accelerator,https://www.bnbaccelerator.com/blog/pool-heating-cost-underwriting/,True,,2,0,0,2,0,True,True,False,False,,Unreviewed; count alone does not establish content quality,,,,Page-level GSC metrics were not supplied; no indexing inference
https://www.bnbaccelerator.com/blog/pool-hot-tub-utility-easement-before-buying-str/,Pool or Hot Tub Easement Check Before Buying | BNB Accelerator,https://www.bnbaccelerator.com/blog/pool-hot-tub-utility-easement-before-buying-str/,True,,2,0,0,2,0,True,True,False,False,,Unreviewed; count alone does not establish content quality,,,,Page-level GSC metrics were not supplied; no indexing inference
https://www.bnbaccelerator.com/blog/pool-inspection-short-term-rental/,STR Inspection Checklist for Swimming Pool | STR Owner Guide,https://www.bnbaccelerator.com/blog/pool-inspection-short-term-rental/,True,,2,0,0,2,0,True,True,False,False,,Unreviewed; count alone does not establish content quality,,,,Page-level GSC metrics were not supplied; no indexing inference
https://www.bnbaccelerator.com/blog/pool-insurance-short-term-rental/,Insurance and Liability Review for Swimming Pool | STR Owner Guide,https://www.bnbaccelerator.com/blog/pool-insurance-short-term-rental/,True,,2,0,0,2,0,True,True,False,False,,Unreviewed; count alone does not establish content quality,,,,Page-level GSC metrics were not supplied; no indexing inference
https://www.bnbaccelerator.com/blog/pool-maintenance-short-term-rental/,Preventive Maintenance Plan for Swimming Pool | STR Owner Guide,https://www.bnbaccelerator.com/blog/pool-maintenance-short-term-rental/,True,,2,0,0,2,0,True,True,False,False,,Unreviewed; count alone does not establish content quality,,,,Page-level GSC metrics were not supplied; no indexing inference
https://www.bnbaccelerator.com/blog/pool-operations-short-term-rental/,Airbnb Operating SOP for Swimming Pool | STR Owner Guide,https://www.bnbaccelerator.com/blog/pool-operations-short-term-rental/,True,,2,0,0,2,0,True,True,False,False,,Unreviewed; count alone does not establish content quality,,,,Page-level GSC metrics were not supplied; no indexing inference
https://www.bnbaccelerator.com/blog/pool-repair-replace-short-term-rental/,When to Repair or Replace an Airbnb Swimming Pool | STR Owner Guide,https://www.bnbaccelerator.com/blog/pool-repair-replace-short-term-rental/,True,,2,0,0,2,0,True,True,False,False,,Unreviewed; count alone does not establish content quality,,,,Page-level GSC metrics were not supplied; no indexing inference
https://www.bnbaccelerator.com/blog/pool-roi-short-term-rental/,Does an Airbnb Swimming Pool Increase Revenue? | STR Owner Guide,https://www.bnbaccelerator.com/blog/pool-roi-short-term-rental/,True,,2,0,0,2,0,True,True,False,False,,Unreviewed; count alone does not establish content quality,,,,Page-level GSC metrics were not supplied; no indexing inference
https://www.bnbaccelerator.com/blog/pool-slide-liability-str/,Should an STR Keep a Pool Slide or Diving Board | BNB Accelerator,https://www.bnbaccelerator.com/blog/pool-slide-liability-str/,True,,2,0,0,2,0,True,True,False,False,,Unreviewed; count alone does not establish content quality,,,,Page-level GSC metrics were not supplied; no indexing inference
https://www.bnbaccelerator.com/blog/preventive-maintenance-calendar/,STR Preventive Maintenance Schedule (2026),https://www.bnbaccelerator.com/blog/preventive-maintenance-calendar/,True,,251,0,249,2,0,True,True,False,False,,Unreviewed; count alone does not establish content quality,,,,Page-level GSC metrics were not supplied; no indexing inference
https://www.bnbaccelerator.com/blog/pricing-the-booking-window/,STR Booking Window Pricing Strategy (2026),https://www.bnbaccelerator.com/blog/pricing-the-booking-window/,True,,14,0,12,2,0,True,True,False,False,,Unreviewed; count alone does not establish content quality,,,,Page-level GSC metrics were not supplied; no indexing inference
https://www.bnbaccelerator.com/blog/primary-residence-str-rule/,Can You Buy an STR Where a Primary-Residence Rule Applies | BNB Accelerator,https://www.bnbaccelerator.com/blog/primary-residence-str-rule/,True,,2,0,0,2,0,True,True,False,False,,Unreviewed; count alone does not establish content quality,,,,Page-level GSC metrics were not supplied; no indexing inference
https://www.bnbaccelerator.com/blog/private-well-budget-short-term-rental/,How to Budget for Private Well | STR Owner Guide,https://www.bnbaccelerator.com/blog/private-well-budget-short-term-rental/,True,,2,0,0,2,0,True,True,False,False,,Unreviewed; count alone does not establish content quality,,,,Page-level GSC metrics were not supplied; no indexing inference
https://www.bnbaccelerator.com/blog/private-well-design-short-term-rental/,Designing an Airbnb Around Private Well | STR Owner Guide,https://www.bnbaccelerator.com/blog/private-well-design-short-term-rental/,True,,2,0,0,2,0,True,True,False,False,,Unreviewed; count alone does not establish content quality,,,,Page-level GSC metrics were not supplied; no indexing inference
https://www.bnbaccelerator.com/blog/private-well-inspection-short-term-rental/,STR Inspection Checklist for Private Well | STR Owner Guide,https://www.bnbaccelerator.com/blog/private-well-inspection-short-term-rental/,True,,2,0,0,2,0,True,True,False,False,,Unreviewed; count alone does not establish content quality,,,,Page-level GSC metrics were not supplied; no indexing inference
https://www.bnbaccelerator.com/blog/private-well-insurance-short-term-rental/,Insurance and Liability Review for Private Well | STR Owner Guide,https://www.bnbaccelerator.com/blog/private-well-insurance-short-term-rental/,True,,2,0,0,2,0,True,True,False,False,,Unreviewed; count alone does not establish content quality,,,,Page-level GSC metrics were not supplied; no indexing inference
https://www.bnbaccelerator.com/blog/private-well-maintenance-short-term-rental/,Preventive Maintenance Plan for Private Well | STR Owner Guide,https://www.bnbaccelerator.com/blog/private-well-maintenance-short-term-rental/,True,,2,0,0,2,0,True,True,False,False,,Unreviewed; count alone does not establish content quality,,,,Page-level GSC metrics were not supplied; no indexing inference
https://www.bnbaccelerator.com/blog/private-well-operations-short-term-rental/,Airbnb Operating SOP for Private Well | STR Owner Guide,https://www.bnbaccelerator.com/blog/private-well-operations-short-term-rental/,True,,2,0,0,2,0,True,True,False,False,,Unreviewed; count alone does not establish content quality,,,,Page-level GSC metrics were not supplied; no indexing inference
https://www.bnbaccelerator.com/blog/private-well-repair-replace-short-term-rental/,When to Repair or Replace an Airbnb Private Well | STR Owner Guide,https://www.bnbaccelerator.com/blog/private-well-repair-replace-short-term-rental/,True,,2,0,0,2,0,True,True,False,False,,Unreviewed; count alone does not establish content quality,,,,Page-level GSC metrics were not supplied; no indexing inference
https://www.bnbaccelerator.com/blog/private-well-roi-short-term-rental/,Does an Airbnb Private Well Increase Revenue? | STR Owner Guide,https://www.bnbaccelerator.com/blog/private-well-roi-short-term-rental/,True,,2,0,0,2,0,True,True,False,False,,Unreviewed; count alone does not establish content quality,,,,Page-level GSC metrics were not supplied; no indexing inference
https://www.bnbaccelerator.com/blog/propane-tank-before-buying-str/,Propane Tank Diligence Before Buying an STR,https://www.bnbaccelerator.com/blog/propane-tank-before-buying-str/,True,,5,0,3,2,0,True,True,False,False,,Unreviewed; count alone does not establish content quality,,,,Page-level GSC metrics were not supplied; no indexing inference
https://www.bnbaccelerator.com/blog/property-manager-hours-record/,How Should Property-Manager Hours Be Documented for Material Participation | BNB Accelerator,https://www.bnbaccelerator.com/blog/property-manager-hours-record/,True,,2,0,0,2,0,True,True,False,False,,Unreviewed; count alone does not establish content quality,,,,Page-level GSC metrics were not supplied; no indexing inference
https://www.bnbaccelerator.com/blog/property-tax-reset-after-buying-str/,Will STR Property Taxes Rise After Purchase? | BNB Accelerator,https://www.bnbaccelerator.com/blog/property-tax-reset-after-buying-str/,True,,2,0,0,2,0,True,True,False,False,,Unreviewed; count alone does not establish content quality,,,,Page-level GSC metrics were not supplied; no indexing inference
https://www.bnbaccelerator.com/blog/qbi-deduction-short-term-rentals/,The QBI Deduction and Short-Term Rentals: 2026 Overview,https://www.bnbaccelerator.com/blog/qbi-deduction-short-term-rentals/,True,,3,0,1,2,0,True,True,False,False,,Unreviewed; count alone does not establish content quality,,,,Page-level GSC metrics were not supplied; no indexing inference
https://www.bnbaccelerator.com/blog/radon-test-before-buying-str/,Should You Test an STR for Radon Before Buying?,https://www.bnbaccelerator.com/blog/radon-test-before-buying-str/,True,,2,0,0,2,0,True,True,False,False,,Unreviewed; count alone does not establish content quality,,,,Page-level GSC metrics were not supplied; no indexing inference
https://www.bnbaccelerator.com/blog/rate-buydown-str-investment/,Is a Mortgage Rate Buydown Worth It on an STR | BNB Accelerator,https://www.bnbaccelerator.com/blog/rate-buydown-str-investment/,True,,2,0,0,2,0,True,True,False,False,,Unreviewed; count alone does not establish content quality,,,,Page-level GSC metrics were not supplied; no indexing inference
https://www.bnbaccelerator.com/blog/rebrand-str-before-sale/,Should You Rebrand an STR Before Selling It | BNB Accelerator,https://www.bnbaccelerator.com/blog/rebrand-str-before-sale/,True,,2,0,0,2,0,True,True,False,False,,Unreviewed; count alone does not establish content quality,,,,Page-level GSC metrics were not supplied; no indexing inference
https://www.bnbaccelerator.com/blog/retaining-wall-before-buying-str/,Inspect a Retaining Wall Before Buying an STR | BNB Accelerator,https://www.bnbaccelerator.com/blog/retaining-wall-before-buying-str/,True,,2,0,0,2,0,True,True,False,False,,Unreviewed; count alone does not establish content quality,,,,Page-level GSC metrics were not supplied; no indexing inference
https://www.bnbaccelerator.com/blog/reviews-compound-like-interest/,How Airbnb Reviews Compound Over Time (2026),https://www.bnbaccelerator.com/blog/reviews-compound-like-interest/,True,,11,0,9,2,0,True,True,False,False,,Unreviewed; count alone does not establish content quality,,,,Page-level GSC metrics were not supplied; no indexing inference
https://www.bnbaccelerator.com/blog/roof-budget-short-term-rental/,How to Budget for Roof | STR Owner Guide,https://www.bnbaccelerator.com/blog/roof-budget-short-term-rental/,True,,2,0,0,2,0,True,True,False,False,,Unreviewed; count alone does not establish content quality,,,,Page-level GSC metrics were not supplied; no indexing inference
https://www.bnbaccelerator.com/blog/roof-buying-short-term-rental/,Buying a Property With Roof | STR Owner Guide,https://www.bnbaccelerator.com/blog/roof-buying-short-term-rental/,True,,2,0,0,2,0,True,True,False,False,,Unreviewed; count alone does not establish content quality,,,,Page-level GSC metrics were not supplied; no indexing inference
https://www.bnbaccelerator.com/blog/roof-design-short-term-rental/,Designing an Airbnb Around Roof | STR Owner Guide,https://www.bnbaccelerator.com/blog/roof-design-short-term-rental/,True,,2,0,0,2,0,True,True,False,False,,Unreviewed; count alone does not establish content quality,,,,Page-level GSC metrics were not supplied; no indexing inference
https://www.bnbaccelerator.com/blog/roof-insurance-short-term-rental/,Insurance and Liability Review for Roof | STR Owner Guide,https://www.bnbaccelerator.com/blog/roof-insurance-short-term-rental/,True,,2,0,0,2,0,True,True,False,False,,Unreviewed; count alone does not establish content quality,,,,Page-level GSC metrics were not supplied; no indexing inference
https://www.bnbaccelerator.com/blog/roof-maintenance-short-term-rental/,Preventive Maintenance Plan for Roof | STR Owner Guide,https://www.bnbaccelerator.com/blog/roof-maintenance-short-term-rental/,True,,2,0,0,2,0,True,True,False,False,,Unreviewed; count alone does not establish content quality,,,,Page-level GSC metrics were not supplied; no indexing inference
https://www.bnbaccelerator.com/blog/roof-operations-short-term-rental/,Airbnb Operating SOP for Roof | STR Owner Guide,https://www.bnbaccelerator.com/blog/roof-operations-short-term-rental/,True,,2,0,0,2,0,True,True,False,False,,Unreviewed; count alone does not establish content quality,,,,Page-level GSC metrics were not supplied; no indexing inference
https://www.bnbaccelerator.com/blog/roof-repair-replace-short-term-rental/,When to Repair or Replace an Airbnb Roof | STR Owner Guide,https://www.bnbaccelerator.com/blog/roof-repair-replace-short-term-rental/,True,,2,0,0,2,0,True,True,False,False,,Unreviewed; count alone does not establish content quality,,,,Page-level GSC metrics were not supplied; no indexing inference
https://www.bnbaccelerator.com/blog/roof-roi-short-term-rental/,Does an Airbnb Roof Increase Revenue? | STR Owner Guide,https://www.bnbaccelerator.com/blog/roof-roi-short-term-rental/,True,,2,0,0,2,0,True,True,False,False,,Unreviewed; count alone does not establish content quality,,,,Page-level GSC metrics were not supplied; no indexing inference
https://www.bnbaccelerator.com/blog/saint-augustine-florida-str-market/,Saint Augustine FL STR Market Analysis (2026),https://www.bnbaccelerator.com/blog/saint-augustine-florida-str-market/,True,,4,0,2,2,0,True,True,False,False,,Unreviewed; count alone does not establish content quality,,,,Page-level GSC metrics were not supplied; no indexing inference
https://www.bnbaccelerator.com/blog/same-day-turn-time-budget/,How Much Time Does a Same-Day STR Turnover Need | BNB Accelerator,https://www.bnbaccelerator.com/blog/same-day-turn-time-budget/,True,,2,0,0,2,0,True,True,False,False,,Unreviewed; count alone does not establish content quality,,,,Page-level GSC metrics were not supplied; no indexing inference
https://www.bnbaccelerator.com/blog/santa-rosa-beach-30a-str-market/,Santa Rosa Beach & 30A STR Market (2026),https://www.bnbaccelerator.com/blog/santa-rosa-beach-30a-str-market/,True,,10,0,8,2,0,True,True,False,False,,Unreviewed; count alone does not establish content quality,,,,Page-level GSC metrics were not supplied; no indexing inference
https://www.bnbaccelerator.com/blog/sauna-budget-short-term-rental/,How to Budget for Sauna | STR Owner Guide,https://www.bnbaccelerator.com/blog/sauna-budget-short-term-rental/,True,,2,0,0,2,0,True,True,False,False,,Unreviewed; count alone does not establish content quality,,,,Page-level GSC metrics were not supplied; no indexing inference
https://www.bnbaccelerator.com/blog/sauna-buying-short-term-rental/,Buying a Property With Sauna | STR Owner Guide,https://www.bnbaccelerator.com/blog/sauna-buying-short-term-rental/,True,,2,0,0,2,0,True,True,False,False,,Unreviewed; count alone does not establish content quality,,,,Page-level GSC metrics were not supplied; no indexing inference
https://www.bnbaccelerator.com/blog/sauna-design-short-term-rental/,Designing an Airbnb Around Sauna | STR Owner Guide,https://www.bnbaccelerator.com/blog/sauna-design-short-term-rental/,True,,2,0,0,2,0,True,True,False,False,,Unreviewed; count alone does not establish content quality,,,,Page-level GSC metrics were not supplied; no indexing inference
https://www.bnbaccelerator.com/blog/sauna-inspection-short-term-rental/,STR Inspection Checklist for Sauna | STR Owner Guide,https://www.bnbaccelerator.com/blog/sauna-inspection-short-term-rental/,True,,2,0,0,2,0,True,True,False,False,,Unreviewed; count alone does not establish content quality,,,,Page-level GSC metrics were not supplied; no indexing inference
https://www.bnbaccelerator.com/blog/sauna-insurance-short-term-rental/,Insurance and Liability Review for Sauna | STR Owner Guide,https://www.bnbaccelerator.com/blog/sauna-insurance-short-term-rental/,True,,2,0,0,2,0,True,True,False,False,,Unreviewed; count alone does not establish content quality,,,,Page-level GSC metrics were not supplied; no indexing inference
https://www.bnbaccelerator.com/blog/sauna-maintenance-short-term-rental/,Preventive Maintenance Plan for Sauna | STR Owner Guide,https://www.bnbaccelerator.com/blog/sauna-maintenance-short-term-rental/,True,,2,0,0,2,0,True,True,False,False,,Unreviewed; count alone does not establish content quality,,,,Page-level GSC metrics were not supplied; no indexing inference
https://www.bnbaccelerator.com/blog/sauna-operations-short-term-rental/,Airbnb Operating SOP for Sauna | STR Owner Guide,https://www.bnbaccelerator.com/blog/sauna-operations-short-term-rental/,True,,2,0,0,2,0,True,True,False,False,,Unreviewed; count alone does not establish content quality,,,,Page-level GSC metrics were not supplied; no indexing inference
https://www.bnbaccelerator.com/blog/sauna-repair-replace-short-term-rental/,When to Repair or Replace an Airbnb Sauna | STR Owner Guide,https://www.bnbaccelerator.com/blog/sauna-repair-replace-short-term-rental/,True,,2,0,0,2,0,True,True,False,False,,Unreviewed; count alone does not establish content quality,,,,Page-level GSC metrics were not supplied; no indexing inference
https://www.bnbaccelerator.com/blog/sauna-roi-short-term-rental/,Does an Airbnb Sauna Increase Revenue? | STR Owner Guide,https://www.bnbaccelerator.com/blog/sauna-roi-short-term-rental/,True,,2,0,0,2,0,True,True,False,False,,Unreviewed; count alone does not establish content quality,,,,Page-level GSC metrics were not supplied; no indexing inference
https://www.bnbaccelerator.com/blog/scottsdale-event-compression/,Scottsdale Event Compression & STR Pricing (2026),https://www.bnbaccelerator.com/blog/scottsdale-event-compression/,True,,5,0,3,2,0,True,True,False,False,,Unreviewed; count alone does not establish content quality,,,,Page-level GSC metrics were not supplied; no indexing inference
https://www.bnbaccelerator.com/blog/seawall-bulkhead-inspection-before-buying-str/,Seawall Inspection Before Buying a Waterfront STR | BNB Accelerator,https://www.bnbaccelerator.com/blog/seawall-bulkhead-inspection-before-buying-str/,True,,2,0,0,2,0,True,True,False,False,,Unreviewed; count alone does not establish content quality,,,,Page-level GSC metrics were not supplied; no indexing inference
https://www.bnbaccelerator.com/blog/second-home-that-pays-for-itself/,Vacation Home as a Short-Term Rental (2026),https://www.bnbaccelerator.com/blog/second-home-that-pays-for-itself/,True,,3,0,1,2,0,True,True,False,False,,Unreviewed; count alone does not establish content quality,,,,Page-level GSC metrics were not supplied; no indexing inference
https://www.bnbaccelerator.com/blog/securities-backed-str-down-payment/,Securities-Backed STR Down Payment | BNB Accelerator,https://www.bnbaccelerator.com/blog/securities-backed-str-down-payment/,True,,2,0,0,2,0,True,True,False,False,,Unreviewed; count alone does not establish content quality,,,,Page-level GSC metrics were not supplied; no indexing inference
https://www.bnbaccelerator.com/blog/security-cameras-budget-short-term-rental/,How to Budget for Exterior Security Cameras | STR Owner Guide,https://www.bnbaccelerator.com/blog/security-cameras-budget-short-term-rental/,True,,2,0,0,2,0,True,True,False,False,,Unreviewed; count alone does not establish content quality,,,,Page-level GSC metrics were not supplied; no indexing inference
https://www.bnbaccelerator.com/blog/security-cameras-buying-short-term-rental/,Buying a Property With Exterior Security Cameras | STR Owner Guide,https://www.bnbaccelerator.com/blog/security-cameras-buying-short-term-rental/,True,,2,0,0,2,0,True,True,False,False,,Unreviewed; count alone does not establish content quality,,,,Page-level GSC metrics were not supplied; no indexing inference
https://www.bnbaccelerator.com/blog/security-cameras-design-short-term-rental/,Designing an Airbnb Around Exterior Security Cameras | STR Owner Guide,https://www.bnbaccelerator.com/blog/security-cameras-design-short-term-rental/,True,,2,0,0,2,0,True,True,False,False,,Unreviewed; count alone does not establish content quality,,,,Page-level GSC metrics were not supplied; no indexing inference
https://www.bnbaccelerator.com/blog/security-cameras-inspection-short-term-rental/,STR Inspection Checklist for Exterior Security Cameras | STR Owner Guide,https://www.bnbaccelerator.com/blog/security-cameras-inspection-short-term-rental/,True,,2,0,0,2,0,True,True,False,False,,Unreviewed; count alone does not establish content quality,,,,Page-level GSC metrics were not supplied; no indexing inference
https://www.bnbaccelerator.com/blog/security-cameras-insurance-short-term-rental/,Insurance and Liability Review for Exterior Security Cameras | STR Owner Guide,https://www.bnbaccelerator.com/blog/security-cameras-insurance-short-term-rental/,True,,2,0,0,2,0,True,True,False,False,,Unreviewed; count alone does not establish content quality,,,,Page-level GSC metrics were not supplied; no indexing inference
https://www.bnbaccelerator.com/blog/security-cameras-maintenance-short-term-rental/,Preventive Maintenance Plan for Exterior Security Cameras | STR Owner Guide,https://www.bnbaccelerator.com/blog/security-cameras-maintenance-short-term-rental/,True,,2,0,0,2,0,True,True,False,False,,Unreviewed; count alone does not establish content quality,,,,Page-level GSC metrics were not supplied; no indexing inference
https://www.bnbaccelerator.com/blog/security-cameras-operations-short-term-rental/,Airbnb Operating SOP for Exterior Security Cameras | STR Owner Guide,https://www.bnbaccelerator.com/blog/security-cameras-operations-short-term-rental/,True,,2,0,0,2,0,True,True,False,False,,Unreviewed; count alone does not establish content quality,,,,Page-level GSC metrics were not supplied; no indexing inference
https://www.bnbaccelerator.com/blog/security-cameras-repair-replace-short-term-rental/,When to Repair or Replace an Airbnb Exterior Security Cameras | STR Owner Guide,https://www.bnbaccelerator.com/blog/security-cameras-repair-replace-short-term-rental/,True,,2,0,0,2,0,True,True,False,False,,Unreviewed; count alone does not establish content quality,,,,Page-level GSC metrics were not supplied; no indexing inference
https://www.bnbaccelerator.com/blog/security-cameras-roi-short-term-rental/,Does an Airbnb Exterior Security Cameras Increase Revenue? | STR Owner Guide,https://www.bnbaccelerator.com/blog/security-cameras-roi-short-term-rental/,True,,2,0,0,2,0,True,True,False,False,,Unreviewed; count alone does not establish content quality,,,,Page-level GSC metrics were not supplied; no indexing inference
https://www.bnbaccelerator.com/blog/sedona-arizona-str-market/,Sedona AZ Short-Term Rental Market (2026),https://www.bnbaccelerator.com/blog/sedona-arizona-str-market/,True,,5,0,3,2,0,True,True,False,False,,Unreviewed; count alone does not establish content quality,1,2,5,"Supplied page-dimension GSC export: Sep 6–Oct 3; daily coverage Sep 18 onward; sparse signal, not indexing or authority proof"
https://www.bnbaccelerator.com/blog/sell-str-with-furniture/,Should You Sell an STR Furnished or Empty | BNB Accelerator,https://www.bnbaccelerator.com/blog/sell-str-with-furniture/,True,,2,0,0,2,0,True,True,False,False,,Unreviewed; count alone does not establish content quality,,,,Page-level GSC metrics were not supplied; no indexing inference
https://www.bnbaccelerator.com/blog/seller-airbnb-photos-purchase-rights/,Can STR Buyers Use Seller Airbnb Photos? | BNB Accelerator,https://www.bnbaccelerator.com/blog/seller-airbnb-photos-purchase-rights/,True,,3,0,1,2,0,True,True,False,False,,Unreviewed; count alone does not establish content quality,,,,Page-level GSC metrics were not supplied; no indexing inference
https://www.bnbaccelerator.com/blog/seller-finance-str-sale/,Should an STR Seller Offer Financing to the Buyer | BNB Accelerator,https://www.bnbaccelerator.com/blog/seller-finance-str-sale/,True,,2,0,0,2,0,True,True,False,False,,Unreviewed; count alone does not establish content quality,,,,Page-level GSC metrics were not supplied; no indexing inference
https://www.bnbaccelerator.com/blog/seller-new-str-bookings-during-escrow/,New STR Bookings During Escrow | BNB Accelerator,https://www.bnbaccelerator.com/blog/seller-new-str-bookings-during-escrow/,True,,2,0,0,2,0,True,True,False,False,,Unreviewed; count alone does not establish content quality,,,,Page-level GSC metrics were not supplied; no indexing inference
https://www.bnbaccelerator.com/blog/septic-pumping-occupancy-cost/,How Should Septic Capacity and Pumping Affect STR Economics | BNB Accelerator,https://www.bnbaccelerator.com/blog/septic-pumping-occupancy-cost/,True,,2,0,0,2,0,True,True,False,False,,Unreviewed; count alone does not establish content quality,,,,Page-level GSC metrics were not supplied; no indexing inference
https://www.bnbaccelerator.com/blog/septic-system-budget-short-term-rental/,How to Budget for Septic System | STR Owner Guide,https://www.bnbaccelerator.com/blog/septic-system-budget-short-term-rental/,True,,2,0,0,2,0,True,True,False,False,,Unreviewed; count alone does not establish content quality,,,,Page-level GSC metrics were not supplied; no indexing inference
https://www.bnbaccelerator.com/blog/septic-system-buying-short-term-rental/,Buying a Property With Septic System | STR Owner Guide,https://www.bnbaccelerator.com/blog/septic-system-buying-short-term-rental/,True,,2,0,0,2,0,True,True,False,False,,Unreviewed; count alone does not establish content quality,,,,Page-level GSC metrics were not supplied; no indexing inference
https://www.bnbaccelerator.com/blog/septic-system-design-short-term-rental/,Designing an Airbnb Around Septic System | STR Owner Guide,https://www.bnbaccelerator.com/blog/septic-system-design-short-term-rental/,True,,2,0,0,2,0,True,True,False,False,,Unreviewed; count alone does not establish content quality,,,,Page-level GSC metrics were not supplied; no indexing inference
https://www.bnbaccelerator.com/blog/septic-system-insurance-short-term-rental/,Insurance and Liability Review for Septic System | STR Owner Guide,https://www.bnbaccelerator.com/blog/septic-system-insurance-short-term-rental/,True,,2,0,0,2,0,True,True,False,False,,Unreviewed; count alone does not establish content quality,,,,Page-level GSC metrics were not supplied; no indexing inference
https://www.bnbaccelerator.com/blog/septic-system-maintenance-short-term-rental/,Preventive Maintenance Plan for Septic System | STR Owner Guide,https://www.bnbaccelerator.com/blog/septic-system-maintenance-short-term-rental/,True,,2,0,0,2,0,True,True,False,False,,Unreviewed; count alone does not establish content quality,,,,Page-level GSC metrics were not supplied; no indexing inference
https://www.bnbaccelerator.com/blog/septic-system-operations-short-term-rental/,Airbnb Operating SOP for Septic System | STR Owner Guide,https://www.bnbaccelerator.com/blog/septic-system-operations-short-term-rental/,True,,2,0,0,2,0,True,True,False,False,,Unreviewed; count alone does not establish content quality,,,,Page-level GSC metrics were not supplied; no indexing inference
https://www.bnbaccelerator.com/blog/septic-system-repair-replace-short-term-rental/,When to Repair or Replace an Airbnb Septic System | STR Owner Guide,https://www.bnbaccelerator.com/blog/septic-system-repair-replace-short-term-rental/,True,,2,0,0,2,0,True,True,False,False,,Unreviewed; count alone does not establish content quality,,,,Page-level GSC metrics were not supplied; no indexing inference
https://www.bnbaccelerator.com/blog/septic-system-roi-short-term-rental/,Does an Airbnb Septic System Increase Revenue? | STR Owner Guide,https://www.bnbaccelerator.com/blog/septic-system-roi-short-term-rental/,True,,2,0,0,2,0,True,True,False,False,,Unreviewed; count alone does not establish content quality,,,,Page-level GSC metrics were not supplied; no indexing inference
https://www.bnbaccelerator.com/blog/setting-expectations-in-the-listing/,Airbnb Listing Accuracy & Expectations (2026),https://www.bnbaccelerator.com/blog/setting-expectations-in-the-listing/,True,,4,0,2,2,0,True,True,False,False,,Unreviewed; count alone does not establish content quality,,,,Page-level GSC metrics were not supplied; no indexing inference
https://www.bnbaccelerator.com/blog/shared-well-agreement-before-buying-str/,Shared-Well Agreement Before Buying an STR | BNB Accelerator,https://www.bnbaccelerator.com/blog/shared-well-agreement-before-buying-str/,True,,2,0,0,2,0,True,True,False,False,,Unreviewed; count alone does not establish content quality,,,,Page-level GSC metrics were not supplied; no indexing inference
https://www.bnbaccelerator.com/blog/short-term-rental-investing-2026/,Short Term Rental Investing 2026: Complete Guide,https://www.bnbaccelerator.com/blog/short-term-rental-investing-2026/,True,,14,0,12,2,0,True,True,False,False,,Unreviewed; count alone does not establish content quality,0,10,4.9,"Supplied page-dimension GSC export: Sep 6–Oct 3; daily coverage Sep 18 onward; sparse signal, not indexing or authority proof"
https://www.bnbaccelerator.com/blog/shoulder-season-str-strategy/,How Should an STR Change for Shoulder Season | BNB Accelerator,https://www.bnbaccelerator.com/blog/shoulder-season-str-strategy/,True,,2,0,0,2,0,True,True,False,False,,Unreviewed; count alone does not establish content quality,,,,Page-level GSC metrics were not supplied; no indexing inference
https://www.bnbaccelerator.com/blog/single-metro-drive-market-risk/,Single Metro Drive Market Risk in STR (2026),https://www.bnbaccelerator.com/blog/single-metro-drive-market-risk/,True,,6,0,4,2,0,True,True,False,False,,Unreviewed; count alone does not establish content quality,,,,Page-level GSC metrics were not supplied; no indexing inference
https://www.bnbaccelerator.com/blog/smart-lock-budget-short-term-rental/,How to Budget for Smart Lock | STR Owner Guide,https://www.bnbaccelerator.com/blog/smart-lock-budget-short-term-rental/,True,,2,0,0,2,0,True,True,False,False,,Unreviewed; count alone does not establish content quality,,,,Page-level GSC metrics were not supplied; no indexing inference
https://www.bnbaccelerator.com/blog/smart-lock-buying-short-term-rental/,Buying a Property With Smart Lock | STR Owner Guide,https://www.bnbaccelerator.com/blog/smart-lock-buying-short-term-rental/,True,,2,0,0,2,0,True,True,False,False,,Unreviewed; count alone does not establish content quality,,,,Page-level GSC metrics were not supplied; no indexing inference
https://www.bnbaccelerator.com/blog/smart-lock-design-short-term-rental/,Designing an Airbnb Around Smart Lock | STR Owner Guide,https://www.bnbaccelerator.com/blog/smart-lock-design-short-term-rental/,True,,2,0,0,2,0,True,True,False,False,,Unreviewed; count alone does not establish content quality,,,,Page-level GSC metrics were not supplied; no indexing inference
https://www.bnbaccelerator.com/blog/smart-lock-inspection-short-term-rental/,STR Inspection Checklist for Smart Lock | STR Owner Guide,https://www.bnbaccelerator.com/blog/smart-lock-inspection-short-term-rental/,True,,2,0,0,2,0,True,True,False,False,,Unreviewed; count alone does not establish content quality,,,,Page-level GSC metrics were not supplied; no indexing inference
https://www.bnbaccelerator.com/blog/smart-lock-insurance-short-term-rental/,Insurance and Liability Review for Smart Lock | STR Owner Guide,https://www.bnbaccelerator.com/blog/smart-lock-insurance-short-term-rental/,True,,2,0,0,2,0,True,True,False,False,,Unreviewed; count alone does not establish content quality,,,,Page-level GSC metrics were not supplied; no indexing inference
https://www.bnbaccelerator.com/blog/smart-lock-maintenance-short-term-rental/,Preventive Maintenance Plan for Smart Lock | STR Owner Guide,https://www.bnbaccelerator.com/blog/smart-lock-maintenance-short-term-rental/,True,,2,0,0,2,0,True,True,False,False,,Unreviewed; count alone does not establish content quality,,,,Page-level GSC metrics were not supplied; no indexing inference
https://www.bnbaccelerator.com/blog/smart-lock-operations-short-term-rental/,Airbnb Operating SOP for Smart Lock | STR Owner Guide,https://www.bnbaccelerator.com/blog/smart-lock-operations-short-term-rental/,True,,2,0,0,2,0,True,True,False,False,,Unreviewed; count alone does not establish content quality,,,,Page-level GSC metrics were not supplied; no indexing inference
https://www.bnbaccelerator.com/blog/smart-lock-repair-replace-short-term-rental/,When to Repair or Replace an Airbnb Smart Lock | STR Owner Guide,https://www.bnbaccelerator.com/blog/smart-lock-repair-replace-short-term-rental/,True,,2,0,0,2,0,True,True,False,False,,Unreviewed; count alone does not establish content quality,,,,Page-level GSC metrics were not supplied; no indexing inference
https://www.bnbaccelerator.com/blog/smart-lock-roi-short-term-rental/,Does an Airbnb Smart Lock Increase Revenue? | STR Owner Guide,https://www.bnbaccelerator.com/blog/smart-lock-roi-short-term-rental/,True,,2,0,0,2,0,True,True,False,False,,Unreviewed; count alone does not establish content quality,,,,Page-level GSC metrics were not supplied; no indexing inference
https://www.bnbaccelerator.com/blog/smoky-mountains-submarket-differences/,"Smokies Submarkets Compared: Sevierville, Pigeon Forge, Gatlinburg",https://www.bnbaccelerator.com/blog/smoky-mountains-submarket-differences/,True,,13,0,11,2,0,True,True,False,False,,Unreviewed; count alone does not establish content quality,,,,Page-level GSC metrics were not supplied; no indexing inference
https://www.bnbaccelerator.com/blog/solar-budget-short-term-rental/,How to Budget for Solar Array | STR Owner Guide,https://www.bnbaccelerator.com/blog/solar-budget-short-term-rental/,True,,2,0,0,2,0,True,True,False,False,,Unreviewed; count alone does not establish content quality,,,,Page-level GSC metrics were not supplied; no indexing inference
https://www.bnbaccelerator.com/blog/solar-design-short-term-rental/,Designing an Airbnb Around Solar Array | STR Owner Guide,https://www.bnbaccelerator.com/blog/solar-design-short-term-rental/,True,,2,0,0,2,0,True,True,False,False,,Unreviewed; count alone does not establish content quality,,,,Page-level GSC metrics were not supplied; no indexing inference
https://www.bnbaccelerator.com/blog/solar-inspection-short-term-rental/,STR Inspection Checklist for Solar Array | STR Owner Guide,https://www.bnbaccelerator.com/blog/solar-inspection-short-term-rental/,True,,2,0,0,2,0,True,True,False,False,,Unreviewed; count alone does not establish content quality,,,,Page-level GSC metrics were not supplied; no indexing inference
https://www.bnbaccelerator.com/blog/solar-insurance-short-term-rental/,Insurance and Liability Review for Solar Array | STR Owner Guide,https://www.bnbaccelerator.com/blog/solar-insurance-short-term-rental/,True,,2,0,0,2,0,True,True,False,False,,Unreviewed; count alone does not establish content quality,,,,Page-level GSC metrics were not supplied; no indexing inference
https://www.bnbaccelerator.com/blog/solar-lease-ppa-transfer-before-buying-str/,Solar Lease or PPA Transfer Before Buying an STR | BNB Accelerator,https://www.bnbaccelerator.com/blog/solar-lease-ppa-transfer-before-buying-str/,True,,2,0,0,2,0,True,True,False,False,,Unreviewed; count alone does not establish content quality,,,,Page-level GSC metrics were not supplied; no indexing inference
https://www.bnbaccelerator.com/blog/solar-maintenance-short-term-rental/,Preventive Maintenance Plan for Solar Array | STR Owner Guide,https://www.bnbaccelerator.com/blog/solar-maintenance-short-term-rental/,True,,2,0,0,2,0,True,True,False,False,,Unreviewed; count alone does not establish content quality,,,,Page-level GSC metrics were not supplied; no indexing inference
https://www.bnbaccelerator.com/blog/solar-operations-short-term-rental/,Airbnb Operating SOP for Solar Array | STR Owner Guide,https://www.bnbaccelerator.com/blog/solar-operations-short-term-rental/,True,,2,0,0,2,0,True,True,False,False,,Unreviewed; count alone does not establish content quality,,,,Page-level GSC metrics were not supplied; no indexing inference
https://www.bnbaccelerator.com/blog/solar-repair-replace-short-term-rental/,When to Repair or Replace an Airbnb Solar Array | STR Owner Guide,https://www.bnbaccelerator.com/blog/solar-repair-replace-short-term-rental/,True,,2,0,0,2,0,True,True,False,False,,Unreviewed; count alone does not establish content quality,,,,Page-level GSC metrics were not supplied; no indexing inference
https://www.bnbaccelerator.com/blog/solar-roi-short-term-rental/,Does an Airbnb Solar Array Increase Revenue? | STR Owner Guide,https://www.bnbaccelerator.com/blog/solar-roi-short-term-rental/,True,,2,0,0,2,0,True,True,False,False,,Unreviewed; count alone does not establish content quality,,,,Page-level GSC metrics were not supplied; no indexing inference
https://www.bnbaccelerator.com/blog/state-tax-conformity-str/,State Tax Conformity and Bonus Depreciation for STRs,https://www.bnbaccelerator.com/blog/state-tax-conformity-str/,True,,6,0,4,2,0,True,True,False,False,,Unreviewed; count alone does not establish content quality,,,,Page-level GSC metrics were not supplied; no indexing inference
https://www.bnbaccelerator.com/blog/str-1099-payout-reconciliation/,How Do You Reconcile STR 1099 Amounts to Platform Payouts | BNB Accelerator,https://www.bnbaccelerator.com/blog/str-1099-payout-reconciliation/,True,,2,0,0,2,0,True,True,False,False,,Unreviewed; count alone does not establish content quality,,,,Page-level GSC metrics were not supplied; no indexing inference
https://www.bnbaccelerator.com/blog/str-appraisal-income-approach/,Will an Appraiser Give Value to Short-Term-Rental Income | BNB Accelerator,https://www.bnbaccelerator.com/blog/str-appraisal-income-approach/,True,,2,0,0,2,0,True,True,False,False,,Unreviewed; count alone does not establish content quality,,,,Page-level GSC metrics were not supplied; no indexing inference
https://www.bnbaccelerator.com/blog/str-booking-window-season/,How Should Booking Window Change STR Pricing by Season | BNB Accelerator,https://www.bnbaccelerator.com/blog/str-booking-window-season/,True,,2,0,0,2,0,True,True,False,False,,Unreviewed; count alone does not establish content quality,,,,Page-level GSC metrics were not supplied; no indexing inference
https://www.bnbaccelerator.com/blog/str-complaint-permit-revocation/,Can Neighbor Complaints Put an STR Permit at Risk | BNB Accelerator,https://www.bnbaccelerator.com/blog/str-complaint-permit-revocation/,True,,2,0,0,2,0,True,True,False,False,,Unreviewed; count alone does not establish content quality,,,,Page-level GSC metrics were not supplied; no indexing inference
https://www.bnbaccelerator.com/blog/str-condo-master-policy-insurance-gap/,Does a Condo Master Policy Cover an STR? | BNB Accelerator,https://www.bnbaccelerator.com/blog/str-condo-master-policy-insurance-gap/,True,,2,0,0,2,0,True,True,False,False,,Unreviewed; count alone does not establish content quality,,,,Page-level GSC metrics were not supplied; no indexing inference
https://www.bnbaccelerator.com/blog/str-consumables-cost-per-stay/,How Should STR Consumables Be Modeled per Stay | BNB Accelerator,https://www.bnbaccelerator.com/blog/str-consumables-cost-per-stay/,True,,2,0,0,2,0,True,True,False,False,,Unreviewed; count alone does not establish content quality,,,,Page-level GSC metrics were not supplied; no indexing inference
https://www.bnbaccelerator.com/blog/str-density-cap-waitlist/,How Should an STR Permit Cap or Waitlist Affect an Offer | BNB Accelerator,https://www.bnbaccelerator.com/blog/str-density-cap-waitlist/,True,,2,0,0,2,0,True,True,False,False,,Unreviewed; count alone does not establish content quality,,,,Page-level GSC metrics were not supplied; no indexing inference
https://www.bnbaccelerator.com/blog/str-due-diligence-checklist/,Short-Term Rental Due Diligence Checklist,https://www.bnbaccelerator.com/blog/str-due-diligence-checklist/,True,,261,0,259,2,0,True,True,False,False,,Unreviewed; count alone does not establish content quality,,,,Page-level GSC metrics were not supplied; no indexing inference
https://www.bnbaccelerator.com/blog/str-entity-books-owner-expenses/,How Should an STR Entity Record Owner-Paid Expenses | BNB Accelerator,https://www.bnbaccelerator.com/blog/str-entity-books-owner-expenses/,True,,2,0,0,2,0,True,True,False,False,,Unreviewed; count alone does not establish content quality,,,,Page-level GSC metrics were not supplied; no indexing inference
https://www.bnbaccelerator.com/blog/str-entity-structure-basics/,LLC & Entity Structure for STRs (2026),https://www.bnbaccelerator.com/blog/str-entity-structure-basics/,True,,3,0,1,2,0,True,True,False,False,,Unreviewed; count alone does not establish content quality,,,,Page-level GSC metrics were not supplied; no indexing inference
https://www.bnbaccelerator.com/blog/str-furniture-bill-of-sale/,What Belongs in an STR Furniture Bill of Sale | BNB Accelerator,https://www.bnbaccelerator.com/blog/str-furniture-bill-of-sale/,True,,2,0,0,2,0,True,True,False,False,,Unreviewed; count alone does not establish content quality,,,,Page-level GSC metrics were not supplied; no indexing inference
https://www.bnbaccelerator.com/blog/str-insurance-quote-before-purchase-offer/,STR Insurance Quote Before an Offer | BNB Accelerator,https://www.bnbaccelerator.com/blog/str-insurance-quote-before-purchase-offer/,True,,2,0,0,2,0,True,True,False,False,,Unreviewed; count alone does not establish content quality,,,,Page-level GSC metrics were not supplied; no indexing inference
https://www.bnbaccelerator.com/blog/str-investing-for-attorneys/,Short-Term Rental Investing for Attorneys,https://www.bnbaccelerator.com/blog/str-investing-for-attorneys/,True,,3,0,1,2,0,True,True,False,False,,Unreviewed; count alone does not establish content quality,,,,Page-level GSC metrics were not supplied; no indexing inference
https://www.bnbaccelerator.com/blog/str-investing-for-business-owners/,Short-Term Rentals for Business Owners,https://www.bnbaccelerator.com/blog/str-investing-for-business-owners/,True,,3,0,1,2,0,True,True,False,False,,Unreviewed; count alone does not establish content quality,,,,Page-level GSC metrics were not supplied; no indexing inference
https://www.bnbaccelerator.com/blog/str-investing-for-executives/,Short-Term Rental Investing for Executives,https://www.bnbaccelerator.com/blog/str-investing-for-executives/,True,,3,0,1,2,0,True,True,False,False,,Unreviewed; count alone does not establish content quality,,,,Page-level GSC metrics were not supplied; no indexing inference
https://www.bnbaccelerator.com/blog/str-investing-for-physicians/,Short-Term Rental Investing for Physicians,https://www.bnbaccelerator.com/blog/str-investing-for-physicians/,True,,4,0,2,2,0,True,True,False,False,,Unreviewed; count alone does not establish content quality,,,,Page-level GSC metrics were not supplied; no indexing inference
https://www.bnbaccelerator.com/blog/str-investing-for-practice-owners/,Short-Term Rental Investing for Practice Owners,https://www.bnbaccelerator.com/blog/str-investing-for-practice-owners/,True,,3,0,1,2,0,True,True,False,False,,Unreviewed; count alone does not establish content quality,,,,Page-level GSC metrics were not supplied; no indexing inference
https://www.bnbaccelerator.com/blog/str-investing-glossary/,Short-Term Rental Investing Glossary,https://www.bnbaccelerator.com/blog/str-investing-glossary/,True,,5,0,3,2,0,True,True,False,False,,Unreviewed; count alone does not establish content quality,,,,Page-level GSC metrics were not supplied; no indexing inference
https://www.bnbaccelerator.com/blog/str-license-renewal-calendar/,How Do You Audit an STR License Renewal Calendar Before Buying | BNB Accelerator,https://www.bnbaccelerator.com/blog/str-license-renewal-calendar/,True,,2,0,0,2,0,True,True,False,False,,Unreviewed; count alone does not establish content quality,,,,Page-level GSC metrics were not supplied; no indexing inference
https://www.bnbaccelerator.com/blog/str-long-hold-basis-planning/,Long Hold Strategy and Basis Planning for STR Owners,https://www.bnbaccelerator.com/blog/str-long-hold-basis-planning/,True,,3,0,1,2,0,True,True,False,False,,Unreviewed; count alone does not establish content quality,,,,Page-level GSC metrics were not supplied; no indexing inference
https://www.bnbaccelerator.com/blog/str-long-term-rental-fallback/,How Do You Underwrite a Long-Term-Rental Fallback for an STR | BNB Accelerator,https://www.bnbaccelerator.com/blog/str-long-term-rental-fallback/,True,,2,0,0,2,0,True,True,False,False,,Unreviewed; count alone does not establish content quality,,,,Page-level GSC metrics were not supplied; no indexing inference
https://www.bnbaccelerator.com/blog/str-maintenance-response-sla/,What Response Times Belong in an STR Maintenance SLA | BNB Accelerator,https://www.bnbaccelerator.com/blog/str-maintenance-response-sla/,True,,2,0,0,2,0,True,True,False,False,,Unreviewed; count alone does not establish content quality,,,,Page-level GSC metrics were not supplied; no indexing inference
https://www.bnbaccelerator.com/blog/str-markets-under-500k-purchase-budget/,STR Markets Under $500K: Buyer Budget Test | BNB Accelerator,https://www.bnbaccelerator.com/blog/str-markets-under-500k-purchase-budget/,True,,2,0,0,2,0,True,True,False,False,,Unreviewed; count alone does not establish content quality,,,,Page-level GSC metrics were not supplied; no indexing inference
https://www.bnbaccelerator.com/blog/str-mixed-use-expense-allocation/,How Should Mixed Personal and Rental STR Expenses Be Allocated | BNB Accelerator,https://www.bnbaccelerator.com/blog/str-mixed-use-expense-allocation/,True,,2,0,0,2,0,True,True,False,False,,Unreviewed; count alone does not establish content quality,,,,Page-level GSC metrics were not supplied; no indexing inference
https://www.bnbaccelerator.com/blog/str-partnership-structure/,Buying a Short-Term Rental With a Partner,https://www.bnbaccelerator.com/blog/str-partnership-structure/,True,,4,0,2,2,0,True,True,False,False,,Unreviewed; count alone does not establish content quality,,,,Page-level GSC metrics were not supplied; no indexing inference
https://www.bnbaccelerator.com/blog/str-permit-value-sale/,How Much Value Does a Transferable STR Permit Add | BNB Accelerator,https://www.bnbaccelerator.com/blog/str-permit-value-sale/,True,,2,0,0,2,0,True,True,False,False,,Unreviewed; count alone does not establish content quality,,,,Page-level GSC metrics were not supplied; no indexing inference
https://www.bnbaccelerator.com/blog/str-personal-use-calendar/,How Should STR Personal-Use Days Be Tracked During the Year | BNB Accelerator,https://www.bnbaccelerator.com/blog/str-personal-use-calendar/,True,,2,0,0,2,0,True,True,False,False,,Unreviewed; count alone does not establish content quality,,,,Page-level GSC metrics were not supplied; no indexing inference
https://www.bnbaccelerator.com/blog/str-pest-control-response/,What Should an STR Pest-Control Plan Include | BNB Accelerator,https://www.bnbaccelerator.com/blog/str-pest-control-response/,True,,2,0,0,2,0,True,True,False,False,,Unreviewed; count alone does not establish content quality,,,,Page-level GSC metrics were not supplied; no indexing inference
https://www.bnbaccelerator.com/blog/str-placed-in-service-date/,When Is an STR Placed in Service for Tax Purposes | BNB Accelerator,https://www.bnbaccelerator.com/blog/str-placed-in-service-date/,True,,2,0,0,2,0,True,True,False,False,,Unreviewed; count alone does not establish content quality,,,,Page-level GSC metrics were not supplied; no indexing inference
https://www.bnbaccelerator.com/blog/str-portfolio-concentration-sale/,When Should You Sell One STR to Reduce Portfolio Concentration | BNB Accelerator,https://www.bnbaccelerator.com/blog/str-portfolio-concentration-sale/,True,,2,0,0,2,0,True,True,False,False,,Unreviewed; count alone does not establish content quality,,,,Page-level GSC metrics were not supplied; no indexing inference
https://www.bnbaccelerator.com/blog/str-refunds-chargebacks-underwriting/,How Should Refunds and Chargebacks Change STR Underwriting | BNB Accelerator,https://www.bnbaccelerator.com/blog/str-refunds-chargebacks-underwriting/,True,,2,0,0,2,0,True,True,False,False,,Unreviewed; count alone does not establish content quality,,,,Page-level GSC metrics were not supplied; no indexing inference
https://www.bnbaccelerator.com/blog/str-repair-vs-improvement-records/,What Records Help a CPA Separate STR Repairs From Improvements | BNB Accelerator,https://www.bnbaccelerator.com/blog/str-repair-vs-improvement-records/,True,,2,0,0,2,0,True,True,False,False,,Unreviewed; count alone does not establish content quality,,,,Page-level GSC metrics were not supplied; no indexing inference
https://www.bnbaccelerator.com/blog/str-revenue-guarantee-offers/,Guaranteed Rent and Master Lease Offers for STRs | BNB Accelerator,https://www.bnbaccelerator.com/blog/str-revenue-guarantee-offers/,True,,2,0,0,2,0,True,True,False,False,,Unreviewed; count alone does not establish content quality,,,,Page-level GSC metrics were not supplied; no indexing inference
https://www.bnbaccelerator.com/blog/str-sale-data-room/,What Belongs in an STR Sale Data Room | BNB Accelerator,https://www.bnbaccelerator.com/blog/str-sale-data-room/,True,,3,0,1,2,0,True,True,False,False,,Unreviewed; count alone does not establish content quality,,,,Page-level GSC metrics were not supplied; no indexing inference
https://www.bnbaccelerator.com/blog/str-seller-credit-vs-price-reduction/,STR Seller Credit vs Price Reduction | BNB Accelerator,https://www.bnbaccelerator.com/blog/str-seller-credit-vs-price-reduction/,True,,3,0,1,2,0,True,True,False,False,,Unreviewed; count alone does not establish content quality,,,,Page-level GSC metrics were not supplied; no indexing inference
https://www.bnbaccelerator.com/blog/str-seller-rent-back-after-closing/,STR Seller Rent-Back After Closing | BNB Accelerator,https://www.bnbaccelerator.com/blog/str-seller-rent-back-after-closing/,True,,2,0,0,2,0,True,True,False,False,,Unreviewed; count alone does not establish content quality,,,,Page-level GSC metrics were not supplied; no indexing inference
https://www.bnbaccelerator.com/blog/str-seller-wont-share-revenue-records/,STR Seller Won't Share Revenue Records | BNB Accelerator,https://www.bnbaccelerator.com/blog/str-seller-wont-share-revenue-records/,True,,2,0,0,2,0,True,True,False,False,,Unreviewed; count alone does not establish content quality,,,,Page-level GSC metrics were not supplied; no indexing inference
https://www.bnbaccelerator.com/blog/str-tax-strategy-order-of-operations/,STR Tax Strategy: The Correct Order of Operations (2026),https://www.bnbaccelerator.com/blog/str-tax-strategy-order-of-operations/,True,,6,0,4,2,0,True,True,False,False,,Unreviewed; count alone does not establish content quality,,,,Page-level GSC metrics were not supplied; no indexing inference
https://www.bnbaccelerator.com/blog/str-trash-day-operations/,Who Should Move STR Trash Cans and Verify Pickup | BNB Accelerator,https://www.bnbaccelerator.com/blog/str-trash-day-operations/,True,,2,0,0,2,0,True,True,False,False,,Unreviewed; count alone does not establish content quality,,,,Page-level GSC metrics were not supplied; no indexing inference
https://www.bnbaccelerator.com/blog/str-utilities-and-connectivity/,Utilities and Internet Setup for a Short-Term Rental (2026),https://www.bnbaccelerator.com/blog/str-utilities-and-connectivity/,True,,6,0,4,2,0,True,True,False,False,,Unreviewed; count alone does not establish content quality,,,,Page-level GSC metrics were not supplied; no indexing inference
https://www.bnbaccelerator.com/blog/str-vs-real-estate-syndications/,Short-Term Rentals vs Real Estate Syndications (2026),https://www.bnbaccelerator.com/blog/str-vs-real-estate-syndications/,True,,3,0,1,2,0,True,True,False,False,,Unreviewed; count alone does not establish content quality,,,,Page-level GSC metrics were not supplied; no indexing inference
https://www.bnbaccelerator.com/blog/str-year-end-document-package/,What Should Be in an STR Year-End Package for the CPA | BNB Accelerator,https://www.bnbaccelerator.com/blog/str-year-end-document-package/,True,,2,0,0,2,0,True,True,False,False,,Unreviewed; count alone does not establish content quality,,,,Page-level GSC metrics were not supplied; no indexing inference
https://www.bnbaccelerator.com/blog/structural-engineer-foundation-cracks-before-buying-str/,Foundation Cracks: When an STR Buyer Needs an Engineer,https://www.bnbaccelerator.com/blog/structural-engineer-foundation-cracks-before-buying-str/,True,,3,0,1,2,0,True,True,False,False,,Unreviewed; count alone does not establish content quality,,,,Page-level GSC metrics were not supplied; no indexing inference
https://www.bnbaccelerator.com/blog/surfside-beach-texas-str-market/,Surfside Beach TX STR Market Analysis (2026),https://www.bnbaccelerator.com/blog/surfside-beach-texas-str-market/,True,,3,0,1,2,0,True,True,False,False,,Unreviewed; count alone does not establish content quality,,,,Page-level GSC metrics were not supplied; no indexing inference
https://www.bnbaccelerator.com/blog/suspended-passive-losses/,Suspended Passive Losses and How They Release (2026),https://www.bnbaccelerator.com/blog/suspended-passive-losses/,True,,5,0,3,2,0,True,True,False,False,,Unreviewed; count alone does not establish content quality,,,,Page-level GSC metrics were not supplied; no indexing inference
https://www.bnbaccelerator.com/blog/switching-managers-without-losing-a-season/,How to Change STR Property Managers (2026),https://www.bnbaccelerator.com/blog/switching-managers-without-losing-a-season/,True,,3,0,1,2,0,True,True,False,False,,Unreviewed; count alone does not establish content quality,,,,Page-level GSC metrics were not supplied; no indexing inference
https://www.bnbaccelerator.com/blog/table-rock-lake-branson-west/,Table Rock Lake & Branson West STR Market (2026),https://www.bnbaccelerator.com/blog/table-rock-lake-branson-west/,True,,6,0,4,2,0,True,True,False,False,,Unreviewed; count alone does not establish content quality,,,,Page-level GSC metrics were not supplied; no indexing inference
https://www.bnbaccelerator.com/blog/tennessee-grandfathering-explained/,Tennessee STR Act & Grandfathering (2026),https://www.bnbaccelerator.com/blog/tennessee-grandfathering-explained/,True,,3,0,1,2,0,True,True,False,False,,Unreviewed; count alone does not establish content quality,,,,Page-level GSC metrics were not supplied; no indexing inference
https://www.bnbaccelerator.com/blog/the-cleaning-fee-problem/,Airbnb Cleaning Fee Strategy That Works (2026),https://www.bnbaccelerator.com/blog/the-cleaning-fee-problem/,True,,6,0,4,2,0,True,True,False,False,,Unreviewed; count alone does not establish content quality,,,,Page-level GSC metrics were not supplied; no indexing inference
https://www.bnbaccelerator.com/blog/the-first-30-days-checklist/,STR Launch Checklist: First 30 Days (2026),https://www.bnbaccelerator.com/blog/the-first-30-days-checklist/,True,,8,0,6,2,0,True,True,False,False,,Unreviewed; count alone does not establish content quality,,,,Page-level GSC metrics were not supplied; no indexing inference
https://www.bnbaccelerator.com/blog/the-four-regulatory-postures/,The 4 STR Regulatory Postures Explained (2026),https://www.bnbaccelerator.com/blog/the-four-regulatory-postures/,True,,5,0,3,2,0,True,True,False,False,,Unreviewed; count alone does not establish content quality,,,,Page-level GSC metrics were not supplied; no indexing inference
https://www.bnbaccelerator.com/blog/the-game-room-question/,STR Game Room ROI by Market (2026),https://www.bnbaccelerator.com/blog/the-game-room-question/,True,,3,0,1,2,0,True,True,False,False,,Unreviewed; count alone does not establish content quality,,,,Page-level GSC metrics were not supplied; no indexing inference
https://www.bnbaccelerator.com/blog/the-kitchen-that-groups-need/,Short-Term Rental Kitchen Setup Guide (2026),https://www.bnbaccelerator.com/blog/the-kitchen-that-groups-need/,True,,3,0,1,2,0,True,True,False,False,,Unreviewed; count alone does not establish content quality,,,,Page-level GSC metrics were not supplied; no indexing inference
https://www.bnbaccelerator.com/blog/the-local-guide-guests-actually-use/,Airbnb Local Guide That Guests Read (2026),https://www.bnbaccelerator.com/blog/the-local-guide-guests-actually-use/,True,,3,0,1,2,0,True,True,False,False,,Unreviewed; count alone does not establish content quality,,,,Page-level GSC metrics were not supplied; no indexing inference
https://www.bnbaccelerator.com/blog/the-order-you-should-make-decisions/,STR Investing: Decision Order That Works (2026),https://www.bnbaccelerator.com/blog/the-order-you-should-make-decisions/,True,,4,0,2,2,0,True,True,False,False,,Unreviewed; count alone does not establish content quality,,,,Page-level GSC metrics were not supplied; no indexing inference
https://www.bnbaccelerator.com/blog/the-questions-to-ask-before-you-hire-anyone/,Questions to Ask an STR Firm or Manager (2026),https://www.bnbaccelerator.com/blog/the-questions-to-ask-before-you-hire-anyone/,True,,4,0,2,2,0,True,True,False,False,,Unreviewed; count alone does not establish content quality,,,,Page-level GSC metrics were not supplied; no indexing inference
https://www.bnbaccelerator.com/blog/the-refund-loop-explained/,Using an STR Tax Refund to Buy the Next Property (2026),https://www.bnbaccelerator.com/blog/the-refund-loop-explained/,True,,5,0,3,2,0,True,True,False,False,,Unreviewed; count alone does not establish content quality,,,,Page-level GSC metrics were not supplied; no indexing inference
https://www.bnbaccelerator.com/blog/theming-without-overdoing-it/,Airbnb Theming Strategy That Works (2026),https://www.bnbaccelerator.com/blog/theming-without-overdoing-it/,True,,3,0,1,2,0,True,True,False,False,,Unreviewed; count alone does not establish content quality,,,,Page-level GSC metrics were not supplied; no indexing inference
https://www.bnbaccelerator.com/blog/trash-service-large-group-str/,What Does Trash Service Really Cost for a Large-Group STR | BNB Accelerator,https://www.bnbaccelerator.com/blog/trash-service-large-group-str/,True,,2,0,0,2,0,True,True,False,False,,Unreviewed; count alone does not establish content quality,,,,Page-level GSC metrics were not supplied; no indexing inference
https://www.bnbaccelerator.com/blog/tree-risk-assessment-before-buying-str/,Tree-Risk Assessment Before Buying an STR,https://www.bnbaccelerator.com/blog/tree-risk-assessment-before-buying-str/,True,,3,0,1,2,0,True,True,False,False,,Unreviewed; count alone does not establish content quality,,,,Page-level GSC metrics were not supplied; no indexing inference
https://www.bnbaccelerator.com/blog/unpaid-lodging-tax-before-buying-str/,Unpaid Lodging Tax in an STR Purchase | BNB Accelerator,https://www.bnbaccelerator.com/blog/unpaid-lodging-tax-before-buying-str/,True,,2,0,0,2,0,True,True,False,False,,Unreviewed; count alone does not establish content quality,,,,Page-level GSC metrics were not supplied; no indexing inference
https://www.bnbaccelerator.com/blog/vendor-smart-lock-access/,How Should Vendors Access an STR Without Sharing Master Codes | BNB Accelerator,https://www.bnbaccelerator.com/blog/vendor-smart-lock-access/,True,,2,0,0,2,0,True,True,False,False,,Unreviewed; count alone does not establish content quality,,,,Page-level GSC metrics were not supplied; no indexing inference
https://www.bnbaccelerator.com/blog/wdo-termite-inspection-before-buying-str/,WDO Termite Inspection Before Buying an STR,https://www.bnbaccelerator.com/blog/wdo-termite-inspection-before-buying-str/,True,,3,0,1,2,0,True,True,False,False,,Unreviewed; count alone does not establish content quality,,,,Page-level GSC metrics were not supplied; no indexing inference
https://www.bnbaccelerator.com/blog/weather-cancellation-pricing-str/,How Should Weather Risk Affect STR Pricing and Cancellation Rules | BNB Accelerator,https://www.bnbaccelerator.com/blog/weather-cancellation-pricing-str/,True,,2,0,0,2,0,True,True,False,False,,Unreviewed; count alone does not establish content quality,,,,Page-level GSC metrics were not supplied; no indexing inference
https://www.bnbaccelerator.com/blog/weekly-discount-str-math/,How Do You Calculate an STR Weekly Discount | BNB Accelerator,https://www.bnbaccelerator.com/blog/weekly-discount-str-math/,True,,2,0,0,2,0,True,True,False,False,,Unreviewed; count alone does not establish content quality,,,,Page-level GSC metrics were not supplied; no indexing inference
https://www.bnbaccelerator.com/blog/what-a-cpa-needs-from-you/,STR Tax Prep: What Your CPA Needs (2026),https://www.bnbaccelerator.com/blog/what-a-cpa-needs-from-you/,True,,3,0,1,2,0,True,True,False,False,,Unreviewed; count alone does not establish content quality,,,,Page-level GSC metrics were not supplied; no indexing inference
https://www.bnbaccelerator.com/blog/what-a-first-call-covers/,What Happens on a BNB Accelerator Call (2026),https://www.bnbaccelerator.com/blog/what-a-first-call-covers/,True,,3,0,1,2,0,True,True,False,False,,Unreviewed; count alone does not establish content quality,,,,Page-level GSC metrics were not supplied; no indexing inference
https://www.bnbaccelerator.com/blog/what-a-five-star-stay-costs/,What Five Star Airbnb Reviews Cost (2026),https://www.bnbaccelerator.com/blog/what-a-five-star-stay-costs/,True,,3,0,1,2,0,True,True,False,False,,Unreviewed; count alone does not establish content quality,,,,Page-level GSC metrics were not supplied; no indexing inference
https://www.bnbaccelerator.com/blog/what-a-good-month-actually-looks-like/,STR Monthly P&L: What Good Looks Like (2026),https://www.bnbaccelerator.com/blog/what-a-good-month-actually-looks-like/,True,,4,0,2,2,0,True,True,False,False,,Unreviewed; count alone does not establish content quality,,,,Page-level GSC metrics were not supplied; no indexing inference
https://www.bnbaccelerator.com/blog/what-breaks-first-in-a-rental/,What Breaks First in an STR (2026 Guide),https://www.bnbaccelerator.com/blog/what-breaks-first-in-a-rental/,True,,3,0,1,2,0,True,True,False,False,,Unreviewed; count alone does not establish content quality,,,,Page-level GSC metrics were not supplied; no indexing inference
https://www.bnbaccelerator.com/blog/what-buying-under-market-is-worth/,Why STR Purchase Price Beats Optimization (2026),https://www.bnbaccelerator.com/blog/what-buying-under-market-is-worth/,True,,3,0,1,2,0,True,True,False,False,,Unreviewed; count alone does not establish content quality,,,,Page-level GSC metrics were not supplied; no indexing inference
https://www.bnbaccelerator.com/blog/what-changes-after-the-first-year/,STR Year Two: What Changes (2026),https://www.bnbaccelerator.com/blog/what-changes-after-the-first-year/,True,,6,0,4,2,0,True,True,False,False,,Unreviewed; count alone does not establish content quality,,,,Page-level GSC metrics were not supplied; no indexing inference
https://www.bnbaccelerator.com/blog/what-happens-when-rules-tighten/,What Happens When STR Regulations Tighten (2026),https://www.bnbaccelerator.com/blog/what-happens-when-rules-tighten/,True,,4,0,2,2,0,True,True,False,False,,Unreviewed; count alone does not establish content quality,,,,Page-level GSC metrics were not supplied; no indexing inference
https://www.bnbaccelerator.com/blog/what-the-first-year-actually-feels-like/,First Year Owning a Short-Term Rental (2026),https://www.bnbaccelerator.com/blog/what-the-first-year-actually-feels-like/,True,,5,0,3,2,0,True,True,False,False,,Unreviewed; count alone does not establish content quality,,,,Page-level GSC metrics were not supplied; no indexing inference
https://www.bnbaccelerator.com/blog/what-to-do-in-a-slow-season/,STR Off Season Strategy (2026),https://www.bnbaccelerator.com/blog/what-to-do-in-a-slow-season/,True,,7,0,5,2,0,True,True,False,False,,Unreviewed; count alone does not establish content quality,,,,Page-level GSC metrics were not supplied; no indexing inference
https://www.bnbaccelerator.com/blog/what-total-entry-cost-means/,STR Total Entry Cost Explained (2026),https://www.bnbaccelerator.com/blog/what-total-entry-cost-means/,True,,246,0,244,2,0,True,True,False,False,,Unreviewed; count alone does not establish content quality,,,,Page-level GSC metrics were not supplied; no indexing inference
https://www.bnbaccelerator.com/blog/what-we-say-no-to/,Deals BNB Accelerator Turns Down (2026),https://www.bnbaccelerator.com/blog/what-we-say-no-to/,True,,4,0,2,2,0,True,True,False,False,,Unreviewed; count alone does not establish content quality,,,,Page-level GSC metrics were not supplied; no indexing inference
https://www.bnbaccelerator.com/blog/why-california-is-hard/,Why California STR Investing Is Hard (2026),https://www.bnbaccelerator.com/blog/why-california-is-hard/,True,,3,0,1,2,0,True,True,False,False,,Unreviewed; count alone does not establish content quality,,,,Page-level GSC metrics were not supplied; no indexing inference
https://www.bnbaccelerator.com/blog/wifi-and-remote-work-guests/,STR Wifi & Remote Work Setup (2026),https://www.bnbaccelerator.com/blog/wifi-and-remote-work-guests/,True,,3,0,1,2,0,True,True,False,False,,Unreviewed; count alone does not establish content quality,,,,Page-level GSC metrics were not supplied; no indexing inference
https://www.bnbaccelerator.com/blog/wind-deductible-str-reserve/,How Should a Wind Deductible Be Modeled for a Coastal STR | BNB Accelerator,https://www.bnbaccelerator.com/blog/wind-deductible-str-reserve/,True,,2,0,0,2,0,True,True,False,False,,Unreviewed; count alone does not establish content quality,,,,Page-level GSC metrics were not supplied; no indexing inference
https://www.bnbaccelerator.com/compare/alternatives/,STR Company Alternatives: 18 First-Buyer Guides,https://www.bnbaccelerator.com/compare/alternatives/,True,,16,0,15,1,0,True,True,False,False,,Unreviewed; count alone does not establish content quality,,,,Page-level GSC metrics were not supplied; no indexing inference
https://www.bnbaccelerator.com/compare/best-airbnb-coaching-programs/,Best Airbnb Coaching Programs in 2026: How to Evaluate Them,https://www.bnbaccelerator.com/compare/best-airbnb-coaching-programs/,True,,1,0,0,1,0,True,True,False,False,,Unreviewed; count alone does not establish content quality,,,,Page-level GSC metrics were not supplied; no indexing inference
https://www.bnbaccelerator.com/compare/best-states-for-str-investing/,Best States for Short-Term Rental Investing in 2026,https://www.bnbaccelerator.com/compare/best-states-for-str-investing/,True,,2,0,1,1,0,True,True,False,False,,Unreviewed; count alone does not establish content quality,,,,Page-level GSC metrics were not supplied; no indexing inference
https://www.bnbaccelerator.com/compare/best-str-investing-programs/,Best Short-Term Rental Investing Programs in 2026: Compared,https://www.bnbaccelerator.com/compare/best-str-investing-programs/,True,,2,0,1,1,0,True,True,False,False,,Unreviewed; count alone does not establish content quality,,,,Page-level GSC metrics were not supplied; no indexing inference
https://www.bnbaccelerator.com/compare/bnb-accelerator-vs-property-manager/,BNB Accelerator vs A Property Manager: Buyer Responsibilities,https://www.bnbaccelerator.com/compare/bnb-accelerator-vs-property-manager/,True,,3,0,2,1,0,True,True,False,False,,Unreviewed; count alone does not establish content quality,,,,Page-level GSC metrics were not supplied; no indexing inference
https://www.bnbaccelerator.com/compare/bnb-accelerator-vs-real-estate-agent/,BNB Accelerator vs An STR Buyer Agent: Buyer Responsibilities,https://www.bnbaccelerator.com/compare/bnb-accelerator-vs-real-estate-agent/,True,,3,0,2,1,0,True,True,False,False,,Unreviewed; count alone does not establish content quality,,,,Page-level GSC metrics were not supplied; no indexing inference
https://www.bnbaccelerator.com/compare/markets/austin-vs-big-bear/,Austin vs Big Bear Lake: Short-Term Rental Market Comparison,https://www.bnbaccelerator.com/compare/markets/austin-vs-big-bear/,True,,25,0,24,1,0,True,True,False,False,,Unreviewed; count alone does not establish content quality,,,,Page-level GSC metrics were not supplied; no indexing inference
https://www.bnbaccelerator.com/compare/markets/austin-vs-cape-coral/,Austin vs Cape Coral: Short-Term Rental Market Comparison,https://www.bnbaccelerator.com/compare/markets/austin-vs-cape-coral/,True,,24,0,23,1,0,True,True,False,False,,Unreviewed; count alone does not establish content quality,,,,Page-level GSC metrics were not supplied; no indexing inference
https://www.bnbaccelerator.com/compare/markets/austin-vs-denver/,Austin vs Denver: Short-Term Rental Market Comparison,https://www.bnbaccelerator.com/compare/markets/austin-vs-denver/,True,,26,0,25,1,0,True,True,False,False,,Unreviewed; count alone does not establish content quality,,,,Page-level GSC metrics were not supplied; no indexing inference
https://www.bnbaccelerator.com/compare/markets/austin-vs-destin/,Austin vs Destin: Short-Term Rental Market Comparison,https://www.bnbaccelerator.com/compare/markets/austin-vs-destin/,True,,21,0,20,1,0,True,True,False,False,,Unreviewed; count alone does not establish content quality,,,,Page-level GSC metrics were not supplied; no indexing inference
https://www.bnbaccelerator.com/compare/markets/austin-vs-gatlinburg/,Austin vs Gatlinburg: Short-Term Rental Market Comparison,https://www.bnbaccelerator.com/compare/markets/austin-vs-gatlinburg/,True,,17,0,16,1,0,True,True,False,False,,Unreviewed; count alone does not establish content quality,,,,Page-level GSC metrics were not supplied; no indexing inference
https://www.bnbaccelerator.com/compare/markets/austin-vs-gulf-shores/,Austin vs Gulf Shores: Short-Term Rental Market Comparison,https://www.bnbaccelerator.com/compare/markets/austin-vs-gulf-shores/,True,,15,0,14,1,0,True,True,False,False,,Unreviewed; count alone does not establish content quality,,,,Page-level GSC metrics were not supplied; no indexing inference
https://www.bnbaccelerator.com/compare/markets/austin-vs-kissimmee/,Austin vs Kissimmee: Short-Term Rental Market Comparison,https://www.bnbaccelerator.com/compare/markets/austin-vs-kissimmee/,True,,13,0,12,1,0,True,True,False,False,,Unreviewed; count alone does not establish content quality,,,,Page-level GSC metrics were not supplied; no indexing inference
https://www.bnbaccelerator.com/compare/markets/austin-vs-nashville/,Austin vs Nashville: Short-Term Rental Market Comparison,https://www.bnbaccelerator.com/compare/markets/austin-vs-nashville/,True,,13,0,12,1,0,True,True,False,False,,Unreviewed; count alone does not establish content quality,,,,Page-level GSC metrics were not supplied; no indexing inference
https://www.bnbaccelerator.com/compare/markets/austin-vs-panama-city-beach/,Austin vs Panama City Beach: Short-Term Rental Market Comparison,https://www.bnbaccelerator.com/compare/markets/austin-vs-panama-city-beach/,True,,15,0,14,1,0,True,True,False,False,,Unreviewed; count alone does not establish content quality,,,,Page-level GSC metrics were not supplied; no indexing inference
https://www.bnbaccelerator.com/compare/markets/austin-vs-phoenix-mesa/,Austin vs Phoenix and Mesa: Short-Term Rental Market Comparison,https://www.bnbaccelerator.com/compare/markets/austin-vs-phoenix-mesa/,True,,14,0,13,1,0,True,True,False,False,,Unreviewed; count alone does not establish content quality,,,,Page-level GSC metrics were not supplied; no indexing inference
https://www.bnbaccelerator.com/compare/markets/austin-vs-poconos/,Austin vs Poconos: Short-Term Rental Market Comparison,https://www.bnbaccelerator.com/compare/markets/austin-vs-poconos/,True,,14,0,13,1,0,True,True,False,False,,Unreviewed; count alone does not establish content quality,,,,Page-level GSC metrics were not supplied; no indexing inference
https://www.bnbaccelerator.com/compare/markets/austin-vs-sedona/,Austin vs Sedona: Short-Term Rental Market Comparison,https://www.bnbaccelerator.com/compare/markets/austin-vs-sedona/,True,,9,0,8,1,0,True,True,False,False,,Unreviewed; count alone does not establish content quality,,,,Page-level GSC metrics were not supplied; no indexing inference
https://www.bnbaccelerator.com/compare/markets/big-bear-vs-branson/,Big Bear Lake vs Branson: Short-Term Rental Market Comparison,https://www.bnbaccelerator.com/compare/markets/big-bear-vs-branson/,True,,21,0,20,1,0,True,True,False,False,,Unreviewed; count alone does not establish content quality,,,,Page-level GSC metrics were not supplied; no indexing inference
https://www.bnbaccelerator.com/compare/markets/big-bear-vs-broken-bow/,Big Bear Lake vs Broken Bow: Short-Term Rental Market Comparison,https://www.bnbaccelerator.com/compare/markets/big-bear-vs-broken-bow/,True,,21,0,20,1,0,True,True,False,False,,Unreviewed; count alone does not establish content quality,,,,Page-level GSC metrics were not supplied; no indexing inference
https://www.bnbaccelerator.com/compare/markets/big-bear-vs-cape-coral/,Big Bear Lake vs Cape Coral: Short-Term Rental Market Comparison,https://www.bnbaccelerator.com/compare/markets/big-bear-vs-cape-coral/,True,,15,0,14,1,0,True,True,False,False,,Unreviewed; count alone does not establish content quality,,,,Page-level GSC metrics were not supplied; no indexing inference
https://www.bnbaccelerator.com/compare/markets/big-bear-vs-denver/,Big Bear Lake vs Denver: Short-Term Rental Market Comparison,https://www.bnbaccelerator.com/compare/markets/big-bear-vs-denver/,True,,16,0,15,1,0,True,True,False,False,,Unreviewed; count alone does not establish content quality,,,,Page-level GSC metrics were not supplied; no indexing inference
https://www.bnbaccelerator.com/compare/markets/big-bear-vs-gatlinburg/,Big Bear Lake vs Gatlinburg: Short-Term Rental Market Comparison,https://www.bnbaccelerator.com/compare/markets/big-bear-vs-gatlinburg/,True,,12,0,11,1,0,True,True,False,False,,Unreviewed; count alone does not establish content quality,,,,Page-level GSC metrics were not supplied; no indexing inference
https://www.bnbaccelerator.com/compare/markets/big-bear-vs-gulf-shores/,Big Bear Lake vs Gulf Shores: Short-Term Rental Market Comparison,https://www.bnbaccelerator.com/compare/markets/big-bear-vs-gulf-shores/,True,,14,0,13,1,0,True,True,False,False,,Unreviewed; count alone does not establish content quality,,,,Page-level GSC metrics were not supplied; no indexing inference
https://www.bnbaccelerator.com/compare/markets/big-bear-vs-joshua-tree/,Big Bear Lake vs Joshua Tree: Short-Term Rental Market Comparison,https://www.bnbaccelerator.com/compare/markets/big-bear-vs-joshua-tree/,True,,10,0,9,1,0,True,True,False,False,,Unreviewed; count alone does not establish content quality,,,,Page-level GSC metrics were not supplied; no indexing inference
https://www.bnbaccelerator.com/compare/markets/big-bear-vs-kissimmee/,Big Bear Lake vs Kissimmee: Short-Term Rental Market Comparison,https://www.bnbaccelerator.com/compare/markets/big-bear-vs-kissimmee/,True,,12,0,11,1,0,True,True,False,False,,Unreviewed; count alone does not establish content quality,,,,Page-level GSC metrics were not supplied; no indexing inference
https://www.bnbaccelerator.com/compare/markets/big-bear-vs-nashville/,Big Bear Lake vs Nashville: Short-Term Rental Market Comparison,https://www.bnbaccelerator.com/compare/markets/big-bear-vs-nashville/,True,,12,0,11,1,0,True,True,False,False,,Unreviewed; count alone does not establish content quality,,,,Page-level GSC metrics were not supplied; no indexing inference
https://www.bnbaccelerator.com/compare/markets/big-bear-vs-panama-city-beach/,Big Bear Lake vs Panama City Beach: Short-Term Rental Market Comparison,https://www.bnbaccelerator.com/compare/markets/big-bear-vs-panama-city-beach/,True,,14,0,13,1,0,True,True,False,False,,Unreviewed; count alone does not establish content quality,,,,Page-level GSC metrics were not supplied; no indexing inference
https://www.bnbaccelerator.com/compare/markets/big-bear-vs-phoenix-mesa/,Big Bear Lake vs Phoenix and Mesa: Short-Term Rental Market Comparison,https://www.bnbaccelerator.com/compare/markets/big-bear-vs-phoenix-mesa/,True,,13,0,12,1,0,True,True,False,False,,Unreviewed; count alone does not establish content quality,,,,Page-level GSC metrics were not supplied; no indexing inference
https://www.bnbaccelerator.com/compare/markets/big-bear-vs-poconos/,Big Bear Lake vs Poconos: Short-Term Rental Market Comparison,https://www.bnbaccelerator.com/compare/markets/big-bear-vs-poconos/,True,,13,0,12,1,0,True,True,False,False,,Unreviewed; count alone does not establish content quality,,,,Page-level GSC metrics were not supplied; no indexing inference
https://www.bnbaccelerator.com/compare/markets/branson-vs-broken-bow/,Branson vs Broken Bow: Short-Term Rental Market Comparison,https://www.bnbaccelerator.com/compare/markets/branson-vs-broken-bow/,True,,16,0,15,1,0,True,True,False,False,,Unreviewed; count alone does not establish content quality,,,,Page-level GSC metrics were not supplied; no indexing inference
https://www.bnbaccelerator.com/compare/markets/branson-vs-cape-coral/,Branson vs Cape Coral: Short-Term Rental Market Comparison,https://www.bnbaccelerator.com/compare/markets/branson-vs-cape-coral/,True,,5,0,4,1,0,True,True,False,False,,Unreviewed; count alone does not establish content quality,,,,Page-level GSC metrics were not supplied; no indexing inference
https://www.bnbaccelerator.com/compare/markets/branson-vs-gulf-shores/,Branson vs Gulf Shores: Short-Term Rental Market Comparison,https://www.bnbaccelerator.com/compare/markets/branson-vs-gulf-shores/,True,,5,0,4,1,0,True,True,False,False,,Unreviewed; count alone does not establish content quality,,,,Page-level GSC metrics were not supplied; no indexing inference
https://www.bnbaccelerator.com/compare/markets/branson-vs-joshua-tree/,Branson vs Joshua Tree: Short-Term Rental Market Comparison,https://www.bnbaccelerator.com/compare/markets/branson-vs-joshua-tree/,True,,7,0,6,1,0,True,True,False,False,,Unreviewed; count alone does not establish content quality,,,,Page-level GSC metrics were not supplied; no indexing inference
https://www.bnbaccelerator.com/compare/markets/branson-vs-kissimmee/,Branson vs Kissimmee: Short-Term Rental Market Comparison,https://www.bnbaccelerator.com/compare/markets/branson-vs-kissimmee/,True,,2,0,1,1,0,True,True,False,False,,Unreviewed; count alone does not establish content quality,,,,Page-level GSC metrics were not supplied; no indexing inference
https://www.bnbaccelerator.com/compare/markets/branson-vs-panama-city-beach/,Branson vs Panama City Beach: Short-Term Rental Market Comparison,https://www.bnbaccelerator.com/compare/markets/branson-vs-panama-city-beach/,True,,3,0,2,1,0,True,True,False,False,,Unreviewed; count alone does not establish content quality,,,,Page-level GSC metrics were not supplied; no indexing inference
https://www.bnbaccelerator.com/compare/markets/branson-vs-phoenix-mesa/,Branson vs Phoenix and Mesa: Short-Term Rental Market Comparison,https://www.bnbaccelerator.com/compare/markets/branson-vs-phoenix-mesa/,True,,2,0,1,1,0,True,True,False,False,,Unreviewed; count alone does not establish content quality,,,,Page-level GSC metrics were not supplied; no indexing inference
https://www.bnbaccelerator.com/compare/markets/branson-vs-poconos/,Branson vs Poconos: Short-Term Rental Market Comparison,https://www.bnbaccelerator.com/compare/markets/branson-vs-poconos/,True,,2,0,1,1,0,True,True,False,False,,Unreviewed; count alone does not establish content quality,,,,Page-level GSC metrics were not supplied; no indexing inference
https://www.bnbaccelerator.com/compare/markets/broken-bow-vs-cape-coral/,Broken Bow vs Cape Coral: Short-Term Rental Market Comparison,https://www.bnbaccelerator.com/compare/markets/broken-bow-vs-cape-coral/,True,,2,0,1,1,0,True,True,False,False,,Unreviewed; count alone does not establish content quality,,,,Page-level GSC metrics were not supplied; no indexing inference
https://www.bnbaccelerator.com/compare/markets/broken-bow-vs-gulf-shores/,Broken Bow vs Gulf Shores: Short-Term Rental Market Comparison,https://www.bnbaccelerator.com/compare/markets/broken-bow-vs-gulf-shores/,True,,2,0,1,1,0,True,True,False,False,,Unreviewed; count alone does not establish content quality,,,,Page-level GSC metrics were not supplied; no indexing inference
https://www.bnbaccelerator.com/compare/markets/broken-bow-vs-joshua-tree/,Broken Bow vs Joshua Tree: Short-Term Rental Market Comparison,https://www.bnbaccelerator.com/compare/markets/broken-bow-vs-joshua-tree/,True,,2,0,1,1,0,True,True,False,False,,Unreviewed; count alone does not establish content quality,,,,Page-level GSC metrics were not supplied; no indexing inference
https://www.bnbaccelerator.com/compare/markets/broken-bow-vs-kissimmee/,Broken Bow vs Kissimmee: Short-Term Rental Market Comparison,https://www.bnbaccelerator.com/compare/markets/broken-bow-vs-kissimmee/,True,,2,0,1,1,0,True,True,False,False,,Unreviewed; count alone does not establish content quality,,,,Page-level GSC metrics were not supplied; no indexing inference
https://www.bnbaccelerator.com/compare/markets/broken-bow-vs-panama-city-beach/,Broken Bow vs Panama City Beach: Short-Term Rental Market Comparison,https://www.bnbaccelerator.com/compare/markets/broken-bow-vs-panama-city-beach/,True,,2,0,1,1,0,True,True,False,False,,Unreviewed; count alone does not establish content quality,,,,Page-level GSC metrics were not supplied; no indexing inference
https://www.bnbaccelerator.com/compare/markets/broken-bow-vs-phoenix-mesa/,Broken Bow vs Phoenix and Mesa: Short-Term Rental Market Comparison,https://www.bnbaccelerator.com/compare/markets/broken-bow-vs-phoenix-mesa/,True,,2,0,1,1,0,True,True,False,False,,Unreviewed; count alone does not establish content quality,,,,Page-level GSC metrics were not supplied; no indexing inference
https://www.bnbaccelerator.com/compare/markets/broken-bow-vs-poconos/,Broken Bow vs Poconos: Short-Term Rental Market Comparison,https://www.bnbaccelerator.com/compare/markets/broken-bow-vs-poconos/,True,,2,0,1,1,0,True,True,False,False,,Unreviewed; count alone does not establish content quality,,,,Page-level GSC metrics were not supplied; no indexing inference
https://www.bnbaccelerator.com/compare/markets/cape-coral-vs-denver/,Cape Coral vs Denver: Short-Term Rental Market Comparison,https://www.bnbaccelerator.com/compare/markets/cape-coral-vs-denver/,True,,6,0,5,1,0,True,True,False,False,,Unreviewed; count alone does not establish content quality,,,,Page-level GSC metrics were not supplied; no indexing inference
https://www.bnbaccelerator.com/compare/markets/cape-coral-vs-gulf-shores/,Cape Coral vs Gulf Shores: Short-Term Rental Market Comparison,https://www.bnbaccelerator.com/compare/markets/cape-coral-vs-gulf-shores/,True,,2,0,1,1,0,True,True,False,False,,Unreviewed; count alone does not establish content quality,,,,Page-level GSC metrics were not supplied; no indexing inference
https://www.bnbaccelerator.com/compare/markets/cape-coral-vs-joshua-tree/,Cape Coral vs Joshua Tree: Short-Term Rental Market Comparison,https://www.bnbaccelerator.com/compare/markets/cape-coral-vs-joshua-tree/,True,,2,0,1,1,0,True,True,False,False,,Unreviewed; count alone does not establish content quality,,,,Page-level GSC metrics were not supplied; no indexing inference
https://www.bnbaccelerator.com/compare/markets/cape-coral-vs-kissimmee/,Cape Coral vs Kissimmee: Short-Term Rental Market Comparison,https://www.bnbaccelerator.com/compare/markets/cape-coral-vs-kissimmee/,True,,2,0,1,1,0,True,True,False,False,,Unreviewed; count alone does not establish content quality,,,,Page-level GSC metrics were not supplied; no indexing inference
https://www.bnbaccelerator.com/compare/markets/cape-coral-vs-nashville/,Cape Coral vs Nashville: Short-Term Rental Market Comparison,https://www.bnbaccelerator.com/compare/markets/cape-coral-vs-nashville/,True,,4,0,3,1,0,True,True,False,False,,Unreviewed; count alone does not establish content quality,,,,Page-level GSC metrics were not supplied; no indexing inference
https://www.bnbaccelerator.com/compare/markets/cape-coral-vs-panama-city-beach/,Cape Coral vs Panama City Beach: Short-Term Rental Market Comparison,https://www.bnbaccelerator.com/compare/markets/cape-coral-vs-panama-city-beach/,True,,2,0,1,1,0,True,True,False,False,,Unreviewed; count alone does not establish content quality,,,,Page-level GSC metrics were not supplied; no indexing inference
https://www.bnbaccelerator.com/compare/markets/cape-coral-vs-phoenix-mesa/,Cape Coral vs Phoenix and Mesa: Short-Term Rental Market Comparison,https://www.bnbaccelerator.com/compare/markets/cape-coral-vs-phoenix-mesa/,True,,2,0,1,1,0,True,True,False,False,,Unreviewed; count alone does not establish content quality,,,,Page-level GSC metrics were not supplied; no indexing inference
https://www.bnbaccelerator.com/compare/markets/cape-coral-vs-poconos/,Cape Coral vs Poconos: Short-Term Rental Market Comparison,https://www.bnbaccelerator.com/compare/markets/cape-coral-vs-poconos/,True,,2,0,1,1,0,True,True,False,False,,Unreviewed; count alone does not establish content quality,,,,Page-level GSC metrics were not supplied; no indexing inference
https://www.bnbaccelerator.com/compare/markets/denver-vs-destin/,Denver vs Destin: Short-Term Rental Market Comparison,https://www.bnbaccelerator.com/compare/markets/denver-vs-destin/,True,,8,0,7,1,0,True,True,False,False,,Unreviewed; count alone does not establish content quality,,,,Page-level GSC metrics were not supplied; no indexing inference
https://www.bnbaccelerator.com/compare/markets/denver-vs-gatlinburg/,Denver vs Gatlinburg: Short-Term Rental Market Comparison,https://www.bnbaccelerator.com/compare/markets/denver-vs-gatlinburg/,True,,5,0,4,1,0,True,True,False,False,,Unreviewed; count alone does not establish content quality,,,,Page-level GSC metrics were not supplied; no indexing inference
https://www.bnbaccelerator.com/compare/markets/denver-vs-gulf-shores/,Denver vs Gulf Shores: Short-Term Rental Market Comparison,https://www.bnbaccelerator.com/compare/markets/denver-vs-gulf-shores/,True,,2,0,1,1,0,True,True,False,False,,Unreviewed; count alone does not establish content quality,,,,Page-level GSC metrics were not supplied; no indexing inference
https://www.bnbaccelerator.com/compare/markets/denver-vs-kissimmee/,Denver vs Kissimmee: Short-Term Rental Market Comparison,https://www.bnbaccelerator.com/compare/markets/denver-vs-kissimmee/,True,,2,0,1,1,0,True,True,False,False,,Unreviewed; count alone does not establish content quality,,,,Page-level GSC metrics were not supplied; no indexing inference
https://www.bnbaccelerator.com/compare/markets/denver-vs-nashville/,Denver vs Nashville: Short-Term Rental Market Comparison,https://www.bnbaccelerator.com/compare/markets/denver-vs-nashville/,True,,2,0,1,1,0,True,True,False,False,,Unreviewed; count alone does not establish content quality,,,,Page-level GSC metrics were not supplied; no indexing inference
https://www.bnbaccelerator.com/compare/markets/denver-vs-panama-city-beach/,Denver vs Panama City Beach: Short-Term Rental Market Comparison,https://www.bnbaccelerator.com/compare/markets/denver-vs-panama-city-beach/,True,,2,0,1,1,0,True,True,False,False,,Unreviewed; count alone does not establish content quality,,,,Page-level GSC metrics were not supplied; no indexing inference
https://www.bnbaccelerator.com/compare/markets/denver-vs-phoenix-mesa/,Denver vs Phoenix and Mesa: Short-Term Rental Market Comparison,https://www.bnbaccelerator.com/compare/markets/denver-vs-phoenix-mesa/,True,,2,0,1,1,0,True,True,False,False,,Unreviewed; count alone does not establish content quality,,,,Page-level GSC metrics were not supplied; no indexing inference
https://www.bnbaccelerator.com/compare/markets/denver-vs-poconos/,Denver vs Poconos: Short-Term Rental Market Comparison,https://www.bnbaccelerator.com/compare/markets/denver-vs-poconos/,True,,2,0,1,1,0,True,True,False,False,,Unreviewed; count alone does not establish content quality,,,,Page-level GSC metrics were not supplied; no indexing inference
https://www.bnbaccelerator.com/compare/markets/denver-vs-scottsdale/,Denver vs Scottsdale: Short-Term Rental Market Comparison,https://www.bnbaccelerator.com/compare/markets/denver-vs-scottsdale/,True,,7,0,6,1,0,True,True,False,False,,Unreviewed; count alone does not establish content quality,,,,Page-level GSC metrics were not supplied; no indexing inference
https://www.bnbaccelerator.com/compare/markets/denver-vs-sedona/,Denver vs Sedona: Short-Term Rental Market Comparison,https://www.bnbaccelerator.com/compare/markets/denver-vs-sedona/,True,,6,0,5,1,0,True,True,False,False,,Unreviewed; count alone does not establish content quality,,,,Page-level GSC metrics were not supplied; no indexing inference
https://www.bnbaccelerator.com/compare/markets/denver-vs-smoky-mountains/,Denver vs Smoky Mountains: Short-Term Rental Market Comparison,https://www.bnbaccelerator.com/compare/markets/denver-vs-smoky-mountains/,True,,7,0,6,1,0,True,True,False,False,,Unreviewed; count alone does not establish content quality,,,,Page-level GSC metrics were not supplied; no indexing inference
https://www.bnbaccelerator.com/compare/markets/destin-vs-gatlinburg/,Destin vs Gatlinburg: Short-Term Rental Market Comparison,https://www.bnbaccelerator.com/compare/markets/destin-vs-gatlinburg/,True,,4,0,3,1,0,True,True,False,False,,Unreviewed; count alone does not establish content quality,,,,Page-level GSC metrics were not supplied; no indexing inference
https://www.bnbaccelerator.com/compare/markets/destin-vs-gulf-shores/,Destin vs Gulf Shores: Short-Term Rental Market Comparison,https://www.bnbaccelerator.com/compare/markets/destin-vs-gulf-shores/,True,,2,0,1,1,0,True,True,False,False,,Unreviewed; count alone does not establish content quality,,,,Page-level GSC metrics were not supplied; no indexing inference
https://www.bnbaccelerator.com/compare/markets/destin-vs-nashville/,Destin vs Nashville: Short-Term Rental Market Comparison,https://www.bnbaccelerator.com/compare/markets/destin-vs-nashville/,True,,2,0,1,1,0,True,True,False,False,,Unreviewed; count alone does not establish content quality,,,,Page-level GSC metrics were not supplied; no indexing inference
https://www.bnbaccelerator.com/compare/markets/destin-vs-panama-city-beach/,Destin vs Panama City Beach: Short-Term Rental Market Comparison,https://www.bnbaccelerator.com/compare/markets/destin-vs-panama-city-beach/,True,,2,0,1,1,0,True,True,False,False,,Unreviewed; count alone does not establish content quality,,,,Page-level GSC metrics were not supplied; no indexing inference
https://www.bnbaccelerator.com/compare/markets/destin-vs-scottsdale/,Destin vs Scottsdale: Short-Term Rental Market Comparison,https://www.bnbaccelerator.com/compare/markets/destin-vs-scottsdale/,True,,5,0,4,1,0,True,True,False,False,,Unreviewed; count alone does not establish content quality,,,,Page-level GSC metrics were not supplied; no indexing inference
https://www.bnbaccelerator.com/compare/markets/destin-vs-sedona/,Destin vs Sedona: Short-Term Rental Market Comparison,https://www.bnbaccelerator.com/compare/markets/destin-vs-sedona/,True,,4,0,3,1,0,True,True,False,False,,Unreviewed; count alone does not establish content quality,,,,Page-level GSC metrics were not supplied; no indexing inference
https://www.bnbaccelerator.com/compare/markets/destin-vs-smoky-mountains/,Destin vs Smoky Mountains: Short-Term Rental Market Comparison,https://www.bnbaccelerator.com/compare/markets/destin-vs-smoky-mountains/,True,,4,0,3,1,0,True,True,False,False,,Unreviewed; count alone does not establish content quality,,,,Page-level GSC metrics were not supplied; no indexing inference
https://www.bnbaccelerator.com/compare/markets/gatlinburg-vs-gulf-shores/,Gatlinburg vs Gulf Shores: Short-Term Rental Market Comparison,https://www.bnbaccelerator.com/compare/markets/gatlinburg-vs-gulf-shores/,True,,2,0,1,1,0,True,True,False,False,,Unreviewed; count alone does not establish content quality,,,,Page-level GSC metrics were not supplied; no indexing inference
https://www.bnbaccelerator.com/compare/markets/gatlinburg-vs-nashville/,Gatlinburg vs Nashville: Short-Term Rental Market Comparison,https://www.bnbaccelerator.com/compare/markets/gatlinburg-vs-nashville/,True,,2,0,1,1,0,True,True,False,False,,Unreviewed; count alone does not establish content quality,,,,Page-level GSC metrics were not supplied; no indexing inference
https://www.bnbaccelerator.com/compare/markets/gatlinburg-vs-panama-city-beach/,Gatlinburg vs Panama City Beach: Short-Term Rental Market Comparison,https://www.bnbaccelerator.com/compare/markets/gatlinburg-vs-panama-city-beach/,True,,2,0,1,1,0,True,True,False,False,,Unreviewed; count alone does not establish content quality,,,,Page-level GSC metrics were not supplied; no indexing inference
https://www.bnbaccelerator.com/compare/markets/gatlinburg-vs-phoenix-mesa/,Gatlinburg vs Phoenix and Mesa: Short-Term Rental Market Comparison,https://www.bnbaccelerator.com/compare/markets/gatlinburg-vs-phoenix-mesa/,True,,2,0,1,1,0,True,True,False,False,,Unreviewed; count alone does not establish content quality,,,,Page-level GSC metrics were not supplied; no indexing inference
https://www.bnbaccelerator.com/compare/markets/gatlinburg-vs-poconos/,Gatlinburg vs Poconos: Short-Term Rental Market Comparison,https://www.bnbaccelerator.com/compare/markets/gatlinburg-vs-poconos/,True,,2,0,1,1,0,True,True,False,False,,Unreviewed; count alone does not establish content quality,,,,Page-level GSC metrics were not supplied; no indexing inference
https://www.bnbaccelerator.com/compare/markets/gatlinburg-vs-scottsdale/,Gatlinburg vs Scottsdale: Short-Term Rental Market Comparison,https://www.bnbaccelerator.com/compare/markets/gatlinburg-vs-scottsdale/,True,,3,0,2,1,0,True,True,False,False,,Unreviewed; count alone does not establish content quality,,,,Page-level GSC metrics were not supplied; no indexing inference
https://www.bnbaccelerator.com/compare/markets/gatlinburg-vs-sedona/,Gatlinburg vs Sedona: Short-Term Rental Market Comparison,https://www.bnbaccelerator.com/compare/markets/gatlinburg-vs-sedona/,True,,3,0,2,1,0,True,True,False,False,,Unreviewed; count alone does not establish content quality,,,,Page-level GSC metrics were not supplied; no indexing inference
https://www.bnbaccelerator.com/compare/markets/gatlinburg-vs-smoky-mountains/,Gatlinburg vs Smoky Mountains: Short-Term Rental Market Comparison,https://www.bnbaccelerator.com/compare/markets/gatlinburg-vs-smoky-mountains/,True,,3,0,2,1,0,True,True,False,False,,Unreviewed; count alone does not establish content quality,,,,Page-level GSC metrics were not supplied; no indexing inference
https://www.bnbaccelerator.com/compare/markets/gulf-shores-vs-joshua-tree/,Gulf Shores vs Joshua Tree: Short-Term Rental Market Comparison,https://www.bnbaccelerator.com/compare/markets/gulf-shores-vs-joshua-tree/,True,,2,0,1,1,0,True,True,False,False,,Unreviewed; count alone does not establish content quality,,,,Page-level GSC metrics were not supplied; no indexing inference
https://www.bnbaccelerator.com/compare/markets/gulf-shores-vs-kissimmee/,Gulf Shores vs Kissimmee: Short-Term Rental Market Comparison,https://www.bnbaccelerator.com/compare/markets/gulf-shores-vs-kissimmee/,True,,2,0,1,1,0,True,True,False,False,,Unreviewed; count alone does not establish content quality,,,,Page-level GSC metrics were not supplied; no indexing inference
https://www.bnbaccelerator.com/compare/markets/gulf-shores-vs-nashville/,Gulf Shores vs Nashville: Short-Term Rental Market Comparison,https://www.bnbaccelerator.com/compare/markets/gulf-shores-vs-nashville/,True,,2,0,1,1,0,True,True,False,False,,Unreviewed; count alone does not establish content quality,,,,Page-level GSC metrics were not supplied; no indexing inference
https://www.bnbaccelerator.com/compare/markets/gulf-shores-vs-panama-city-beach/,Gulf Shores vs Panama City Beach: Short-Term Rental Market Comparison,https://www.bnbaccelerator.com/compare/markets/gulf-shores-vs-panama-city-beach/,True,,2,0,1,1,0,True,True,False,False,,Unreviewed; count alone does not establish content quality,,,,Page-level GSC metrics were not supplied; no indexing inference
https://www.bnbaccelerator.com/compare/markets/gulf-shores-vs-phoenix-mesa/,Gulf Shores vs Phoenix and Mesa: Short-Term Rental Market Comparison,https://www.bnbaccelerator.com/compare/markets/gulf-shores-vs-phoenix-mesa/,True,,2,0,1,1,0,True,True,False,False,,Unreviewed; count alone does not establish content quality,,,,Page-level GSC metrics were not supplied; no indexing inference
https://www.bnbaccelerator.com/compare/markets/gulf-shores-vs-poconos/,Gulf Shores vs Poconos: Short-Term Rental Market Comparison,https://www.bnbaccelerator.com/compare/markets/gulf-shores-vs-poconos/,True,,2,0,1,1,0,True,True,False,False,,Unreviewed; count alone does not establish content quality,,,,Page-level GSC metrics were not supplied; no indexing inference
https://www.bnbaccelerator.com/compare/markets/joshua-tree-vs-kissimmee/,Joshua Tree vs Kissimmee: Short-Term Rental Market Comparison,https://www.bnbaccelerator.com/compare/markets/joshua-tree-vs-kissimmee/,True,,2,0,1,1,0,True,True,False,False,,Unreviewed; count alone does not establish content quality,,,,Page-level GSC metrics were not supplied; no indexing inference
https://www.bnbaccelerator.com/compare/markets/joshua-tree-vs-panama-city-beach/,Joshua Tree vs Panama City Beach: Short-Term Rental Market Comparison,https://www.bnbaccelerator.com/compare/markets/joshua-tree-vs-panama-city-beach/,True,,2,0,1,1,0,True,True,False,False,,Unreviewed; count alone does not establish content quality,,,,Page-level GSC metrics were not supplied; no indexing inference
https://www.bnbaccelerator.com/compare/markets/joshua-tree-vs-phoenix-mesa/,Joshua Tree vs Phoenix and Mesa: Short-Term Rental Market Comparison,https://www.bnbaccelerator.com/compare/markets/joshua-tree-vs-phoenix-mesa/,True,,2,0,1,1,0,True,True,False,False,,Unreviewed; count alone does not establish content quality,,,,Page-level GSC metrics were not supplied; no indexing inference
https://www.bnbaccelerator.com/compare/markets/joshua-tree-vs-poconos/,Joshua Tree vs Poconos: Short-Term Rental Market Comparison,https://www.bnbaccelerator.com/compare/markets/joshua-tree-vs-poconos/,True,,2,0,1,1,0,True,True,False,False,,Unreviewed; count alone does not establish content quality,,,,Page-level GSC metrics were not supplied; no indexing inference
https://www.bnbaccelerator.com/compare/markets/kissimmee-vs-nashville/,Kissimmee vs Nashville: Short-Term Rental Market Comparison,https://www.bnbaccelerator.com/compare/markets/kissimmee-vs-nashville/,True,,2,0,1,1,0,True,True,False,False,,Unreviewed; count alone does not establish content quality,,,,Page-level GSC metrics were not supplied; no indexing inference
https://www.bnbaccelerator.com/compare/markets/kissimmee-vs-panama-city-beach/,Kissimmee vs Panama City Beach: Short-Term Rental Market Comparison,https://www.bnbaccelerator.com/compare/markets/kissimmee-vs-panama-city-beach/,True,,2,0,1,1,0,True,True,False,False,,Unreviewed; count alone does not establish content quality,,,,Page-level GSC metrics were not supplied; no indexing inference
https://www.bnbaccelerator.com/compare/markets/kissimmee-vs-phoenix-mesa/,Kissimmee vs Phoenix and Mesa: Short-Term Rental Market Comparison,https://www.bnbaccelerator.com/compare/markets/kissimmee-vs-phoenix-mesa/,True,,2,0,1,1,0,True,True,False,False,,Unreviewed; count alone does not establish content quality,,,,Page-level GSC metrics were not supplied; no indexing inference
https://www.bnbaccelerator.com/compare/markets/kissimmee-vs-poconos/,Kissimmee vs Poconos: Short-Term Rental Market Comparison,https://www.bnbaccelerator.com/compare/markets/kissimmee-vs-poconos/,True,,2,0,1,1,0,True,True,False,False,,Unreviewed; count alone does not establish content quality,,,,Page-level GSC metrics were not supplied; no indexing inference
https://www.bnbaccelerator.com/compare/markets/lake-tahoe-vs-scottsdale/,Lake Tahoe vs Scottsdale: Short-Term Rental Market Comparison,https://www.bnbaccelerator.com/compare/markets/lake-tahoe-vs-scottsdale/,True,,3,0,2,1,0,True,True,False,False,,Unreviewed; count alone does not establish content quality,,,,Page-level GSC metrics were not supplied; no indexing inference
https://www.bnbaccelerator.com/compare/markets/lake-tahoe-vs-sedona/,Lake Tahoe vs Sedona: Short-Term Rental Market Comparison,https://www.bnbaccelerator.com/compare/markets/lake-tahoe-vs-sedona/,True,,3,0,2,1,0,True,True,False,False,,Unreviewed; count alone does not establish content quality,,,,Page-level GSC metrics were not supplied; no indexing inference
https://www.bnbaccelerator.com/compare/markets/lake-tahoe-vs-smoky-mountains/,Lake Tahoe vs Smoky Mountains: Short-Term Rental Market Comparison,https://www.bnbaccelerator.com/compare/markets/lake-tahoe-vs-smoky-mountains/,True,,2,0,1,1,0,True,True,False,False,,Unreviewed; count alone does not establish content quality,,,,Page-level GSC metrics were not supplied; no indexing inference
https://www.bnbaccelerator.com/compare/markets/nashville-vs-panama-city-beach/,Nashville vs Panama City Beach: Short-Term Rental Market Comparison,https://www.bnbaccelerator.com/compare/markets/nashville-vs-panama-city-beach/,True,,2,0,1,1,0,True,True,False,False,,Unreviewed; count alone does not establish content quality,,,,Page-level GSC metrics were not supplied; no indexing inference
https://www.bnbaccelerator.com/compare/markets/nashville-vs-phoenix-mesa/,Nashville vs Phoenix and Mesa: Short-Term Rental Market Comparison,https://www.bnbaccelerator.com/compare/markets/nashville-vs-phoenix-mesa/,True,,2,0,1,1,0,True,True,False,False,,Unreviewed; count alone does not establish content quality,,,,Page-level GSC metrics were not supplied; no indexing inference
https://www.bnbaccelerator.com/compare/markets/nashville-vs-poconos/,Nashville vs Poconos: Short-Term Rental Market Comparison,https://www.bnbaccelerator.com/compare/markets/nashville-vs-poconos/,True,,2,0,1,1,0,True,True,False,False,,Unreviewed; count alone does not establish content quality,,,,Page-level GSC metrics were not supplied; no indexing inference
https://www.bnbaccelerator.com/compare/markets/nashville-vs-sedona/,Nashville vs Sedona: Short-Term Rental Market Comparison,https://www.bnbaccelerator.com/compare/markets/nashville-vs-sedona/,True,,2,0,1,1,0,True,True,False,False,,Unreviewed; count alone does not establish content quality,,,,Page-level GSC metrics were not supplied; no indexing inference
https://www.bnbaccelerator.com/compare/markets/panama-city-beach-vs-phoenix-mesa/,Panama City Beach vs Phoenix and Mesa: Short-Term Rental Market Comparison,https://www.bnbaccelerator.com/compare/markets/panama-city-beach-vs-phoenix-mesa/,True,,2,0,1,1,0,True,True,False,False,,Unreviewed; count alone does not establish content quality,,,,Page-level GSC metrics were not supplied; no indexing inference
https://www.bnbaccelerator.com/compare/markets/panama-city-beach-vs-poconos/,Panama City Beach vs Poconos: Short-Term Rental Market Comparison,https://www.bnbaccelerator.com/compare/markets/panama-city-beach-vs-poconos/,True,,2,0,1,1,0,True,True,False,False,,Unreviewed; count alone does not establish content quality,,,,Page-level GSC metrics were not supplied; no indexing inference
https://www.bnbaccelerator.com/compare/markets/phoenix-mesa-vs-poconos/,Phoenix and Mesa vs Poconos: Short-Term Rental Market Comparison,https://www.bnbaccelerator.com/compare/markets/phoenix-mesa-vs-poconos/,True,,2,0,1,1,0,True,True,False,False,,Unreviewed; count alone does not establish content quality,,,,Page-level GSC metrics were not supplied; no indexing inference
https://www.bnbaccelerator.com/compare/markets/scottsdale-vs-sedona/,Scottsdale vs Sedona: Short-Term Rental Market Comparison,https://www.bnbaccelerator.com/compare/markets/scottsdale-vs-sedona/,True,,2,0,1,1,0,True,True,False,False,,Unreviewed; count alone does not establish content quality,,,,Page-level GSC metrics were not supplied; no indexing inference
https://www.bnbaccelerator.com/compare/markets/scottsdale-vs-smoky-mountains/,Scottsdale vs Smoky Mountains: Short-Term Rental Market Comparison,https://www.bnbaccelerator.com/compare/markets/scottsdale-vs-smoky-mountains/,True,,2,0,1,1,0,True,True,False,False,,Unreviewed; count alone does not establish content quality,,,,Page-level GSC metrics were not supplied; no indexing inference
https://www.bnbaccelerator.com/compare/markets/sedona-vs-smoky-mountains/,Sedona vs Smoky Mountains: Short-Term Rental Market Comparison,https://www.bnbaccelerator.com/compare/markets/sedona-vs-smoky-mountains/,True,,2,0,1,1,0,True,True,False,False,,Unreviewed; count alone does not establish content quality,,,,Page-level GSC metrics were not supplied; no indexing inference
https://www.bnbaccelerator.com/compare/zuubly/,BNB Accelerator vs Review Websites Such as Zuubly: Buyer Responsibilities,https://www.bnbaccelerator.com/compare/zuubly/,True,,2,0,1,1,0,True,True,False,False,,Unreviewed; count alone does not establish content quality,,,,Page-level GSC metrics were not supplied; no indexing inference
https://www.bnbaccelerator.com/data/,Short-Term Rental Market Data (2026),https://www.bnbaccelerator.com/data/,True,,1599,0,0,5,1594,True,True,False,False,,Unreviewed; count alone does not establish content quality,,,,Page-level GSC metrics were not supplied; no indexing inference
https://www.bnbaccelerator.com/data/str-occupancy-rates-2026/,STR Occupancy Rates by Market (2026 Data),https://www.bnbaccelerator.com/data/str-occupancy-rates-2026/,True,,5,0,4,1,0,True,True,False,False,,Unreviewed; count alone does not establish content quality,,,,Page-level GSC metrics were not supplied; no indexing inference
https://www.bnbaccelerator.com/faq/client-questions/,STR Purchase and Launch Client FAQ | BNB Accelerator,https://www.bnbaccelerator.com/faq/client-questions/,True,,37,0,1,2,34,True,True,False,False,,Unreviewed; count alone does not establish content quality,,,,Page-level GSC metrics were not supplied; no indexing inference
https://www.bnbaccelerator.com/faq/client-questions/after-closing/,Immediately After Your STR Closing | BNB Accelerator,https://www.bnbaccelerator.com/faq/client-questions/after-closing/,True,,4,0,1,1,2,True,True,False,False,,Unreviewed; count alone does not establish content quality,,,,Page-level GSC metrics were not supplied; no indexing inference
https://www.bnbaccelerator.com/faq/client-questions/agents-offers/,"Buyer Agents, Commission and Offers | BNB Accelerator",https://www.bnbaccelerator.com/faq/client-questions/agents-offers/,True,,4,0,1,1,2,True,True,False,False,,Unreviewed; count alone does not establish content quality,,,,Page-level GSC metrics were not supplied; no indexing inference
https://www.bnbaccelerator.com/faq/client-questions/amenity-investment/,STR Amenities and Return on Investment | BNB Accelerator,https://www.bnbaccelerator.com/faq/client-questions/amenity-investment/,True,,4,0,1,1,2,True,True,False,False,,Unreviewed; count alone does not establish content quality,,,,Page-level GSC metrics were not supplied; no indexing inference
https://www.bnbaccelerator.com/faq/client-questions/appraisals/,STR Purchase Appraisals | BNB Accelerator,https://www.bnbaccelerator.com/faq/client-questions/appraisals/,True,,4,0,1,1,2,True,True,False,False,,Unreviewed; count alone does not establish content quality,,,,Page-level GSC metrics were not supplied; no indexing inference
https://www.bnbaccelerator.com/faq/client-questions/bookkeeping/,STR Accounting and Bookkeeping | BNB Accelerator,https://www.bnbaccelerator.com/faq/client-questions/bookkeeping/,True,,4,0,1,1,2,True,True,False,False,,Unreviewed; count alone does not establish content quality,,,,Page-level GSC metrics were not supplied; no indexing inference
https://www.bnbaccelerator.com/faq/client-questions/cash-reserves/,STR Cash Reserves and Downside Planning | BNB Accelerator,https://www.bnbaccelerator.com/faq/client-questions/cash-reserves/,True,,4,0,1,1,2,True,True,False,False,,Unreviewed; count alone does not establish content quality,,,,Page-level GSC metrics were not supplied; no indexing inference
https://www.bnbaccelerator.com/faq/client-questions/closing-documents/,STR Closing Documents and Final Numbers | BNB Accelerator,https://www.bnbaccelerator.com/faq/client-questions/closing-documents/,True,,4,0,1,1,2,True,True,False,False,,Unreviewed; count alone does not establish content quality,,,,Page-level GSC metrics were not supplied; no indexing inference
https://www.bnbaccelerator.com/faq/client-questions/compliance-regulations/,STR Compliance and Regulatory Risk | BNB Accelerator,https://www.bnbaccelerator.com/faq/client-questions/compliance-regulations/,True,,4,0,1,1,2,True,True,False,False,,Unreviewed; count alone does not establish content quality,,,,Page-level GSC metrics were not supplied; no indexing inference
https://www.bnbaccelerator.com/faq/client-questions/cost-segregation-tax-setup/,Cost Segregation and STR Tax Setup | BNB Accelerator,https://www.bnbaccelerator.com/faq/client-questions/cost-segregation-tax-setup/,True,,4,0,1,1,2,True,True,False,False,,Unreviewed; count alone does not establish content quality,,,,Page-level GSC metrics were not supplied; no indexing inference
https://www.bnbaccelerator.com/faq/client-questions/earnest-money-deadlines/,Earnest Money and Contract Deadlines | BNB Accelerator,https://www.bnbaccelerator.com/faq/client-questions/earnest-money-deadlines/,True,,4,0,1,1,2,True,True,False,False,,Unreviewed; count alone does not establish content quality,,,,Page-level GSC metrics were not supplied; no indexing inference
https://www.bnbaccelerator.com/faq/client-questions/evaluating-properties/,Evaluating an STR Property | BNB Accelerator,https://www.bnbaccelerator.com/faq/client-questions/evaluating-properties/,True,,4,0,1,1,2,True,True,False,False,,Unreviewed; count alone does not establish content quality,,,,Page-level GSC metrics were not supplied; no indexing inference
https://www.bnbaccelerator.com/faq/client-questions/existing-rentals-listing-transfer/,Buying an Existing STR and Listing Handoff | BNB Accelerator,https://www.bnbaccelerator.com/faq/client-questions/existing-rentals-listing-transfer/,True,,4,0,1,1,2,True,True,False,False,,Unreviewed; count alone does not establish content quality,,,,Page-level GSC metrics were not supplied; no indexing inference
https://www.bnbaccelerator.com/faq/client-questions/financing-preapproval/,STR Financing and Preapproval | BNB Accelerator,https://www.bnbaccelerator.com/faq/client-questions/financing-preapproval/,True,,3,0,1,1,1,True,True,False,False,,Unreviewed; count alone does not establish content quality,,,,Page-level GSC metrics were not supplied; no indexing inference
https://www.bnbaccelerator.com/faq/client-questions/guest-safety-readiness/,STR Guest Safety and Emergency Planning | BNB Accelerator,https://www.bnbaccelerator.com/faq/client-questions/guest-safety-readiness/,True,,4,0,1,1,2,True,True,False,False,,Unreviewed; count alone does not establish content quality,,,,Page-level GSC metrics were not supplied; no indexing inference
https://www.bnbaccelerator.com/faq/client-questions/inspections-repairs/,STR Inspections and Repair Negotiations | BNB Accelerator,https://www.bnbaccelerator.com/faq/client-questions/inspections-repairs/,True,,4,0,1,1,2,True,True,False,False,,Unreviewed; count alone does not establish content quality,,,,Page-level GSC metrics were not supplied; no indexing inference
https://www.bnbaccelerator.com/faq/client-questions/insurance/,Short-Term Rental Insurance | BNB Accelerator,https://www.bnbaccelerator.com/faq/client-questions/insurance/,True,,4,0,1,1,2,True,True,False,False,,Unreviewed; count alone does not establish content quality,,,,Page-level GSC metrics were not supplied; no indexing inference
https://www.bnbaccelerator.com/faq/client-questions/launch-readiness/,STR Launch Readiness and First Guests | BNB Accelerator,https://www.bnbaccelerator.com/faq/client-questions/launch-readiness/,True,,4,0,1,1,2,True,True,False,False,,Unreviewed; count alone does not establish content quality,,,,Page-level GSC metrics were not supplied; no indexing inference
https://www.bnbaccelerator.com/faq/client-questions/llc-title-ownership/,"STR LLCs, Title and Ownership | BNB Accelerator",https://www.bnbaccelerator.com/faq/client-questions/llc-title-ownership/,True,,4,0,1,1,2,True,True,False,False,,Unreviewed; count alone does not establish content quality,,,,Page-level GSC metrics were not supplied; no indexing inference
https://www.bnbaccelerator.com/faq/client-questions/management-design-vendors/,"STR Managers, Designers and Vendors | BNB Accelerator",https://www.bnbaccelerator.com/faq/client-questions/management-design-vendors/,True,,4,0,1,1,2,True,True,False,False,,Unreviewed; count alone does not establish content quality,,,,Page-level GSC metrics were not supplied; no indexing inference
https://www.bnbaccelerator.com/faq/client-questions/manager-reporting/,STR Property Manager Reporting and Accountability | BNB Accelerator,https://www.bnbaccelerator.com/faq/client-questions/manager-reporting/,True,,4,0,1,1,2,True,True,False,False,,Unreviewed; count alone does not establish content quality,,,,Page-level GSC metrics were not supplied; no indexing inference
https://www.bnbaccelerator.com/faq/client-questions/offer-strategy-seller-credits/,STR Offer Strategy and Seller Credits | BNB Accelerator,https://www.bnbaccelerator.com/faq/client-questions/offer-strategy-seller-credits/,True,,4,0,1,1,2,True,True,False,False,,Unreviewed; count alone does not establish content quality,,,,Page-level GSC metrics were not supplied; no indexing inference
https://www.bnbaccelerator.com/faq/client-questions/portfolio-growth/,Growing a Short-Term Rental Portfolio | BNB Accelerator,https://www.bnbaccelerator.com/faq/client-questions/portfolio-growth/,True,,4,0,1,1,2,True,True,False,False,,Unreviewed; count alone does not establish content quality,,,,Page-level GSC metrics were not supplied; no indexing inference
https://www.bnbaccelerator.com/faq/client-questions/proforma-revenue/,STR Pro Forma and Revenue Assumptions | BNB Accelerator,https://www.bnbaccelerator.com/faq/client-questions/proforma-revenue/,True,,4,0,1,1,2,True,True,False,False,,Unreviewed; count alone does not establish content quality,,,,Page-level GSC metrics were not supplied; no indexing inference
https://www.bnbaccelerator.com/faq/client-questions/purchase-readiness/,STR Buyer Readiness and Acquisition Criteria | BNB Accelerator,https://www.bnbaccelerator.com/faq/client-questions/purchase-readiness/,True,,3,0,1,1,1,True,True,False,False,,Unreviewed; count alone does not establish content quality,,,,Page-level GSC metrics were not supplied; no indexing inference
https://www.bnbaccelerator.com/faq/client-questions/refinancing-exit/,STR Refinancing and Exit Planning | BNB Accelerator,https://www.bnbaccelerator.com/faq/client-questions/refinancing-exit/,True,,4,0,1,1,2,True,True,False,False,,Unreviewed; count alone does not establish content quality,,,,Page-level GSC metrics were not supplied; no indexing inference
https://www.bnbaccelerator.com/faq/client-questions/remote-buying/,Buying an STR Remotely | BNB Accelerator,https://www.bnbaccelerator.com/faq/client-questions/remote-buying/,True,,4,0,1,1,2,True,True,False,False,,Unreviewed; count alone does not establish content quality,,,,Page-level GSC metrics were not supplied; no indexing inference
https://www.bnbaccelerator.com/faq/client-questions/renovation-budget-controls/,STR Renovation Budgets and Change Orders | BNB Accelerator,https://www.bnbaccelerator.com/faq/client-questions/renovation-budget-controls/,True,,4,0,1,1,2,True,True,False,False,,Unreviewed; count alone does not establish content quality,,,,Page-level GSC metrics were not supplied; no indexing inference
https://www.bnbaccelerator.com/faq/client-questions/seasonality-pricing/,STR Seasonality and Pricing Decisions | BNB Accelerator,https://www.bnbaccelerator.com/faq/client-questions/seasonality-pricing/,True,,4,0,1,1,2,True,True,False,False,,Unreviewed; count alone does not establish content quality,,,,Page-level GSC metrics were not supplied; no indexing inference
https://www.bnbaccelerator.com/faq/client-questions/seller-revenue-verification/,Verifying an STR Seller's Revenue | BNB Accelerator,https://www.bnbaccelerator.com/faq/client-questions/seller-revenue-verification/,True,,4,0,1,1,2,True,True,False,False,,Unreviewed; count alone does not establish content quality,,,,Page-level GSC metrics were not supplied; no indexing inference
https://www.bnbaccelerator.com/faq/client-questions/site-visits-material-participation/,Site Visits and Material Participation | BNB Accelerator,https://www.bnbaccelerator.com/faq/client-questions/site-visits-material-participation/,True,,4,0,1,1,2,True,True,False,False,,Unreviewed; count alone does not establish content quality,,,,Page-level GSC metrics were not supplied; no indexing inference
https://www.bnbaccelerator.com/faq/client-questions/title-escrow-closing/,"Title, Escrow and STR Closing | BNB Accelerator",https://www.bnbaccelerator.com/faq/client-questions/title-escrow-closing/,True,,4,0,1,1,2,True,True,False,False,,Unreviewed; count alone does not establish content quality,,,,Page-level GSC metrics were not supplied; no indexing inference
https://www.bnbaccelerator.com/faq/client-questions/under-contract/,Your STR Purchase Under Contract | BNB Accelerator,https://www.bnbaccelerator.com/faq/client-questions/under-contract/,True,,4,0,1,1,2,True,True,False,False,,Unreviewed; count alone does not establish content quality,,,,Page-level GSC metrics were not supplied; no indexing inference
https://www.bnbaccelerator.com/faq/client-questions/utilities-access/,STR Utilities and Property Access | BNB Accelerator,https://www.bnbaccelerator.com/faq/client-questions/utilities-access/,True,,4,0,1,1,2,True,True,False,False,,Unreviewed; count alone does not establish content quality,,,,Page-level GSC metrics were not supplied; no indexing inference
https://www.bnbaccelerator.com/faq/client-questions/vendor-payments-coordination/,Vendor Payments and Post-Close Coordination | BNB Accelerator,https://www.bnbaccelerator.com/faq/client-questions/vendor-payments-coordination/,True,,4,0,1,1,2,True,True,False,False,,Unreviewed; count alone does not establish content quality,,,,Page-level GSC metrics were not supplied; no indexing inference
https://www.bnbaccelerator.com/financing/down-payment-strategies/,"STR Down Payment Strategies: HELOC, 1031, Partners (2026)",https://www.bnbaccelerator.com/financing/down-payment-strategies/,True,,7,0,6,1,0,True,True,False,False,,Unreviewed; count alone does not establish content quality,,,,Page-level GSC metrics were not supplied; no indexing inference
https://www.bnbaccelerator.com/guides/,Short-Term Rental Guides & Free Resources (2026),https://www.bnbaccelerator.com/guides/,True,,1599,0,0,5,1594,True,True,False,False,,Unreviewed; count alone does not establish content quality,,,,Page-level GSC metrics were not supplied; no indexing inference
https://www.bnbaccelerator.com/guides/airbnb-recession-risk/,Airbnb in a Recession: Stress-Test an STR,https://www.bnbaccelerator.com/guides/airbnb-recession-risk/,True,,2,0,1,1,0,True,True,False,False,,Unreviewed; count alone does not establish content quality,,,,Page-level GSC metrics were not supplied; no indexing inference
https://www.bnbaccelerator.com/guides/airbnb-response-rate/,Airbnb Response Rate: How to Measure and Improve It,https://www.bnbaccelerator.com/guides/airbnb-response-rate/,True,,2,0,1,1,0,True,True,False,False,,Unreviewed; count alone does not establish content quality,,,,Page-level GSC metrics were not supplied; no indexing inference
https://www.bnbaccelerator.com/guides/str-furnishing-design-guide/,STR Furnishing and Design Guide (2026),https://www.bnbaccelerator.com/guides/str-furnishing-design-guide/,True,,5,0,4,1,0,True,True,False,False,,Unreviewed; count alone does not establish content quality,,,,Page-level GSC metrics were not supplied; no indexing inference
https://www.bnbaccelerator.com/guides/str-investment/a-frame-cabin/appraisal-risk/,A-Frame Cabin STR Appraisal Risk Guide | BNB Accelerator,https://www.bnbaccelerator.com/guides/str-investment/a-frame-cabin/appraisal-risk/,True,,6,0,4,2,0,True,True,False,False,,Unreviewed; count alone does not establish content quality,,,,Page-level GSC metrics were not supplied; no indexing inference
https://www.bnbaccelerator.com/guides/str-investment/a-frame-cabin/break-even-occupancy/,A-Frame Cabin STR Break-Even Occupancy Guide | BNB Accelerator,https://www.bnbaccelerator.com/guides/str-investment/a-frame-cabin/break-even-occupancy/,True,,6,0,4,2,0,True,True,False,False,,Unreviewed; count alone does not establish content quality,,,,Page-level GSC metrics were not supplied; no indexing inference
https://www.bnbaccelerator.com/guides/str-investment/a-frame-cabin/bridge-financing/,A-Frame Cabin STR Bridge Financing Guide | BNB Accelerator,https://www.bnbaccelerator.com/guides/str-investment/a-frame-cabin/bridge-financing/,True,,6,0,4,2,0,True,True,False,False,,Unreviewed; count alone does not establish content quality,,,,Page-level GSC metrics were not supplied; no indexing inference
https://www.bnbaccelerator.com/guides/str-investment/a-frame-cabin/cash-flow-downside/,A-Frame Cabin STR Cash-Flow Downside Guide | BNB Accelerator,https://www.bnbaccelerator.com/guides/str-investment/a-frame-cabin/cash-flow-downside/,True,,6,0,4,2,0,True,True,False,False,,Unreviewed; count alone does not establish content quality,,,,Page-level GSC metrics were not supplied; no indexing inference
https://www.bnbaccelerator.com/guides/str-investment/a-frame-cabin/cash-on-cash-return/,A-Frame Cabin STR Cash-On-Cash Return Guide | BNB Accelerator,https://www.bnbaccelerator.com/guides/str-investment/a-frame-cabin/cash-on-cash-return/,True,,6,0,4,2,0,True,True,False,False,,Unreviewed; count alone does not establish content quality,,,,Page-level GSC metrics were not supplied; no indexing inference
https://www.bnbaccelerator.com/guides/str-investment/a-frame-cabin/cleaning-cost/,A-Frame Cabin STR Cleaning Cost Guide | BNB Accelerator,https://www.bnbaccelerator.com/guides/str-investment/a-frame-cabin/cleaning-cost/,True,,6,0,4,2,0,True,True,False,False,,Unreviewed; count alone does not establish content quality,,,,Page-level GSC metrics were not supplied; no indexing inference
https://www.bnbaccelerator.com/guides/str-investment/a-frame-cabin/conventional-financing/,A-Frame Cabin STR Conventional Financing Guide | BNB Accelerator,https://www.bnbaccelerator.com/guides/str-investment/a-frame-cabin/conventional-financing/,True,,6,0,4,2,0,True,True,False,False,,Unreviewed; count alone does not establish content quality,,,,Page-level GSC metrics were not supplied; no indexing inference
https://www.bnbaccelerator.com/guides/str-investment/a-frame-cabin/dscr-loan/,A-Frame Cabin STR DSCR Loan Guide | BNB Accelerator,https://www.bnbaccelerator.com/guides/str-investment/a-frame-cabin/dscr-loan/,True,,6,0,4,2,0,True,True,False,False,,Unreviewed; count alone does not establish content quality,,,,Page-level GSC metrics were not supplied; no indexing inference
https://www.bnbaccelerator.com/guides/str-investment/a-frame-cabin/exit-strategy/,A-Frame Cabin STR Exit Strategy Guide | BNB Accelerator,https://www.bnbaccelerator.com/guides/str-investment/a-frame-cabin/exit-strategy/,True,,6,0,4,2,0,True,True,False,False,,Unreviewed; count alone does not establish content quality,,,,Page-level GSC metrics were not supplied; no indexing inference
https://www.bnbaccelerator.com/guides/str-investment/a-frame-cabin/furnishing-budget/,A-Frame Cabin STR Furnishing Budget Guide | BNB Accelerator,https://www.bnbaccelerator.com/guides/str-investment/a-frame-cabin/furnishing-budget/,True,,6,0,4,2,0,True,True,False,False,,Unreviewed; count alone does not establish content quality,,,,Page-level GSC metrics were not supplied; no indexing inference
https://www.bnbaccelerator.com/guides/str-investment/a-frame-cabin/hoa-diligence/,A-Frame Cabin STR HOA Diligence Guide | BNB Accelerator,https://www.bnbaccelerator.com/guides/str-investment/a-frame-cabin/hoa-diligence/,True,,6,0,4,2,0,True,True,False,False,,Unreviewed; count alone does not establish content quality,,,,Page-level GSC metrics were not supplied; no indexing inference
https://www.bnbaccelerator.com/guides/str-investment/a-frame-cabin/insurance-quote/,A-Frame Cabin STR Insurance Quote Guide | BNB Accelerator,https://www.bnbaccelerator.com/guides/str-investment/a-frame-cabin/insurance-quote/,True,,6,0,4,2,0,True,True,False,False,,Unreviewed; count alone does not establish content quality,,,,Page-level GSC metrics were not supplied; no indexing inference
https://www.bnbaccelerator.com/guides/str-investment/a-frame-cabin/investment-cost/,A-Frame Cabin STR Investment Cost Guide | BNB Accelerator,https://www.bnbaccelerator.com/guides/str-investment/a-frame-cabin/investment-cost/,True,,6,0,4,2,0,True,True,False,False,,Unreviewed; count alone does not establish content quality,,,,Page-level GSC metrics were not supplied; no indexing inference
https://www.bnbaccelerator.com/guides/str-investment/a-frame-cabin/maintenance-reserve/,A-Frame Cabin STR Maintenance Reserve Guide | BNB Accelerator,https://www.bnbaccelerator.com/guides/str-investment/a-frame-cabin/maintenance-reserve/,True,,6,0,4,2,0,True,True,False,False,,Unreviewed; count alone does not establish content quality,,,,Page-level GSC metrics were not supplied; no indexing inference
https://www.bnbaccelerator.com/guides/str-investment/a-frame-cabin/management-cost/,A-Frame Cabin STR Management Cost Guide | BNB Accelerator,https://www.bnbaccelerator.com/guides/str-investment/a-frame-cabin/management-cost/,True,,6,0,4,2,0,True,True,False,False,,Unreviewed; count alone does not establish content quality,,,,Page-level GSC metrics were not supplied; no indexing inference
https://www.bnbaccelerator.com/guides/str-investment/a-frame-cabin/offer-contingencies/,A-Frame Cabin STR Offer Contingencies Guide | BNB Accelerator,https://www.bnbaccelerator.com/guides/str-investment/a-frame-cabin/offer-contingencies/,True,,6,0,4,2,0,True,True,False,False,,Unreviewed; count alone does not establish content quality,,,,Page-level GSC metrics were not supplied; no indexing inference
https://www.bnbaccelerator.com/guides/str-investment/a-frame-cabin/permit-diligence/,A-Frame Cabin STR Permit Diligence Guide | BNB Accelerator,https://www.bnbaccelerator.com/guides/str-investment/a-frame-cabin/permit-diligence/,True,,6,0,4,2,0,True,True,False,False,,Unreviewed; count alone does not establish content quality,,,,Page-level GSC metrics were not supplied; no indexing inference
https://www.bnbaccelerator.com/guides/str-investment/a-frame-cabin/property-inspection/,A-Frame Cabin STR Property Inspection Guide | BNB Accelerator,https://www.bnbaccelerator.com/guides/str-investment/a-frame-cabin/property-inspection/,True,,6,0,4,2,0,True,True,False,False,,Unreviewed; count alone does not establish content quality,,,,Page-level GSC metrics were not supplied; no indexing inference
https://www.bnbaccelerator.com/guides/str-investment/a-frame-cabin/property-tax-reset/,A-Frame Cabin STR Property-Tax Reset Guide | BNB Accelerator,https://www.bnbaccelerator.com/guides/str-investment/a-frame-cabin/property-tax-reset/,True,,6,0,4,2,0,True,True,False,False,,Unreviewed; count alone does not establish content quality,,,,Page-level GSC metrics were not supplied; no indexing inference
https://www.bnbaccelerator.com/guides/str-investment/a-frame-cabin/purchase-price-limit/,A-Frame Cabin STR Purchase-Price Limit Guide | BNB Accelerator,https://www.bnbaccelerator.com/guides/str-investment/a-frame-cabin/purchase-price-limit/,True,,6,0,4,2,0,True,True,False,False,,Unreviewed; count alone does not establish content quality,,,,Page-level GSC metrics were not supplied; no indexing inference
https://www.bnbaccelerator.com/guides/str-investment/a-frame-cabin/renovation-budget/,A-Frame Cabin STR Renovation Budget Guide | BNB Accelerator,https://www.bnbaccelerator.com/guides/str-investment/a-frame-cabin/renovation-budget/,True,,6,0,4,2,0,True,True,False,False,,Unreviewed; count alone does not establish content quality,,,,Page-level GSC metrics were not supplied; no indexing inference
https://www.bnbaccelerator.com/guides/str-investment/a-frame-cabin/revenue-forecast/,A-Frame Cabin STR Revenue Forecast Guide | BNB Accelerator,https://www.bnbaccelerator.com/guides/str-investment/a-frame-cabin/revenue-forecast/,True,,6,0,4,2,0,True,True,False,False,,Unreviewed; count alone does not establish content quality,,,,Page-level GSC metrics were not supplied; no indexing inference
https://www.bnbaccelerator.com/guides/str-investment/a-frame-cabin/seller-financials/,A-Frame Cabin STR Seller Financials Guide | BNB Accelerator,https://www.bnbaccelerator.com/guides/str-investment/a-frame-cabin/seller-financials/,True,,6,0,4,2,0,True,True,False,False,,Unreviewed; count alone does not establish content quality,,,,Page-level GSC metrics were not supplied; no indexing inference
https://www.bnbaccelerator.com/guides/str-investment/a-frame-cabin/seller-financing/,A-Frame Cabin STR Seller Financing Guide | BNB Accelerator,https://www.bnbaccelerator.com/guides/str-investment/a-frame-cabin/seller-financing/,True,,6,0,4,2,0,True,True,False,False,,Unreviewed; count alone does not establish content quality,,,,Page-level GSC metrics were not supplied; no indexing inference
https://www.bnbaccelerator.com/guides/str-investment/a-frame-cabin/utility-cost/,A-Frame Cabin STR Utility Cost Guide | BNB Accelerator,https://www.bnbaccelerator.com/guides/str-investment/a-frame-cabin/utility-cost/,True,,6,0,4,2,0,True,True,False,False,,Unreviewed; count alone does not establish content quality,,,,Page-level GSC metrics were not supplied; no indexing inference
https://www.bnbaccelerator.com/guides/str-investment/beach-house/appraisal-risk/,Beach House STR Appraisal Risk Guide | BNB Accelerator,https://www.bnbaccelerator.com/guides/str-investment/beach-house/appraisal-risk/,True,,6,0,4,2,0,True,True,False,False,,Unreviewed; count alone does not establish content quality,,,,Page-level GSC metrics were not supplied; no indexing inference
https://www.bnbaccelerator.com/guides/str-investment/beach-house/break-even-occupancy/,Beach House STR Break-Even Occupancy Guide | BNB Accelerator,https://www.bnbaccelerator.com/guides/str-investment/beach-house/break-even-occupancy/,True,,6,0,4,2,0,True,True,False,False,,Unreviewed; count alone does not establish content quality,,,,Page-level GSC metrics were not supplied; no indexing inference
https://www.bnbaccelerator.com/guides/str-investment/beach-house/bridge-financing/,Beach House STR Bridge Financing Guide | BNB Accelerator,https://www.bnbaccelerator.com/guides/str-investment/beach-house/bridge-financing/,True,,6,0,4,2,0,True,True,False,False,,Unreviewed; count alone does not establish content quality,,,,Page-level GSC metrics were not supplied; no indexing inference
https://www.bnbaccelerator.com/guides/str-investment/beach-house/cash-flow-downside/,Beach House STR Cash-Flow Downside Guide | BNB Accelerator,https://www.bnbaccelerator.com/guides/str-investment/beach-house/cash-flow-downside/,True,,6,0,4,2,0,True,True,False,False,,Unreviewed; count alone does not establish content quality,,,,Page-level GSC metrics were not supplied; no indexing inference
https://www.bnbaccelerator.com/guides/str-investment/beach-house/cash-on-cash-return/,Beach House STR Cash-On-Cash Return Guide | BNB Accelerator,https://www.bnbaccelerator.com/guides/str-investment/beach-house/cash-on-cash-return/,True,,6,0,4,2,0,True,True,False,False,,Unreviewed; count alone does not establish content quality,,,,Page-level GSC metrics were not supplied; no indexing inference
https://www.bnbaccelerator.com/guides/str-investment/beach-house/cleaning-cost/,Beach House STR Cleaning Cost Guide | BNB Accelerator,https://www.bnbaccelerator.com/guides/str-investment/beach-house/cleaning-cost/,True,,6,0,4,2,0,True,True,False,False,,Unreviewed; count alone does not establish content quality,,,,Page-level GSC metrics were not supplied; no indexing inference
https://www.bnbaccelerator.com/guides/str-investment/beach-house/conventional-financing/,Beach House STR Conventional Financing Guide | BNB Accelerator,https://www.bnbaccelerator.com/guides/str-investment/beach-house/conventional-financing/,True,,6,0,4,2,0,True,True,False,False,,Unreviewed; count alone does not establish content quality,,,,Page-level GSC metrics were not supplied; no indexing inference
https://www.bnbaccelerator.com/guides/str-investment/beach-house/dscr-loan/,Beach House STR DSCR Loan Guide | BNB Accelerator,https://www.bnbaccelerator.com/guides/str-investment/beach-house/dscr-loan/,True,,6,0,4,2,0,True,True,False,False,,Unreviewed; count alone does not establish content quality,,,,Page-level GSC metrics were not supplied; no indexing inference
https://www.bnbaccelerator.com/guides/str-investment/beach-house/exit-strategy/,Beach House STR Exit Strategy Guide | BNB Accelerator,https://www.bnbaccelerator.com/guides/str-investment/beach-house/exit-strategy/,True,,6,0,4,2,0,True,True,False,False,,Unreviewed; count alone does not establish content quality,,,,Page-level GSC metrics were not supplied; no indexing inference
https://www.bnbaccelerator.com/guides/str-investment/beach-house/furnishing-budget/,Beach House STR Furnishing Budget Guide | BNB Accelerator,https://www.bnbaccelerator.com/guides/str-investment/beach-house/furnishing-budget/,True,,6,0,4,2,0,True,True,False,False,,Unreviewed; count alone does not establish content quality,,,,Page-level GSC metrics were not supplied; no indexing inference
https://www.bnbaccelerator.com/guides/str-investment/beach-house/hoa-diligence/,Beach House STR HOA Diligence Guide | BNB Accelerator,https://www.bnbaccelerator.com/guides/str-investment/beach-house/hoa-diligence/,True,,6,0,4,2,0,True,True,False,False,,Unreviewed; count alone does not establish content quality,,,,Page-level GSC metrics were not supplied; no indexing inference
https://www.bnbaccelerator.com/guides/str-investment/beach-house/insurance-quote/,Beach House STR Insurance Quote Guide | BNB Accelerator,https://www.bnbaccelerator.com/guides/str-investment/beach-house/insurance-quote/,True,,6,0,4,2,0,True,True,False,False,,Unreviewed; count alone does not establish content quality,,,,Page-level GSC metrics were not supplied; no indexing inference
https://www.bnbaccelerator.com/guides/str-investment/beach-house/investment-cost/,Beach House STR Investment Cost Guide | BNB Accelerator,https://www.bnbaccelerator.com/guides/str-investment/beach-house/investment-cost/,True,,6,0,4,2,0,True,True,False,False,,Unreviewed; count alone does not establish content quality,0,19,7.7368421052631575,"Supplied page-dimension GSC export: Sep 6–Oct 3; daily coverage Sep 18 onward; sparse signal, not indexing or authority proof"
https://www.bnbaccelerator.com/guides/str-investment/beach-house/maintenance-reserve/,Beach House STR Maintenance Reserve Guide | BNB Accelerator,https://www.bnbaccelerator.com/guides/str-investment/beach-house/maintenance-reserve/,True,,6,0,4,2,0,True,True,False,False,,Unreviewed; count alone does not establish content quality,,,,Page-level GSC metrics were not supplied; no indexing inference
https://www.bnbaccelerator.com/guides/str-investment/beach-house/management-cost/,Beach House STR Management Cost Guide | BNB Accelerator,https://www.bnbaccelerator.com/guides/str-investment/beach-house/management-cost/,True,,6,0,4,2,0,True,True,False,False,,Unreviewed; count alone does not establish content quality,,,,Page-level GSC metrics were not supplied; no indexing inference
https://www.bnbaccelerator.com/guides/str-investment/beach-house/offer-contingencies/,Beach House STR Offer Contingencies Guide | BNB Accelerator,https://www.bnbaccelerator.com/guides/str-investment/beach-house/offer-contingencies/,True,,6,0,4,2,0,True,True,False,False,,Unreviewed; count alone does not establish content quality,,,,Page-level GSC metrics were not supplied; no indexing inference
https://www.bnbaccelerator.com/guides/str-investment/beach-house/permit-diligence/,Beach House STR Permit Diligence Guide | BNB Accelerator,https://www.bnbaccelerator.com/guides/str-investment/beach-house/permit-diligence/,True,,6,0,4,2,0,True,True,False,False,,Unreviewed; count alone does not establish content quality,,,,Page-level GSC metrics were not supplied; no indexing inference
https://www.bnbaccelerator.com/guides/str-investment/beach-house/property-inspection/,Beach House STR Property Inspection Guide | BNB Accelerator,https://www.bnbaccelerator.com/guides/str-investment/beach-house/property-inspection/,True,,6,0,4,2,0,True,True,False,False,,Unreviewed; count alone does not establish content quality,,,,Page-level GSC metrics were not supplied; no indexing inference
https://www.bnbaccelerator.com/guides/str-investment/beach-house/property-tax-reset/,Beach House STR Property-Tax Reset Guide | BNB Accelerator,https://www.bnbaccelerator.com/guides/str-investment/beach-house/property-tax-reset/,True,,6,0,4,2,0,True,True,False,False,,Unreviewed; count alone does not establish content quality,,,,Page-level GSC metrics were not supplied; no indexing inference
https://www.bnbaccelerator.com/guides/str-investment/beach-house/purchase-price-limit/,Beach House STR Purchase-Price Limit Guide | BNB Accelerator,https://www.bnbaccelerator.com/guides/str-investment/beach-house/purchase-price-limit/,True,,6,0,4,2,0,True,True,False,False,,Unreviewed; count alone does not establish content quality,,,,Page-level GSC metrics were not supplied; no indexing inference
https://www.bnbaccelerator.com/guides/str-investment/beach-house/renovation-budget/,Beach House STR Renovation Budget Guide | BNB Accelerator,https://www.bnbaccelerator.com/guides/str-investment/beach-house/renovation-budget/,True,,6,0,4,2,0,True,True,False,False,,Unreviewed; count alone does not establish content quality,,,,Page-level GSC metrics were not supplied; no indexing inference
https://www.bnbaccelerator.com/guides/str-investment/beach-house/revenue-forecast/,Beach House STR Revenue Forecast Guide | BNB Accelerator,https://www.bnbaccelerator.com/guides/str-investment/beach-house/revenue-forecast/,True,,6,0,4,2,0,True,True,False,False,,Unreviewed; count alone does not establish content quality,,,,Page-level GSC metrics were not supplied; no indexing inference
https://www.bnbaccelerator.com/guides/str-investment/beach-house/seller-financials/,Beach House STR Seller Financials Guide | BNB Accelerator,https://www.bnbaccelerator.com/guides/str-investment/beach-house/seller-financials/,True,,6,0,4,2,0,True,True,False,False,,Unreviewed; count alone does not establish content quality,,,,Page-level GSC metrics were not supplied; no indexing inference
https://www.bnbaccelerator.com/guides/str-investment/beach-house/seller-financing/,Beach House STR Seller Financing Guide | BNB Accelerator,https://www.bnbaccelerator.com/guides/str-investment/beach-house/seller-financing/,True,,6,0,4,2,0,True,True,False,False,,Unreviewed; count alone does not establish content quality,,,,Page-level GSC metrics were not supplied; no indexing inference
https://www.bnbaccelerator.com/guides/str-investment/beach-house/utility-cost/,Beach House STR Utility Cost Guide | BNB Accelerator,https://www.bnbaccelerator.com/guides/str-investment/beach-house/utility-cost/,True,,6,0,4,2,0,True,True,False,False,,Unreviewed; count alone does not establish content quality,,,,Page-level GSC metrics were not supplied; no indexing inference
https://www.bnbaccelerator.com/guides/str-investment/desert-home/appraisal-risk/,Desert Vacation Home STR Appraisal Risk Guide | BNB Accelerator,https://www.bnbaccelerator.com/guides/str-investment/desert-home/appraisal-risk/,True,,6,0,4,2,0,True,True,False,False,,Unreviewed; count alone does not establish content quality,,,,Page-level GSC metrics were not supplied; no indexing inference
https://www.bnbaccelerator.com/guides/str-investment/desert-home/break-even-occupancy/,Desert Vacation Home STR Break-Even Occupancy Guide | BNB Accelerator,https://www.bnbaccelerator.com/guides/str-investment/desert-home/break-even-occupancy/,True,,6,0,4,2,0,True,True,False,False,,Unreviewed; count alone does not establish content quality,,,,Page-level GSC metrics were not supplied; no indexing inference
https://www.bnbaccelerator.com/guides/str-investment/desert-home/bridge-financing/,Desert Vacation Home STR Bridge Financing Guide | BNB Accelerator,https://www.bnbaccelerator.com/guides/str-investment/desert-home/bridge-financing/,True,,6,0,4,2,0,True,True,False,False,,Unreviewed; count alone does not establish content quality,,,,Page-level GSC metrics were not supplied; no indexing inference
https://www.bnbaccelerator.com/guides/str-investment/desert-home/cash-flow-downside/,Desert Vacation Home STR Cash-Flow Downside Guide | BNB Accelerator,https://www.bnbaccelerator.com/guides/str-investment/desert-home/cash-flow-downside/,True,,6,0,4,2,0,True,True,False,False,,Unreviewed; count alone does not establish content quality,,,,Page-level GSC metrics were not supplied; no indexing inference
https://www.bnbaccelerator.com/guides/str-investment/desert-home/cash-on-cash-return/,Desert Vacation Home STR Cash-On-Cash Return Guide | BNB Accelerator,https://www.bnbaccelerator.com/guides/str-investment/desert-home/cash-on-cash-return/,True,,6,0,4,2,0,True,True,False,False,,Unreviewed; count alone does not establish content quality,,,,Page-level GSC metrics were not supplied; no indexing inference
https://www.bnbaccelerator.com/guides/str-investment/desert-home/cleaning-cost/,Desert Vacation Home STR Cleaning Cost Guide | BNB Accelerator,https://www.bnbaccelerator.com/guides/str-investment/desert-home/cleaning-cost/,True,,6,0,4,2,0,True,True,False,False,,Unreviewed; count alone does not establish content quality,,,,Page-level GSC metrics were not supplied; no indexing inference
https://www.bnbaccelerator.com/guides/str-investment/desert-home/conventional-financing/,Desert Vacation Home STR Conventional Financing Guide | BNB Accelerator,https://www.bnbaccelerator.com/guides/str-investment/desert-home/conventional-financing/,True,,6,0,4,2,0,True,True,False,False,,Unreviewed; count alone does not establish content quality,,,,Page-level GSC metrics were not supplied; no indexing inference
https://www.bnbaccelerator.com/guides/str-investment/desert-home/dscr-loan/,Desert Vacation Home STR DSCR Loan Guide | BNB Accelerator,https://www.bnbaccelerator.com/guides/str-investment/desert-home/dscr-loan/,True,,6,0,4,2,0,True,True,False,False,,Unreviewed; count alone does not establish content quality,,,,Page-level GSC metrics were not supplied; no indexing inference
https://www.bnbaccelerator.com/guides/str-investment/desert-home/exit-strategy/,Desert Vacation Home STR Exit Strategy Guide | BNB Accelerator,https://www.bnbaccelerator.com/guides/str-investment/desert-home/exit-strategy/,True,,6,0,4,2,0,True,True,False,False,,Unreviewed; count alone does not establish content quality,,,,Page-level GSC metrics were not supplied; no indexing inference
https://www.bnbaccelerator.com/guides/str-investment/desert-home/furnishing-budget/,Desert Vacation Home STR Furnishing Budget Guide | BNB Accelerator,https://www.bnbaccelerator.com/guides/str-investment/desert-home/furnishing-budget/,True,,6,0,4,2,0,True,True,False,False,,Unreviewed; count alone does not establish content quality,,,,Page-level GSC metrics were not supplied; no indexing inference
https://www.bnbaccelerator.com/guides/str-investment/desert-home/hoa-diligence/,Desert Vacation Home STR HOA Diligence Guide | BNB Accelerator,https://www.bnbaccelerator.com/guides/str-investment/desert-home/hoa-diligence/,True,,6,0,4,2,0,True,True,False,False,,Unreviewed; count alone does not establish content quality,,,,Page-level GSC metrics were not supplied; no indexing inference
https://www.bnbaccelerator.com/guides/str-investment/desert-home/insurance-quote/,Desert Vacation Home STR Insurance Quote Guide | BNB Accelerator,https://www.bnbaccelerator.com/guides/str-investment/desert-home/insurance-quote/,True,,6,0,4,2,0,True,True,False,False,,Unreviewed; count alone does not establish content quality,,,,Page-level GSC metrics were not supplied; no indexing inference
https://www.bnbaccelerator.com/guides/str-investment/desert-home/investment-cost/,Desert Vacation Home STR Investment Cost Guide | BNB Accelerator,https://www.bnbaccelerator.com/guides/str-investment/desert-home/investment-cost/,True,,6,0,4,2,0,True,True,False,False,,Unreviewed; count alone does not establish content quality,,,,Page-level GSC metrics were not supplied; no indexing inference
https://www.bnbaccelerator.com/guides/str-investment/desert-home/maintenance-reserve/,Desert Vacation Home STR Maintenance Reserve Guide | BNB Accelerator,https://www.bnbaccelerator.com/guides/str-investment/desert-home/maintenance-reserve/,True,,6,0,4,2,0,True,True,False,False,,Unreviewed; count alone does not establish content quality,,,,Page-level GSC metrics were not supplied; no indexing inference
https://www.bnbaccelerator.com/guides/str-investment/desert-home/management-cost/,Desert Vacation Home STR Management Cost Guide | BNB Accelerator,https://www.bnbaccelerator.com/guides/str-investment/desert-home/management-cost/,True,,6,0,4,2,0,True,True,False,False,,Unreviewed; count alone does not establish content quality,,,,Page-level GSC metrics were not supplied; no indexing inference
https://www.bnbaccelerator.com/guides/str-investment/desert-home/offer-contingencies/,Desert Vacation Home STR Offer Contingencies Guide | BNB Accelerator,https://www.bnbaccelerator.com/guides/str-investment/desert-home/offer-contingencies/,True,,6,0,4,2,0,True,True,False,False,,Unreviewed; count alone does not establish content quality,,,,Page-level GSC metrics were not supplied; no indexing inference
https://www.bnbaccelerator.com/guides/str-investment/desert-home/permit-diligence/,Desert Vacation Home STR Permit Diligence Guide | BNB Accelerator,https://www.bnbaccelerator.com/guides/str-investment/desert-home/permit-diligence/,True,,6,0,4,2,0,True,True,False,False,,Unreviewed; count alone does not establish content quality,,,,Page-level GSC metrics were not supplied; no indexing inference
https://www.bnbaccelerator.com/guides/str-investment/desert-home/property-inspection/,Desert Vacation Home STR Property Inspection Guide | BNB Accelerator,https://www.bnbaccelerator.com/guides/str-investment/desert-home/property-inspection/,True,,6,0,4,2,0,True,True,False,False,,Unreviewed; count alone does not establish content quality,,,,Page-level GSC metrics were not supplied; no indexing inference
https://www.bnbaccelerator.com/guides/str-investment/desert-home/property-tax-reset/,Desert Vacation Home STR Property-Tax Reset Guide | BNB Accelerator,https://www.bnbaccelerator.com/guides/str-investment/desert-home/property-tax-reset/,True,,6,0,4,2,0,True,True,False,False,,Unreviewed; count alone does not establish content quality,,,,Page-level GSC metrics were not supplied; no indexing inference
https://www.bnbaccelerator.com/guides/str-investment/desert-home/purchase-price-limit/,Desert Vacation Home STR Purchase-Price Limit Guide | BNB Accelerator,https://www.bnbaccelerator.com/guides/str-investment/desert-home/purchase-price-limit/,True,,6,0,4,2,0,True,True,False,False,,Unreviewed; count alone does not establish content quality,,,,Page-level GSC metrics were not supplied; no indexing inference
https://www.bnbaccelerator.com/guides/str-investment/desert-home/renovation-budget/,Desert Vacation Home STR Renovation Budget Guide | BNB Accelerator,https://www.bnbaccelerator.com/guides/str-investment/desert-home/renovation-budget/,True,,6,0,4,2,0,True,True,False,False,,Unreviewed; count alone does not establish content quality,,,,Page-level GSC metrics were not supplied; no indexing inference
https://www.bnbaccelerator.com/guides/str-investment/desert-home/revenue-forecast/,Desert Vacation Home STR Revenue Forecast Guide | BNB Accelerator,https://www.bnbaccelerator.com/guides/str-investment/desert-home/revenue-forecast/,True,,6,0,4,2,0,True,True,False,False,,Unreviewed; count alone does not establish content quality,,,,Page-level GSC metrics were not supplied; no indexing inference
https://www.bnbaccelerator.com/guides/str-investment/desert-home/seller-financials/,Desert Vacation Home STR Seller Financials Guide | BNB Accelerator,https://www.bnbaccelerator.com/guides/str-investment/desert-home/seller-financials/,True,,6,0,4,2,0,True,True,False,False,,Unreviewed; count alone does not establish content quality,,,,Page-level GSC metrics were not supplied; no indexing inference
https://www.bnbaccelerator.com/guides/str-investment/desert-home/seller-financing/,Desert Vacation Home STR Seller Financing Guide | BNB Accelerator,https://www.bnbaccelerator.com/guides/str-investment/desert-home/seller-financing/,True,,6,0,4,2,0,True,True,False,False,,Unreviewed; count alone does not establish content quality,,,,Page-level GSC metrics were not supplied; no indexing inference
https://www.bnbaccelerator.com/guides/str-investment/desert-home/utility-cost/,Desert Vacation Home STR Utility Cost Guide | BNB Accelerator,https://www.bnbaccelerator.com/guides/str-investment/desert-home/utility-cost/,True,,6,0,4,2,0,True,True,False,False,,Unreviewed; count alone does not establish content quality,,,,Page-level GSC metrics were not supplied; no indexing inference
https://www.bnbaccelerator.com/guides/str-investment/duplex/appraisal-risk/,Duplex STR Appraisal Risk Guide | BNB Accelerator,https://www.bnbaccelerator.com/guides/str-investment/duplex/appraisal-risk/,True,,6,0,4,2,0,True,True,False,False,,Unreviewed; count alone does not establish content quality,,,,Page-level GSC metrics were not supplied; no indexing inference
https://www.bnbaccelerator.com/guides/str-investment/duplex/break-even-occupancy/,Duplex STR Break-Even Occupancy Guide | BNB Accelerator,https://www.bnbaccelerator.com/guides/str-investment/duplex/break-even-occupancy/,True,,6,0,4,2,0,True,True,False,False,,Unreviewed; count alone does not establish content quality,,,,Page-level GSC metrics were not supplied; no indexing inference
https://www.bnbaccelerator.com/guides/str-investment/duplex/bridge-financing/,Duplex STR Bridge Financing Guide | BNB Accelerator,https://www.bnbaccelerator.com/guides/str-investment/duplex/bridge-financing/,True,,6,0,4,2,0,True,True,False,False,,Unreviewed; count alone does not establish content quality,,,,Page-level GSC metrics were not supplied; no indexing inference
https://www.bnbaccelerator.com/guides/str-investment/duplex/cash-flow-downside/,Duplex STR Cash-Flow Downside Guide | BNB Accelerator,https://www.bnbaccelerator.com/guides/str-investment/duplex/cash-flow-downside/,True,,6,0,4,2,0,True,True,False,False,,Unreviewed; count alone does not establish content quality,,,,Page-level GSC metrics were not supplied; no indexing inference
https://www.bnbaccelerator.com/guides/str-investment/duplex/cash-on-cash-return/,Duplex STR Cash-On-Cash Return Guide | BNB Accelerator,https://www.bnbaccelerator.com/guides/str-investment/duplex/cash-on-cash-return/,True,,6,0,4,2,0,True,True,False,False,,Unreviewed; count alone does not establish content quality,,,,Page-level GSC metrics were not supplied; no indexing inference
https://www.bnbaccelerator.com/guides/str-investment/duplex/cleaning-cost/,Duplex STR Cleaning Cost Guide | BNB Accelerator,https://www.bnbaccelerator.com/guides/str-investment/duplex/cleaning-cost/,True,,6,0,4,2,0,True,True,False,False,,Unreviewed; count alone does not establish content quality,,,,Page-level GSC metrics were not supplied; no indexing inference
https://www.bnbaccelerator.com/guides/str-investment/duplex/conventional-financing/,Duplex STR Conventional Financing Guide | BNB Accelerator,https://www.bnbaccelerator.com/guides/str-investment/duplex/conventional-financing/,True,,6,0,4,2,0,True,True,False,False,,Unreviewed; count alone does not establish content quality,,,,Page-level GSC metrics were not supplied; no indexing inference
https://www.bnbaccelerator.com/guides/str-investment/duplex/dscr-loan/,Duplex STR DSCR Loan Guide | BNB Accelerator,https://www.bnbaccelerator.com/guides/str-investment/duplex/dscr-loan/,True,,6,0,4,2,0,True,True,False,False,,Unreviewed; count alone does not establish content quality,,,,Page-level GSC metrics were not supplied; no indexing inference
https://www.bnbaccelerator.com/guides/str-investment/duplex/exit-strategy/,Duplex STR Exit Strategy Guide | BNB Accelerator,https://www.bnbaccelerator.com/guides/str-investment/duplex/exit-strategy/,True,,6,0,4,2,0,True,True,False,False,,Unreviewed; count alone does not establish content quality,,,,Page-level GSC metrics were not supplied; no indexing inference
https://www.bnbaccelerator.com/guides/str-investment/duplex/furnishing-budget/,Duplex STR Furnishing Budget Guide | BNB Accelerator,https://www.bnbaccelerator.com/guides/str-investment/duplex/furnishing-budget/,True,,6,0,4,2,0,True,True,False,False,,Unreviewed; count alone does not establish content quality,,,,Page-level GSC metrics were not supplied; no indexing inference
https://www.bnbaccelerator.com/guides/str-investment/duplex/hoa-diligence/,Duplex STR HOA Diligence Guide | BNB Accelerator,https://www.bnbaccelerator.com/guides/str-investment/duplex/hoa-diligence/,True,,6,0,4,2,0,True,True,False,False,,Unreviewed; count alone does not establish content quality,,,,Page-level GSC metrics were not supplied; no indexing inference
https://www.bnbaccelerator.com/guides/str-investment/duplex/insurance-quote/,Duplex STR Insurance Quote Guide | BNB Accelerator,https://www.bnbaccelerator.com/guides/str-investment/duplex/insurance-quote/,True,,6,0,4,2,0,True,True,False,False,,Unreviewed; count alone does not establish content quality,,,,Page-level GSC metrics were not supplied; no indexing inference
https://www.bnbaccelerator.com/guides/str-investment/duplex/investment-cost/,Duplex STR Investment Cost Guide | BNB Accelerator,https://www.bnbaccelerator.com/guides/str-investment/duplex/investment-cost/,True,,6,0,4,2,0,True,True,False,False,,Unreviewed; count alone does not establish content quality,,,,Page-level GSC metrics were not supplied; no indexing inference
https://www.bnbaccelerator.com/guides/str-investment/duplex/maintenance-reserve/,Duplex STR Maintenance Reserve Guide | BNB Accelerator,https://www.bnbaccelerator.com/guides/str-investment/duplex/maintenance-reserve/,True,,6,0,4,2,0,True,True,False,False,,Unreviewed; count alone does not establish content quality,,,,Page-level GSC metrics were not supplied; no indexing inference
https://www.bnbaccelerator.com/guides/str-investment/duplex/management-cost/,Duplex STR Management Cost Guide | BNB Accelerator,https://www.bnbaccelerator.com/guides/str-investment/duplex/management-cost/,True,,6,0,4,2,0,True,True,False,False,,Unreviewed; count alone does not establish content quality,,,,Page-level GSC metrics were not supplied; no indexing inference
https://www.bnbaccelerator.com/guides/str-investment/duplex/offer-contingencies/,Duplex STR Offer Contingencies Guide | BNB Accelerator,https://www.bnbaccelerator.com/guides/str-investment/duplex/offer-contingencies/,True,,6,0,4,2,0,True,True,False,False,,Unreviewed; count alone does not establish content quality,,,,Page-level GSC metrics were not supplied; no indexing inference
https://www.bnbaccelerator.com/guides/str-investment/duplex/permit-diligence/,Duplex STR Permit Diligence Guide | BNB Accelerator,https://www.bnbaccelerator.com/guides/str-investment/duplex/permit-diligence/,True,,6,0,4,2,0,True,True,False,False,,Unreviewed; count alone does not establish content quality,,,,Page-level GSC metrics were not supplied; no indexing inference
https://www.bnbaccelerator.com/guides/str-investment/duplex/property-inspection/,Duplex STR Property Inspection Guide | BNB Accelerator,https://www.bnbaccelerator.com/guides/str-investment/duplex/property-inspection/,True,,6,0,4,2,0,True,True,False,False,,Unreviewed; count alone does not establish content quality,,,,Page-level GSC metrics were not supplied; no indexing inference
https://www.bnbaccelerator.com/guides/str-investment/duplex/property-tax-reset/,Duplex STR Property-Tax Reset Guide | BNB Accelerator,https://www.bnbaccelerator.com/guides/str-investment/duplex/property-tax-reset/,True,,6,0,4,2,0,True,True,False,False,,Unreviewed; count alone does not establish content quality,,,,Page-level GSC metrics were not supplied; no indexing inference
https://www.bnbaccelerator.com/guides/str-investment/duplex/purchase-price-limit/,Duplex STR Purchase-Price Limit Guide | BNB Accelerator,https://www.bnbaccelerator.com/guides/str-investment/duplex/purchase-price-limit/,True,,6,0,4,2,0,True,True,False,False,,Unreviewed; count alone does not establish content quality,,,,Page-level GSC metrics were not supplied; no indexing inference
https://www.bnbaccelerator.com/guides/str-investment/duplex/renovation-budget/,Duplex STR Renovation Budget Guide | BNB Accelerator,https://www.bnbaccelerator.com/guides/str-investment/duplex/renovation-budget/,True,,6,0,4,2,0,True,True,False,False,,Unreviewed; count alone does not establish content quality,,,,Page-level GSC metrics were not supplied; no indexing inference
https://www.bnbaccelerator.com/guides/str-investment/duplex/revenue-forecast/,Duplex STR Revenue Forecast Guide | BNB Accelerator,https://www.bnbaccelerator.com/guides/str-investment/duplex/revenue-forecast/,True,,6,0,4,2,0,True,True,False,False,,Unreviewed; count alone does not establish content quality,,,,Page-level GSC metrics were not supplied; no indexing inference
https://www.bnbaccelerator.com/guides/str-investment/duplex/seller-financials/,Duplex STR Seller Financials Guide | BNB Accelerator,https://www.bnbaccelerator.com/guides/str-investment/duplex/seller-financials/,True,,6,0,4,2,0,True,True,False,False,,Unreviewed; count alone does not establish content quality,,,,Page-level GSC metrics were not supplied; no indexing inference
https://www.bnbaccelerator.com/guides/str-investment/duplex/seller-financing/,Duplex STR Seller Financing Guide | BNB Accelerator,https://www.bnbaccelerator.com/guides/str-investment/duplex/seller-financing/,True,,6,0,4,2,0,True,True,False,False,,Unreviewed; count alone does not establish content quality,,,,Page-level GSC metrics were not supplied; no indexing inference
https://www.bnbaccelerator.com/guides/str-investment/duplex/utility-cost/,Duplex STR Utility Cost Guide | BNB Accelerator,https://www.bnbaccelerator.com/guides/str-investment/duplex/utility-cost/,True,,6,0,4,2,0,True,True,False,False,,Unreviewed; count alone does not establish content quality,,,,Page-level GSC metrics were not supplied; no indexing inference
https://www.bnbaccelerator.com/guides/str-investment/fourplex/appraisal-risk/,Fourplex STR Appraisal Risk Guide | BNB Accelerator,https://www.bnbaccelerator.com/guides/str-investment/fourplex/appraisal-risk/,True,,6,0,4,2,0,True,True,False,False,,Unreviewed; count alone does not establish content quality,,,,Page-level GSC metrics were not supplied; no indexing inference
https://www.bnbaccelerator.com/guides/str-investment/fourplex/break-even-occupancy/,Fourplex STR Break-Even Occupancy Guide | BNB Accelerator,https://www.bnbaccelerator.com/guides/str-investment/fourplex/break-even-occupancy/,True,,6,0,4,2,0,True,True,False,False,,Unreviewed; count alone does not establish content quality,0,12,19.75,"Supplied page-dimension GSC export: Sep 6–Oct 3; daily coverage Sep 18 onward; sparse signal, not indexing or authority proof"
https://www.bnbaccelerator.com/guides/str-investment/fourplex/bridge-financing/,Fourplex STR Bridge Financing Guide | BNB Accelerator,https://www.bnbaccelerator.com/guides/str-investment/fourplex/bridge-financing/,True,,6,0,4,2,0,True,True,False,False,,Unreviewed; count alone does not establish content quality,,,,Page-level GSC metrics were not supplied; no indexing inference
https://www.bnbaccelerator.com/guides/str-investment/fourplex/cash-flow-downside/,Fourplex STR Cash-Flow Downside Guide | BNB Accelerator,https://www.bnbaccelerator.com/guides/str-investment/fourplex/cash-flow-downside/,True,,6,0,4,2,0,True,True,False,False,,Unreviewed; count alone does not establish content quality,,,,Page-level GSC metrics were not supplied; no indexing inference
https://www.bnbaccelerator.com/guides/str-investment/fourplex/cash-on-cash-return/,Fourplex STR Cash-On-Cash Return Guide | BNB Accelerator,https://www.bnbaccelerator.com/guides/str-investment/fourplex/cash-on-cash-return/,True,,6,0,4,2,0,True,True,False,False,,Unreviewed; count alone does not establish content quality,,,,Page-level GSC metrics were not supplied; no indexing inference
https://www.bnbaccelerator.com/guides/str-investment/fourplex/cleaning-cost/,Fourplex STR Cleaning Cost Guide | BNB Accelerator,https://www.bnbaccelerator.com/guides/str-investment/fourplex/cleaning-cost/,True,,6,0,4,2,0,True,True,False,False,,Unreviewed; count alone does not establish content quality,,,,Page-level GSC metrics were not supplied; no indexing inference
https://www.bnbaccelerator.com/guides/str-investment/fourplex/conventional-financing/,Fourplex STR Conventional Financing Guide | BNB Accelerator,https://www.bnbaccelerator.com/guides/str-investment/fourplex/conventional-financing/,True,,6,0,4,2,0,True,True,False,False,,Unreviewed; count alone does not establish content quality,,,,Page-level GSC metrics were not supplied; no indexing inference
https://www.bnbaccelerator.com/guides/str-investment/fourplex/dscr-loan/,Fourplex STR DSCR Loan Guide | BNB Accelerator,https://www.bnbaccelerator.com/guides/str-investment/fourplex/dscr-loan/,True,,6,0,4,2,0,True,True,False,False,,Unreviewed; count alone does not establish content quality,,,,Page-level GSC metrics were not supplied; no indexing inference
https://www.bnbaccelerator.com/guides/str-investment/fourplex/exit-strategy/,Fourplex STR Exit Strategy Guide | BNB Accelerator,https://www.bnbaccelerator.com/guides/str-investment/fourplex/exit-strategy/,True,,6,0,4,2,0,True,True,False,False,,Unreviewed; count alone does not establish content quality,,,,Page-level GSC metrics were not supplied; no indexing inference
https://www.bnbaccelerator.com/guides/str-investment/fourplex/furnishing-budget/,Fourplex STR Furnishing Budget Guide | BNB Accelerator,https://www.bnbaccelerator.com/guides/str-investment/fourplex/furnishing-budget/,True,,6,0,4,2,0,True,True,False,False,,Unreviewed; count alone does not establish content quality,,,,Page-level GSC metrics were not supplied; no indexing inference
https://www.bnbaccelerator.com/guides/str-investment/fourplex/hoa-diligence/,Fourplex STR HOA Diligence Guide | BNB Accelerator,https://www.bnbaccelerator.com/guides/str-investment/fourplex/hoa-diligence/,True,,6,0,4,2,0,True,True,False,False,,Unreviewed; count alone does not establish content quality,,,,Page-level GSC metrics were not supplied; no indexing inference
https://www.bnbaccelerator.com/guides/str-investment/fourplex/insurance-quote/,Fourplex STR Insurance Quote Guide | BNB Accelerator,https://www.bnbaccelerator.com/guides/str-investment/fourplex/insurance-quote/,True,,6,0,4,2,0,True,True,False,False,,Unreviewed; count alone does not establish content quality,,,,Page-level GSC metrics were not supplied; no indexing inference
https://www.bnbaccelerator.com/guides/str-investment/fourplex/investment-cost/,Fourplex STR Investment Cost Guide | BNB Accelerator,https://www.bnbaccelerator.com/guides/str-investment/fourplex/investment-cost/,True,,6,0,4,2,0,True,True,False,False,,Unreviewed; count alone does not establish content quality,,,,Page-level GSC metrics were not supplied; no indexing inference
https://www.bnbaccelerator.com/guides/str-investment/fourplex/maintenance-reserve/,Fourplex STR Maintenance Reserve Guide | BNB Accelerator,https://www.bnbaccelerator.com/guides/str-investment/fourplex/maintenance-reserve/,True,,6,0,4,2,0,True,True,False,False,,Unreviewed; count alone does not establish content quality,,,,Page-level GSC metrics were not supplied; no indexing inference
https://www.bnbaccelerator.com/guides/str-investment/fourplex/management-cost/,Fourplex STR Management Cost Guide | BNB Accelerator,https://www.bnbaccelerator.com/guides/str-investment/fourplex/management-cost/,True,,6,0,4,2,0,True,True,False,False,,Unreviewed; count alone does not establish content quality,,,,Page-level GSC metrics were not supplied; no indexing inference
https://www.bnbaccelerator.com/guides/str-investment/fourplex/offer-contingencies/,Fourplex STR Offer Contingencies Guide | BNB Accelerator,https://www.bnbaccelerator.com/guides/str-investment/fourplex/offer-contingencies/,True,,6,0,4,2,0,True,True,False,False,,Unreviewed; count alone does not establish content quality,,,,Page-level GSC metrics were not supplied; no indexing inference
https://www.bnbaccelerator.com/guides/str-investment/fourplex/permit-diligence/,Fourplex STR Permit Diligence Guide | BNB Accelerator,https://www.bnbaccelerator.com/guides/str-investment/fourplex/permit-diligence/,True,,6,0,4,2,0,True,True,False,False,,Unreviewed; count alone does not establish content quality,,,,Page-level GSC metrics were not supplied; no indexing inference
https://www.bnbaccelerator.com/guides/str-investment/fourplex/property-inspection/,Fourplex STR Property Inspection Guide | BNB Accelerator,https://www.bnbaccelerator.com/guides/str-investment/fourplex/property-inspection/,True,,6,0,4,2,0,True,True,False,False,,Unreviewed; count alone does not establish content quality,,,,Page-level GSC metrics were not supplied; no indexing inference
https://www.bnbaccelerator.com/guides/str-investment/fourplex/property-tax-reset/,Fourplex STR Property-Tax Reset Guide | BNB Accelerator,https://www.bnbaccelerator.com/guides/str-investment/fourplex/property-tax-reset/,True,,6,0,4,2,0,True,True,False,False,,Unreviewed; count alone does not establish content quality,,,,Page-level GSC metrics were not supplied; no indexing inference
https://www.bnbaccelerator.com/guides/str-investment/fourplex/purchase-price-limit/,Fourplex STR Purchase-Price Limit Guide | BNB Accelerator,https://www.bnbaccelerator.com/guides/str-investment/fourplex/purchase-price-limit/,True,,6,0,4,2,0,True,True,False,False,,Unreviewed; count alone does not establish content quality,,,,Page-level GSC metrics were not supplied; no indexing inference
https://www.bnbaccelerator.com/guides/str-investment/fourplex/renovation-budget/,Fourplex STR Renovation Budget Guide | BNB Accelerator,https://www.bnbaccelerator.com/guides/str-investment/fourplex/renovation-budget/,True,,6,0,4,2,0,True,True,False,False,,Unreviewed; count alone does not establish content quality,,,,Page-level GSC metrics were not supplied; no indexing inference
https://www.bnbaccelerator.com/guides/str-investment/fourplex/revenue-forecast/,Fourplex STR Revenue Forecast Guide | BNB Accelerator,https://www.bnbaccelerator.com/guides/str-investment/fourplex/revenue-forecast/,True,,6,0,4,2,0,True,True,False,False,,Unreviewed; count alone does not establish content quality,,,,Page-level GSC metrics were not supplied; no indexing inference
https://www.bnbaccelerator.com/guides/str-investment/fourplex/seller-financials/,Fourplex STR Seller Financials Guide | BNB Accelerator,https://www.bnbaccelerator.com/guides/str-investment/fourplex/seller-financials/,True,,6,0,4,2,0,True,True,False,False,,Unreviewed; count alone does not establish content quality,,,,Page-level GSC metrics were not supplied; no indexing inference
https://www.bnbaccelerator.com/guides/str-investment/fourplex/seller-financing/,Fourplex STR Seller Financing Guide | BNB Accelerator,https://www.bnbaccelerator.com/guides/str-investment/fourplex/seller-financing/,True,,6,0,4,2,0,True,True,False,False,,Unreviewed; count alone does not establish content quality,,,,Page-level GSC metrics were not supplied; no indexing inference
https://www.bnbaccelerator.com/guides/str-investment/fourplex/utility-cost/,Fourplex STR Utility Cost Guide | BNB Accelerator,https://www.bnbaccelerator.com/guides/str-investment/fourplex/utility-cost/,True,,6,0,4,2,0,True,True,False,False,,Unreviewed; count alone does not establish content quality,,,,Page-level GSC metrics were not supplied; no indexing inference
https://www.bnbaccelerator.com/guides/str-investment/historic-home/appraisal-risk/,Historic Home STR Appraisal Risk Guide | BNB Accelerator,https://www.bnbaccelerator.com/guides/str-investment/historic-home/appraisal-risk/,True,,6,0,4,2,0,True,True,False,False,,Unreviewed; count alone does not establish content quality,,,,Page-level GSC metrics were not supplied; no indexing inference
https://www.bnbaccelerator.com/guides/str-investment/historic-home/break-even-occupancy/,Historic Home STR Break-Even Occupancy Guide | BNB Accelerator,https://www.bnbaccelerator.com/guides/str-investment/historic-home/break-even-occupancy/,True,,6,0,4,2,0,True,True,False,False,,Unreviewed; count alone does not establish content quality,,,,Page-level GSC metrics were not supplied; no indexing inference
https://www.bnbaccelerator.com/guides/str-investment/historic-home/bridge-financing/,Historic Home STR Bridge Financing Guide | BNB Accelerator,https://www.bnbaccelerator.com/guides/str-investment/historic-home/bridge-financing/,True,,6,0,4,2,0,True,True,False,False,,Unreviewed; count alone does not establish content quality,,,,Page-level GSC metrics were not supplied; no indexing inference
https://www.bnbaccelerator.com/guides/str-investment/historic-home/cash-flow-downside/,Historic Home STR Cash-Flow Downside Guide | BNB Accelerator,https://www.bnbaccelerator.com/guides/str-investment/historic-home/cash-flow-downside/,True,,6,0,4,2,0,True,True,False,False,,Unreviewed; count alone does not establish content quality,,,,Page-level GSC metrics were not supplied; no indexing inference
https://www.bnbaccelerator.com/guides/str-investment/historic-home/cash-on-cash-return/,Historic Home STR Cash-On-Cash Return Guide | BNB Accelerator,https://www.bnbaccelerator.com/guides/str-investment/historic-home/cash-on-cash-return/,True,,6,0,4,2,0,True,True,False,False,,Unreviewed; count alone does not establish content quality,,,,Page-level GSC metrics were not supplied; no indexing inference
https://www.bnbaccelerator.com/guides/str-investment/historic-home/cleaning-cost/,Historic Home STR Cleaning Cost Guide | BNB Accelerator,https://www.bnbaccelerator.com/guides/str-investment/historic-home/cleaning-cost/,True,,6,0,4,2,0,True,True,False,False,,Unreviewed; count alone does not establish content quality,,,,Page-level GSC metrics were not supplied; no indexing inference
https://www.bnbaccelerator.com/guides/str-investment/historic-home/conventional-financing/,Historic Home STR Conventional Financing Guide | BNB Accelerator,https://www.bnbaccelerator.com/guides/str-investment/historic-home/conventional-financing/,True,,6,0,4,2,0,True,True,False,False,,Unreviewed; count alone does not establish content quality,,,,Page-level GSC metrics were not supplied; no indexing inference
https://www.bnbaccelerator.com/guides/str-investment/historic-home/dscr-loan/,Historic Home STR DSCR Loan Guide | BNB Accelerator,https://www.bnbaccelerator.com/guides/str-investment/historic-home/dscr-loan/,True,,6,0,4,2,0,True,True,False,False,,Unreviewed; count alone does not establish content quality,,,,Page-level GSC metrics were not supplied; no indexing inference
https://www.bnbaccelerator.com/guides/str-investment/historic-home/exit-strategy/,Historic Home STR Exit Strategy Guide | BNB Accelerator,https://www.bnbaccelerator.com/guides/str-investment/historic-home/exit-strategy/,True,,6,0,4,2,0,True,True,False,False,,Unreviewed; count alone does not establish content quality,,,,Page-level GSC metrics were not supplied; no indexing inference
https://www.bnbaccelerator.com/guides/str-investment/historic-home/furnishing-budget/,Historic Home STR Furnishing Budget Guide | BNB Accelerator,https://www.bnbaccelerator.com/guides/str-investment/historic-home/furnishing-budget/,True,,6,0,4,2,0,True,True,False,False,,Unreviewed; count alone does not establish content quality,,,,Page-level GSC metrics were not supplied; no indexing inference
https://www.bnbaccelerator.com/guides/str-investment/historic-home/hoa-diligence/,Historic Home STR HOA Diligence Guide | BNB Accelerator,https://www.bnbaccelerator.com/guides/str-investment/historic-home/hoa-diligence/,True,,6,0,4,2,0,True,True,False,False,,Unreviewed; count alone does not establish content quality,,,,Page-level GSC metrics were not supplied; no indexing inference
https://www.bnbaccelerator.com/guides/str-investment/historic-home/insurance-quote/,Historic Home STR Insurance Quote Guide | BNB Accelerator,https://www.bnbaccelerator.com/guides/str-investment/historic-home/insurance-quote/,True,,6,0,4,2,0,True,True,False,False,,Unreviewed; count alone does not establish content quality,,,,Page-level GSC metrics were not supplied; no indexing inference
https://www.bnbaccelerator.com/guides/str-investment/historic-home/investment-cost/,Historic Home STR Investment Cost Guide | BNB Accelerator,https://www.bnbaccelerator.com/guides/str-investment/historic-home/investment-cost/,True,,6,0,4,2,0,True,True,False,False,,Unreviewed; count alone does not establish content quality,,,,Page-level GSC metrics were not supplied; no indexing inference
https://www.bnbaccelerator.com/guides/str-investment/historic-home/maintenance-reserve/,Historic Home STR Maintenance Reserve Guide | BNB Accelerator,https://www.bnbaccelerator.com/guides/str-investment/historic-home/maintenance-reserve/,True,,6,0,4,2,0,True,True,False,False,,Unreviewed; count alone does not establish content quality,,,,Page-level GSC metrics were not supplied; no indexing inference
https://www.bnbaccelerator.com/guides/str-investment/historic-home/management-cost/,Historic Home STR Management Cost Guide | BNB Accelerator,https://www.bnbaccelerator.com/guides/str-investment/historic-home/management-cost/,True,,6,0,4,2,0,True,True,False,False,,Unreviewed; count alone does not establish content quality,,,,Page-level GSC metrics were not supplied; no indexing inference
https://www.bnbaccelerator.com/guides/str-investment/historic-home/offer-contingencies/,Historic Home STR Offer Contingencies Guide | BNB Accelerator,https://www.bnbaccelerator.com/guides/str-investment/historic-home/offer-contingencies/,True,,6,0,4,2,0,True,True,False,False,,Unreviewed; count alone does not establish content quality,,,,Page-level GSC metrics were not supplied; no indexing inference
https://www.bnbaccelerator.com/guides/str-investment/historic-home/permit-diligence/,Historic Home STR Permit Diligence Guide | BNB Accelerator,https://www.bnbaccelerator.com/guides/str-investment/historic-home/permit-diligence/,True,,6,0,4,2,0,True,True,False,False,,Unreviewed; count alone does not establish content quality,,,,Page-level GSC metrics were not supplied; no indexing inference
https://www.bnbaccelerator.com/guides/str-investment/historic-home/property-inspection/,Historic Home STR Property Inspection Guide | BNB Accelerator,https://www.bnbaccelerator.com/guides/str-investment/historic-home/property-inspection/,True,,6,0,4,2,0,True,True,False,False,,Unreviewed; count alone does not establish content quality,,,,Page-level GSC metrics were not supplied; no indexing inference
https://www.bnbaccelerator.com/guides/str-investment/historic-home/property-tax-reset/,Historic Home STR Property-Tax Reset Guide | BNB Accelerator,https://www.bnbaccelerator.com/guides/str-investment/historic-home/property-tax-reset/,True,,6,0,4,2,0,True,True,False,False,,Unreviewed; count alone does not establish content quality,,,,Page-level GSC metrics were not supplied; no indexing inference
https://www.bnbaccelerator.com/guides/str-investment/historic-home/purchase-price-limit/,Historic Home STR Purchase-Price Limit Guide | BNB Accelerator,https://www.bnbaccelerator.com/guides/str-investment/historic-home/purchase-price-limit/,True,,6,0,4,2,0,True,True,False,False,,Unreviewed; count alone does not establish content quality,,,,Page-level GSC metrics were not supplied; no indexing inference
https://www.bnbaccelerator.com/guides/str-investment/historic-home/renovation-budget/,Historic Home STR Renovation Budget Guide | BNB Accelerator,https://www.bnbaccelerator.com/guides/str-investment/historic-home/renovation-budget/,True,,6,0,4,2,0,True,True,False,False,,Unreviewed; count alone does not establish content quality,,,,Page-level GSC metrics were not supplied; no indexing inference
https://www.bnbaccelerator.com/guides/str-investment/historic-home/revenue-forecast/,Historic Home STR Revenue Forecast Guide | BNB Accelerator,https://www.bnbaccelerator.com/guides/str-investment/historic-home/revenue-forecast/,True,,6,0,4,2,0,True,True,False,False,,Unreviewed; count alone does not establish content quality,,,,Page-level GSC metrics were not supplied; no indexing inference
https://www.bnbaccelerator.com/guides/str-investment/historic-home/seller-financials/,Historic Home STR Seller Financials Guide | BNB Accelerator,https://www.bnbaccelerator.com/guides/str-investment/historic-home/seller-financials/,True,,6,0,4,2,0,True,True,False,False,,Unreviewed; count alone does not establish content quality,,,,Page-level GSC metrics were not supplied; no indexing inference
https://www.bnbaccelerator.com/guides/str-investment/historic-home/seller-financing/,Historic Home STR Seller Financing Guide | BNB Accelerator,https://www.bnbaccelerator.com/guides/str-investment/historic-home/seller-financing/,True,,6,0,4,2,0,True,True,False,False,,Unreviewed; count alone does not establish content quality,,,,Page-level GSC metrics were not supplied; no indexing inference
https://www.bnbaccelerator.com/guides/str-investment/historic-home/utility-cost/,Historic Home STR Utility Cost Guide | BNB Accelerator,https://www.bnbaccelerator.com/guides/str-investment/historic-home/utility-cost/,True,,6,0,4,2,0,True,True,False,False,,Unreviewed; count alone does not establish content quality,,,,Page-level GSC metrics were not supplied; no indexing inference
https://www.bnbaccelerator.com/guides/str-investment/lake-house/appraisal-risk/,Lake House STR Appraisal Risk Guide | BNB Accelerator,https://www.bnbaccelerator.com/guides/str-investment/lake-house/appraisal-risk/,True,,6,0,4,2,0,True,True,False,False,,Unreviewed; count alone does not establish content quality,,,,Page-level GSC metrics were not supplied; no indexing inference
https://www.bnbaccelerator.com/guides/str-investment/lake-house/break-even-occupancy/,Lake House STR Break-Even Occupancy Guide | BNB Accelerator,https://www.bnbaccelerator.com/guides/str-investment/lake-house/break-even-occupancy/,True,,6,0,4,2,0,True,True,False,False,,Unreviewed; count alone does not establish content quality,,,,Page-level GSC metrics were not supplied; no indexing inference
https://www.bnbaccelerator.com/guides/str-investment/lake-house/bridge-financing/,Lake House STR Bridge Financing Guide | BNB Accelerator,https://www.bnbaccelerator.com/guides/str-investment/lake-house/bridge-financing/,True,,6,0,4,2,0,True,True,False,False,,Unreviewed; count alone does not establish content quality,,,,Page-level GSC metrics were not supplied; no indexing inference
https://www.bnbaccelerator.com/guides/str-investment/lake-house/cash-flow-downside/,Lake House STR Cash-Flow Downside Guide | BNB Accelerator,https://www.bnbaccelerator.com/guides/str-investment/lake-house/cash-flow-downside/,True,,6,0,4,2,0,True,True,False,False,,Unreviewed; count alone does not establish content quality,,,,Page-level GSC metrics were not supplied; no indexing inference
https://www.bnbaccelerator.com/guides/str-investment/lake-house/cash-on-cash-return/,Lake House STR Cash-On-Cash Return Guide | BNB Accelerator,https://www.bnbaccelerator.com/guides/str-investment/lake-house/cash-on-cash-return/,True,,6,0,4,2,0,True,True,False,False,,Unreviewed; count alone does not establish content quality,,,,Page-level GSC metrics were not supplied; no indexing inference
https://www.bnbaccelerator.com/guides/str-investment/lake-house/cleaning-cost/,Lake House STR Cleaning Cost Guide | BNB Accelerator,https://www.bnbaccelerator.com/guides/str-investment/lake-house/cleaning-cost/,True,,6,0,4,2,0,True,True,False,False,,Unreviewed; count alone does not establish content quality,,,,Page-level GSC metrics were not supplied; no indexing inference
https://www.bnbaccelerator.com/guides/str-investment/lake-house/conventional-financing/,Lake House STR Conventional Financing Guide | BNB Accelerator,https://www.bnbaccelerator.com/guides/str-investment/lake-house/conventional-financing/,True,,6,0,4,2,0,True,True,False,False,,Unreviewed; count alone does not establish content quality,,,,Page-level GSC metrics were not supplied; no indexing inference
https://www.bnbaccelerator.com/guides/str-investment/lake-house/dscr-loan/,Lake House STR DSCR Loan Guide | BNB Accelerator,https://www.bnbaccelerator.com/guides/str-investment/lake-house/dscr-loan/,True,,6,0,4,2,0,True,True,False,False,,Unreviewed; count alone does not establish content quality,,,,Page-level GSC metrics were not supplied; no indexing inference
https://www.bnbaccelerator.com/guides/str-investment/lake-house/exit-strategy/,Lake House STR Exit Strategy Guide | BNB Accelerator,https://www.bnbaccelerator.com/guides/str-investment/lake-house/exit-strategy/,True,,6,0,4,2,0,True,True,False,False,,Unreviewed; count alone does not establish content quality,,,,Page-level GSC metrics were not supplied; no indexing inference
https://www.bnbaccelerator.com/guides/str-investment/lake-house/furnishing-budget/,Lake House STR Furnishing Budget Guide | BNB Accelerator,https://www.bnbaccelerator.com/guides/str-investment/lake-house/furnishing-budget/,True,,6,0,4,2,0,True,True,False,False,,Unreviewed; count alone does not establish content quality,,,,Page-level GSC metrics were not supplied; no indexing inference
https://www.bnbaccelerator.com/guides/str-investment/lake-house/hoa-diligence/,Lake House STR HOA Diligence Guide | BNB Accelerator,https://www.bnbaccelerator.com/guides/str-investment/lake-house/hoa-diligence/,True,,6,0,4,2,0,True,True,False,False,,Unreviewed; count alone does not establish content quality,,,,Page-level GSC metrics were not supplied; no indexing inference
https://www.bnbaccelerator.com/guides/str-investment/lake-house/insurance-quote/,Lake House STR Insurance Quote Guide | BNB Accelerator,https://www.bnbaccelerator.com/guides/str-investment/lake-house/insurance-quote/,True,,6,0,4,2,0,True,True,False,False,,Unreviewed; count alone does not establish content quality,,,,Page-level GSC metrics were not supplied; no indexing inference
https://www.bnbaccelerator.com/guides/str-investment/lake-house/investment-cost/,Lake House STR Investment Cost Guide | BNB Accelerator,https://www.bnbaccelerator.com/guides/str-investment/lake-house/investment-cost/,True,,6,0,4,2,0,True,True,False,False,,Unreviewed; count alone does not establish content quality,,,,Page-level GSC metrics were not supplied; no indexing inference
https://www.bnbaccelerator.com/guides/str-investment/lake-house/maintenance-reserve/,Lake House STR Maintenance Reserve Guide | BNB Accelerator,https://www.bnbaccelerator.com/guides/str-investment/lake-house/maintenance-reserve/,True,,6,0,4,2,0,True,True,False,False,,Unreviewed; count alone does not establish content quality,,,,Page-level GSC metrics were not supplied; no indexing inference
https://www.bnbaccelerator.com/guides/str-investment/lake-house/management-cost/,Lake House STR Management Cost Guide | BNB Accelerator,https://www.bnbaccelerator.com/guides/str-investment/lake-house/management-cost/,True,,6,0,4,2,0,True,True,False,False,,Unreviewed; count alone does not establish content quality,,,,Page-level GSC metrics were not supplied; no indexing inference
https://www.bnbaccelerator.com/guides/str-investment/lake-house/offer-contingencies/,Lake House STR Offer Contingencies Guide | BNB Accelerator,https://www.bnbaccelerator.com/guides/str-investment/lake-house/offer-contingencies/,True,,6,0,4,2,0,True,True,False,False,,Unreviewed; count alone does not establish content quality,,,,Page-level GSC metrics were not supplied; no indexing inference
https://www.bnbaccelerator.com/guides/str-investment/lake-house/permit-diligence/,Lake House STR Permit Diligence Guide | BNB Accelerator,https://www.bnbaccelerator.com/guides/str-investment/lake-house/permit-diligence/,True,,6,0,4,2,0,True,True,False,False,,Unreviewed; count alone does not establish content quality,,,,Page-level GSC metrics were not supplied; no indexing inference
https://www.bnbaccelerator.com/guides/str-investment/lake-house/property-inspection/,Lake House STR Property Inspection Guide | BNB Accelerator,https://www.bnbaccelerator.com/guides/str-investment/lake-house/property-inspection/,True,,6,0,4,2,0,True,True,False,False,,Unreviewed; count alone does not establish content quality,,,,Page-level GSC metrics were not supplied; no indexing inference
https://www.bnbaccelerator.com/guides/str-investment/lake-house/property-tax-reset/,Lake House STR Property-Tax Reset Guide | BNB Accelerator,https://www.bnbaccelerator.com/guides/str-investment/lake-house/property-tax-reset/,True,,6,0,4,2,0,True,True,False,False,,Unreviewed; count alone does not establish content quality,,,,Page-level GSC metrics were not supplied; no indexing inference
https://www.bnbaccelerator.com/guides/str-investment/lake-house/purchase-price-limit/,Lake House STR Purchase-Price Limit Guide | BNB Accelerator,https://www.bnbaccelerator.com/guides/str-investment/lake-house/purchase-price-limit/,True,,6,0,4,2,0,True,True,False,False,,Unreviewed; count alone does not establish content quality,,,,Page-level GSC metrics were not supplied; no indexing inference
https://www.bnbaccelerator.com/guides/str-investment/lake-house/renovation-budget/,Lake House STR Renovation Budget Guide | BNB Accelerator,https://www.bnbaccelerator.com/guides/str-investment/lake-house/renovation-budget/,True,,6,0,4,2,0,True,True,False,False,,Unreviewed; count alone does not establish content quality,,,,Page-level GSC metrics were not supplied; no indexing inference
https://www.bnbaccelerator.com/guides/str-investment/lake-house/revenue-forecast/,Lake House STR Revenue Forecast Guide | BNB Accelerator,https://www.bnbaccelerator.com/guides/str-investment/lake-house/revenue-forecast/,True,,6,0,4,2,0,True,True,False,False,,Unreviewed; count alone does not establish content quality,,,,Page-level GSC metrics were not supplied; no indexing inference
https://www.bnbaccelerator.com/guides/str-investment/lake-house/seller-financials/,Lake House STR Seller Financials Guide | BNB Accelerator,https://www.bnbaccelerator.com/guides/str-investment/lake-house/seller-financials/,True,,6,0,4,2,0,True,True,False,False,,Unreviewed; count alone does not establish content quality,,,,Page-level GSC metrics were not supplied; no indexing inference
https://www.bnbaccelerator.com/guides/str-investment/lake-house/seller-financing/,Lake House STR Seller Financing Guide | BNB Accelerator,https://www.bnbaccelerator.com/guides/str-investment/lake-house/seller-financing/,True,,6,0,4,2,0,True,True,False,False,,Unreviewed; count alone does not establish content quality,,,,Page-level GSC metrics were not supplied; no indexing inference
https://www.bnbaccelerator.com/guides/str-investment/lake-house/utility-cost/,Lake House STR Utility Cost Guide | BNB Accelerator,https://www.bnbaccelerator.com/guides/str-investment/lake-house/utility-cost/,True,,6,0,4,2,0,True,True,False,False,,Unreviewed; count alone does not establish content quality,,,,Page-level GSC metrics were not supplied; no indexing inference
https://www.bnbaccelerator.com/guides/str-investment/luxury-estate/appraisal-risk/,Luxury Estate STR Appraisal Risk Guide | BNB Accelerator,https://www.bnbaccelerator.com/guides/str-investment/luxury-estate/appraisal-risk/,True,,6,0,4,2,0,True,True,False,False,,Unreviewed; count alone does not establish content quality,,,,Page-level GSC metrics were not supplied; no indexing inference
https://www.bnbaccelerator.com/guides/str-investment/luxury-estate/break-even-occupancy/,Luxury Estate STR Break-Even Occupancy Guide | BNB Accelerator,https://www.bnbaccelerator.com/guides/str-investment/luxury-estate/break-even-occupancy/,True,,6,0,4,2,0,True,True,False,False,,Unreviewed; count alone does not establish content quality,,,,Page-level GSC metrics were not supplied; no indexing inference
https://www.bnbaccelerator.com/guides/str-investment/luxury-estate/bridge-financing/,Luxury Estate STR Bridge Financing Guide | BNB Accelerator,https://www.bnbaccelerator.com/guides/str-investment/luxury-estate/bridge-financing/,True,,6,0,4,2,0,True,True,False,False,,Unreviewed; count alone does not establish content quality,,,,Page-level GSC metrics were not supplied; no indexing inference
https://www.bnbaccelerator.com/guides/str-investment/luxury-estate/cash-flow-downside/,Luxury Estate STR Cash-Flow Downside Guide | BNB Accelerator,https://www.bnbaccelerator.com/guides/str-investment/luxury-estate/cash-flow-downside/,True,,6,0,4,2,0,True,True,False,False,,Unreviewed; count alone does not establish content quality,,,,Page-level GSC metrics were not supplied; no indexing inference
https://www.bnbaccelerator.com/guides/str-investment/luxury-estate/cash-on-cash-return/,Luxury Estate STR Cash-On-Cash Return Guide | BNB Accelerator,https://www.bnbaccelerator.com/guides/str-investment/luxury-estate/cash-on-cash-return/,True,,6,0,4,2,0,True,True,False,False,,Unreviewed; count alone does not establish content quality,,,,Page-level GSC metrics were not supplied; no indexing inference
https://www.bnbaccelerator.com/guides/str-investment/luxury-estate/cleaning-cost/,Luxury Estate STR Cleaning Cost Guide | BNB Accelerator,https://www.bnbaccelerator.com/guides/str-investment/luxury-estate/cleaning-cost/,True,,6,0,4,2,0,True,True,False,False,,Unreviewed; count alone does not establish content quality,,,,Page-level GSC metrics were not supplied; no indexing inference
https://www.bnbaccelerator.com/guides/str-investment/luxury-estate/conventional-financing/,Luxury Estate STR Conventional Financing Guide | BNB Accelerator,https://www.bnbaccelerator.com/guides/str-investment/luxury-estate/conventional-financing/,True,,6,0,4,2,0,True,True,False,False,,Unreviewed; count alone does not establish content quality,,,,Page-level GSC metrics were not supplied; no indexing inference
https://www.bnbaccelerator.com/guides/str-investment/luxury-estate/dscr-loan/,Luxury Estate STR DSCR Loan Guide | BNB Accelerator,https://www.bnbaccelerator.com/guides/str-investment/luxury-estate/dscr-loan/,True,,6,0,4,2,0,True,True,False,False,,Unreviewed; count alone does not establish content quality,,,,Page-level GSC metrics were not supplied; no indexing inference
https://www.bnbaccelerator.com/guides/str-investment/luxury-estate/exit-strategy/,Luxury Estate STR Exit Strategy Guide | BNB Accelerator,https://www.bnbaccelerator.com/guides/str-investment/luxury-estate/exit-strategy/,True,,6,0,4,2,0,True,True,False,False,,Unreviewed; count alone does not establish content quality,,,,Page-level GSC metrics were not supplied; no indexing inference
https://www.bnbaccelerator.com/guides/str-investment/luxury-estate/furnishing-budget/,Luxury Estate STR Furnishing Budget Guide | BNB Accelerator,https://www.bnbaccelerator.com/guides/str-investment/luxury-estate/furnishing-budget/,True,,6,0,4,2,0,True,True,False,False,,Unreviewed; count alone does not establish content quality,,,,Page-level GSC metrics were not supplied; no indexing inference
https://www.bnbaccelerator.com/guides/str-investment/luxury-estate/hoa-diligence/,Luxury Estate STR HOA Diligence Guide | BNB Accelerator,https://www.bnbaccelerator.com/guides/str-investment/luxury-estate/hoa-diligence/,True,,6,0,4,2,0,True,True,False,False,,Unreviewed; count alone does not establish content quality,,,,Page-level GSC metrics were not supplied; no indexing inference
https://www.bnbaccelerator.com/guides/str-investment/luxury-estate/insurance-quote/,Luxury Estate STR Insurance Quote Guide | BNB Accelerator,https://www.bnbaccelerator.com/guides/str-investment/luxury-estate/insurance-quote/,True,,6,0,4,2,0,True,True,False,False,,Unreviewed; count alone does not establish content quality,,,,Page-level GSC metrics were not supplied; no indexing inference
https://www.bnbaccelerator.com/guides/str-investment/luxury-estate/investment-cost/,Luxury Estate STR Investment Cost Guide | BNB Accelerator,https://www.bnbaccelerator.com/guides/str-investment/luxury-estate/investment-cost/,True,,6,0,4,2,0,True,True,False,False,,Unreviewed; count alone does not establish content quality,,,,Page-level GSC metrics were not supplied; no indexing inference
https://www.bnbaccelerator.com/guides/str-investment/luxury-estate/maintenance-reserve/,Luxury Estate STR Maintenance Reserve Guide | BNB Accelerator,https://www.bnbaccelerator.com/guides/str-investment/luxury-estate/maintenance-reserve/,True,,6,0,4,2,0,True,True,False,False,,Unreviewed; count alone does not establish content quality,,,,Page-level GSC metrics were not supplied; no indexing inference
https://www.bnbaccelerator.com/guides/str-investment/luxury-estate/management-cost/,Luxury Estate STR Management Cost Guide | BNB Accelerator,https://www.bnbaccelerator.com/guides/str-investment/luxury-estate/management-cost/,True,,6,0,4,2,0,True,True,False,False,,Unreviewed; count alone does not establish content quality,,,,Page-level GSC metrics were not supplied; no indexing inference
https://www.bnbaccelerator.com/guides/str-investment/luxury-estate/offer-contingencies/,Luxury Estate STR Offer Contingencies Guide | BNB Accelerator,https://www.bnbaccelerator.com/guides/str-investment/luxury-estate/offer-contingencies/,True,,6,0,4,2,0,True,True,False,False,,Unreviewed; count alone does not establish content quality,,,,Page-level GSC metrics were not supplied; no indexing inference
https://www.bnbaccelerator.com/guides/str-investment/luxury-estate/permit-diligence/,Luxury Estate STR Permit Diligence Guide | BNB Accelerator,https://www.bnbaccelerator.com/guides/str-investment/luxury-estate/permit-diligence/,True,,6,0,4,2,0,True,True,False,False,,Unreviewed; count alone does not establish content quality,,,,Page-level GSC metrics were not supplied; no indexing inference
https://www.bnbaccelerator.com/guides/str-investment/luxury-estate/property-inspection/,Luxury Estate STR Property Inspection Guide | BNB Accelerator,https://www.bnbaccelerator.com/guides/str-investment/luxury-estate/property-inspection/,True,,6,0,4,2,0,True,True,False,False,,Unreviewed; count alone does not establish content quality,,,,Page-level GSC metrics were not supplied; no indexing inference
https://www.bnbaccelerator.com/guides/str-investment/luxury-estate/property-tax-reset/,Luxury Estate STR Property-Tax Reset Guide | BNB Accelerator,https://www.bnbaccelerator.com/guides/str-investment/luxury-estate/property-tax-reset/,True,,6,0,4,2,0,True,True,False,False,,Unreviewed; count alone does not establish content quality,,,,Page-level GSC metrics were not supplied; no indexing inference
https://www.bnbaccelerator.com/guides/str-investment/luxury-estate/purchase-price-limit/,Luxury Estate STR Purchase-Price Limit Guide | BNB Accelerator,https://www.bnbaccelerator.com/guides/str-investment/luxury-estate/purchase-price-limit/,True,,6,0,4,2,0,True,True,False,False,,Unreviewed; count alone does not establish content quality,,,,Page-level GSC metrics were not supplied; no indexing inference
https://www.bnbaccelerator.com/guides/str-investment/luxury-estate/renovation-budget/,Luxury Estate STR Renovation Budget Guide | BNB Accelerator,https://www.bnbaccelerator.com/guides/str-investment/luxury-estate/renovation-budget/,True,,6,0,4,2,0,True,True,False,False,,Unreviewed; count alone does not establish content quality,,,,Page-level GSC metrics were not supplied; no indexing inference
https://www.bnbaccelerator.com/guides/str-investment/luxury-estate/revenue-forecast/,Luxury Estate STR Revenue Forecast Guide | BNB Accelerator,https://www.bnbaccelerator.com/guides/str-investment/luxury-estate/revenue-forecast/,True,,6,0,4,2,0,True,True,False,False,,Unreviewed; count alone does not establish content quality,,,,Page-level GSC metrics were not supplied; no indexing inference
https://www.bnbaccelerator.com/guides/str-investment/luxury-estate/seller-financials/,Luxury Estate STR Seller Financials Guide | BNB Accelerator,https://www.bnbaccelerator.com/guides/str-investment/luxury-estate/seller-financials/,True,,6,0,4,2,0,True,True,False,False,,Unreviewed; count alone does not establish content quality,,,,Page-level GSC metrics were not supplied; no indexing inference
https://www.bnbaccelerator.com/guides/str-investment/luxury-estate/seller-financing/,Luxury Estate STR Seller Financing Guide | BNB Accelerator,https://www.bnbaccelerator.com/guides/str-investment/luxury-estate/seller-financing/,True,,6,0,4,2,0,True,True,False,False,,Unreviewed; count alone does not establish content quality,,,,Page-level GSC metrics were not supplied; no indexing inference
https://www.bnbaccelerator.com/guides/str-investment/luxury-estate/utility-cost/,Luxury Estate STR Utility Cost Guide | BNB Accelerator,https://www.bnbaccelerator.com/guides/str-investment/luxury-estate/utility-cost/,True,,6,0,4,2,0,True,True,False,False,,Unreviewed; count alone does not establish content quality,,,,Page-level GSC metrics were not supplied; no indexing inference
https://www.bnbaccelerator.com/guides/str-investment/manufactured-home/appraisal-risk/,Manufactured Home STR Appraisal Risk Guide | BNB Accelerator,https://www.bnbaccelerator.com/guides/str-investment/manufactured-home/appraisal-risk/,True,,6,0,4,2,0,True,True,False,False,,Unreviewed; count alone does not establish content quality,,,,Page-level GSC metrics were not supplied; no indexing inference
https://www.bnbaccelerator.com/guides/str-investment/manufactured-home/break-even-occupancy/,Manufactured Home STR Break-Even Occupancy Guide | BNB Accelerator,https://www.bnbaccelerator.com/guides/str-investment/manufactured-home/break-even-occupancy/,True,,6,0,4,2,0,True,True,False,False,,Unreviewed; count alone does not establish content quality,,,,Page-level GSC metrics were not supplied; no indexing inference
https://www.bnbaccelerator.com/guides/str-investment/manufactured-home/bridge-financing/,Manufactured Home STR Bridge Financing Guide | BNB Accelerator,https://www.bnbaccelerator.com/guides/str-investment/manufactured-home/bridge-financing/,True,,6,0,4,2,0,True,True,False,False,,Unreviewed; count alone does not establish content quality,,,,Page-level GSC metrics were not supplied; no indexing inference
https://www.bnbaccelerator.com/guides/str-investment/manufactured-home/cash-flow-downside/,Manufactured Home STR Cash-Flow Downside Guide | BNB Accelerator,https://www.bnbaccelerator.com/guides/str-investment/manufactured-home/cash-flow-downside/,True,,6,0,4,2,0,True,True,False,False,,Unreviewed; count alone does not establish content quality,,,,Page-level GSC metrics were not supplied; no indexing inference
https://www.bnbaccelerator.com/guides/str-investment/manufactured-home/cash-on-cash-return/,Manufactured Home STR Cash-On-Cash Return Guide | BNB Accelerator,https://www.bnbaccelerator.com/guides/str-investment/manufactured-home/cash-on-cash-return/,True,,6,0,4,2,0,True,True,False,False,,Unreviewed; count alone does not establish content quality,,,,Page-level GSC metrics were not supplied; no indexing inference
https://www.bnbaccelerator.com/guides/str-investment/manufactured-home/cleaning-cost/,Manufactured Home STR Cleaning Cost Guide | BNB Accelerator,https://www.bnbaccelerator.com/guides/str-investment/manufactured-home/cleaning-cost/,True,,6,0,4,2,0,True,True,False,False,,Unreviewed; count alone does not establish content quality,,,,Page-level GSC metrics were not supplied; no indexing inference
https://www.bnbaccelerator.com/guides/str-investment/manufactured-home/conventional-financing/,Manufactured Home STR Conventional Financing Guide | BNB Accelerator,https://www.bnbaccelerator.com/guides/str-investment/manufactured-home/conventional-financing/,True,,6,0,4,2,0,True,True,False,False,,Unreviewed; count alone does not establish content quality,,,,Page-level GSC metrics were not supplied; no indexing inference
https://www.bnbaccelerator.com/guides/str-investment/manufactured-home/dscr-loan/,Manufactured Home STR DSCR Loan Guide | BNB Accelerator,https://www.bnbaccelerator.com/guides/str-investment/manufactured-home/dscr-loan/,True,,6,0,4,2,0,True,True,False,False,,Unreviewed; count alone does not establish content quality,,,,Page-level GSC metrics were not supplied; no indexing inference
https://www.bnbaccelerator.com/guides/str-investment/manufactured-home/exit-strategy/,Manufactured Home STR Exit Strategy Guide | BNB Accelerator,https://www.bnbaccelerator.com/guides/str-investment/manufactured-home/exit-strategy/,True,,6,0,4,2,0,True,True,False,False,,Unreviewed; count alone does not establish content quality,,,,Page-level GSC metrics were not supplied; no indexing inference
https://www.bnbaccelerator.com/guides/str-investment/manufactured-home/furnishing-budget/,Manufactured Home STR Furnishing Budget Guide | BNB Accelerator,https://www.bnbaccelerator.com/guides/str-investment/manufactured-home/furnishing-budget/,True,,6,0,4,2,0,True,True,False,False,,Unreviewed; count alone does not establish content quality,,,,Page-level GSC metrics were not supplied; no indexing inference
https://www.bnbaccelerator.com/guides/str-investment/manufactured-home/hoa-diligence/,Manufactured Home STR HOA Diligence Guide | BNB Accelerator,https://www.bnbaccelerator.com/guides/str-investment/manufactured-home/hoa-diligence/,True,,6,0,4,2,0,True,True,False,False,,Unreviewed; count alone does not establish content quality,,,,Page-level GSC metrics were not supplied; no indexing inference
https://www.bnbaccelerator.com/guides/str-investment/manufactured-home/insurance-quote/,Manufactured Home STR Insurance Quote Guide | BNB Accelerator,https://www.bnbaccelerator.com/guides/str-investment/manufactured-home/insurance-quote/,True,,6,0,4,2,0,True,True,False,False,,Unreviewed; count alone does not establish content quality,,,,Page-level GSC metrics were not supplied; no indexing inference
https://www.bnbaccelerator.com/guides/str-investment/manufactured-home/investment-cost/,Manufactured Home STR Investment Cost Guide | BNB Accelerator,https://www.bnbaccelerator.com/guides/str-investment/manufactured-home/investment-cost/,True,,6,0,4,2,0,True,True,False,False,,Unreviewed; count alone does not establish content quality,,,,Page-level GSC metrics were not supplied; no indexing inference
https://www.bnbaccelerator.com/guides/str-investment/manufactured-home/maintenance-reserve/,Manufactured Home STR Maintenance Reserve Guide | BNB Accelerator,https://www.bnbaccelerator.com/guides/str-investment/manufactured-home/maintenance-reserve/,True,,6,0,4,2,0,True,True,False,False,,Unreviewed; count alone does not establish content quality,,,,Page-level GSC metrics were not supplied; no indexing inference
https://www.bnbaccelerator.com/guides/str-investment/manufactured-home/management-cost/,Manufactured Home STR Management Cost Guide | BNB Accelerator,https://www.bnbaccelerator.com/guides/str-investment/manufactured-home/management-cost/,True,,6,0,4,2,0,True,True,False,False,,Unreviewed; count alone does not establish content quality,,,,Page-level GSC metrics were not supplied; no indexing inference
https://www.bnbaccelerator.com/guides/str-investment/manufactured-home/offer-contingencies/,Manufactured Home STR Offer Contingencies Guide | BNB Accelerator,https://www.bnbaccelerator.com/guides/str-investment/manufactured-home/offer-contingencies/,True,,6,0,4,2,0,True,True,False,False,,Unreviewed; count alone does not establish content quality,,,,Page-level GSC metrics were not supplied; no indexing inference
https://www.bnbaccelerator.com/guides/str-investment/manufactured-home/permit-diligence/,Manufactured Home STR Permit Diligence Guide | BNB Accelerator,https://www.bnbaccelerator.com/guides/str-investment/manufactured-home/permit-diligence/,True,,6,0,4,2,0,True,True,False,False,,Unreviewed; count alone does not establish content quality,,,,Page-level GSC metrics were not supplied; no indexing inference
https://www.bnbaccelerator.com/guides/str-investment/manufactured-home/property-inspection/,Manufactured Home STR Property Inspection Guide | BNB Accelerator,https://www.bnbaccelerator.com/guides/str-investment/manufactured-home/property-inspection/,True,,6,0,4,2,0,True,True,False,False,,Unreviewed; count alone does not establish content quality,,,,Page-level GSC metrics were not supplied; no indexing inference
https://www.bnbaccelerator.com/guides/str-investment/manufactured-home/property-tax-reset/,Manufactured Home STR Property-Tax Reset Guide | BNB Accelerator,https://www.bnbaccelerator.com/guides/str-investment/manufactured-home/property-tax-reset/,True,,6,0,4,2,0,True,True,False,False,,Unreviewed; count alone does not establish content quality,,,,Page-level GSC metrics were not supplied; no indexing inference
https://www.bnbaccelerator.com/guides/str-investment/manufactured-home/purchase-price-limit/,Manufactured Home STR Purchase-Price Limit Guide | BNB Accelerator,https://www.bnbaccelerator.com/guides/str-investment/manufactured-home/purchase-price-limit/,True,,6,0,4,2,0,True,True,False,False,,Unreviewed; count alone does not establish content quality,,,,Page-level GSC metrics were not supplied; no indexing inference
https://www.bnbaccelerator.com/guides/str-investment/manufactured-home/renovation-budget/,Manufactured Home STR Renovation Budget Guide | BNB Accelerator,https://www.bnbaccelerator.com/guides/str-investment/manufactured-home/renovation-budget/,True,,6,0,4,2,0,True,True,False,False,,Unreviewed; count alone does not establish content quality,,,,Page-level GSC metrics were not supplied; no indexing inference
https://www.bnbaccelerator.com/guides/str-investment/manufactured-home/revenue-forecast/,Manufactured Home STR Revenue Forecast Guide | BNB Accelerator,https://www.bnbaccelerator.com/guides/str-investment/manufactured-home/revenue-forecast/,True,,6,0,4,2,0,True,True,False,False,,Unreviewed; count alone does not establish content quality,,,,Page-level GSC metrics were not supplied; no indexing inference
https://www.bnbaccelerator.com/guides/str-investment/manufactured-home/seller-financials/,Manufactured Home STR Seller Financials Guide | BNB Accelerator,https://www.bnbaccelerator.com/guides/str-investment/manufactured-home/seller-financials/,True,,6,0,4,2,0,True,True,False,False,,Unreviewed; count alone does not establish content quality,,,,Page-level GSC metrics were not supplied; no indexing inference
https://www.bnbaccelerator.com/guides/str-investment/manufactured-home/seller-financing/,Manufactured Home STR Seller Financing Guide | BNB Accelerator,https://www.bnbaccelerator.com/guides/str-investment/manufactured-home/seller-financing/,True,,6,0,4,2,0,True,True,False,False,,Unreviewed; count alone does not establish content quality,,,,Page-level GSC metrics were not supplied; no indexing inference
https://www.bnbaccelerator.com/guides/str-investment/manufactured-home/utility-cost/,Manufactured Home STR Utility Cost Guide | BNB Accelerator,https://www.bnbaccelerator.com/guides/str-investment/manufactured-home/utility-cost/,True,,6,0,4,2,0,True,True,False,False,,Unreviewed; count alone does not establish content quality,,,,Page-level GSC metrics were not supplied; no indexing inference
https://www.bnbaccelerator.com/guides/str-investment/mixed-use-building/appraisal-risk/,Mixed-Use Building STR Appraisal Risk Guide | BNB Accelerator,https://www.bnbaccelerator.com/guides/str-investment/mixed-use-building/appraisal-risk/,True,,6,0,4,2,0,True,True,False,False,,Unreviewed; count alone does not establish content quality,,,,Page-level GSC metrics were not supplied; no indexing inference
https://www.bnbaccelerator.com/guides/str-investment/mixed-use-building/break-even-occupancy/,Mixed-Use Building STR Break-Even Occupancy Guide | BNB Accelerator,https://www.bnbaccelerator.com/guides/str-investment/mixed-use-building/break-even-occupancy/,True,,6,0,4,2,0,True,True,False,False,,Unreviewed; count alone does not establish content quality,,,,Page-level GSC metrics were not supplied; no indexing inference
https://www.bnbaccelerator.com/guides/str-investment/mixed-use-building/bridge-financing/,Mixed-Use Building STR Bridge Financing Guide | BNB Accelerator,https://www.bnbaccelerator.com/guides/str-investment/mixed-use-building/bridge-financing/,True,,6,0,4,2,0,True,True,False,False,,Unreviewed; count alone does not establish content quality,,,,Page-level GSC metrics were not supplied; no indexing inference
https://www.bnbaccelerator.com/guides/str-investment/mixed-use-building/cash-flow-downside/,Mixed-Use Building STR Cash-Flow Downside Guide | BNB Accelerator,https://www.bnbaccelerator.com/guides/str-investment/mixed-use-building/cash-flow-downside/,True,,6,0,4,2,0,True,True,False,False,,Unreviewed; count alone does not establish content quality,,,,Page-level GSC metrics were not supplied; no indexing inference
https://www.bnbaccelerator.com/guides/str-investment/mixed-use-building/cash-on-cash-return/,Mixed-Use Building STR Cash-On-Cash Return Guide | BNB Accelerator,https://www.bnbaccelerator.com/guides/str-investment/mixed-use-building/cash-on-cash-return/,True,,6,0,4,2,0,True,True,False,False,,Unreviewed; count alone does not establish content quality,,,,Page-level GSC metrics were not supplied; no indexing inference
https://www.bnbaccelerator.com/guides/str-investment/mixed-use-building/cleaning-cost/,Mixed-Use Building STR Cleaning Cost Guide | BNB Accelerator,https://www.bnbaccelerator.com/guides/str-investment/mixed-use-building/cleaning-cost/,True,,6,0,4,2,0,True,True,False,False,,Unreviewed; count alone does not establish content quality,,,,Page-level GSC metrics were not supplied; no indexing inference
https://www.bnbaccelerator.com/guides/str-investment/mixed-use-building/conventional-financing/,Mixed-Use Building STR Conventional Financing Guide | BNB Accelerator,https://www.bnbaccelerator.com/guides/str-investment/mixed-use-building/conventional-financing/,True,,6,0,4,2,0,True,True,False,False,,Unreviewed; count alone does not establish content quality,,,,Page-level GSC metrics were not supplied; no indexing inference
https://www.bnbaccelerator.com/guides/str-investment/mixed-use-building/dscr-loan/,Mixed-Use Building STR DSCR Loan Guide | BNB Accelerator,https://www.bnbaccelerator.com/guides/str-investment/mixed-use-building/dscr-loan/,True,,6,0,4,2,0,True,True,False,False,,Unreviewed; count alone does not establish content quality,,,,Page-level GSC metrics were not supplied; no indexing inference
https://www.bnbaccelerator.com/guides/str-investment/mixed-use-building/exit-strategy/,Mixed-Use Building STR Exit Strategy Guide | BNB Accelerator,https://www.bnbaccelerator.com/guides/str-investment/mixed-use-building/exit-strategy/,True,,6,0,4,2,0,True,True,False,False,,Unreviewed; count alone does not establish content quality,,,,Page-level GSC metrics were not supplied; no indexing inference
https://www.bnbaccelerator.com/guides/str-investment/mixed-use-building/furnishing-budget/,Mixed-Use Building STR Furnishing Budget Guide | BNB Accelerator,https://www.bnbaccelerator.com/guides/str-investment/mixed-use-building/furnishing-budget/,True,,6,0,4,2,0,True,True,False,False,,Unreviewed; count alone does not establish content quality,,,,Page-level GSC metrics were not supplied; no indexing inference
https://www.bnbaccelerator.com/guides/str-investment/mixed-use-building/hoa-diligence/,Mixed-Use Building STR HOA Diligence Guide | BNB Accelerator,https://www.bnbaccelerator.com/guides/str-investment/mixed-use-building/hoa-diligence/,True,,6,0,4,2,0,True,True,False,False,,Unreviewed; count alone does not establish content quality,,,,Page-level GSC metrics were not supplied; no indexing inference
https://www.bnbaccelerator.com/guides/str-investment/mixed-use-building/insurance-quote/,Mixed-Use Building STR Insurance Quote Guide | BNB Accelerator,https://www.bnbaccelerator.com/guides/str-investment/mixed-use-building/insurance-quote/,True,,6,0,4,2,0,True,True,False,False,,Unreviewed; count alone does not establish content quality,,,,Page-level GSC metrics were not supplied; no indexing inference
https://www.bnbaccelerator.com/guides/str-investment/mixed-use-building/investment-cost/,Mixed-Use Building STR Investment Cost Guide | BNB Accelerator,https://www.bnbaccelerator.com/guides/str-investment/mixed-use-building/investment-cost/,True,,6,0,4,2,0,True,True,False,False,,Unreviewed; count alone does not establish content quality,,,,Page-level GSC metrics were not supplied; no indexing inference
https://www.bnbaccelerator.com/guides/str-investment/mixed-use-building/maintenance-reserve/,Mixed-Use Building STR Maintenance Reserve Guide | BNB Accelerator,https://www.bnbaccelerator.com/guides/str-investment/mixed-use-building/maintenance-reserve/,True,,6,0,4,2,0,True,True,False,False,,Unreviewed; count alone does not establish content quality,,,,Page-level GSC metrics were not supplied; no indexing inference
https://www.bnbaccelerator.com/guides/str-investment/mixed-use-building/management-cost/,Mixed-Use Building STR Management Cost Guide | BNB Accelerator,https://www.bnbaccelerator.com/guides/str-investment/mixed-use-building/management-cost/,True,,6,0,4,2,0,True,True,False,False,,Unreviewed; count alone does not establish content quality,,,,Page-level GSC metrics were not supplied; no indexing inference
https://www.bnbaccelerator.com/guides/str-investment/mixed-use-building/offer-contingencies/,Mixed-Use Building STR Offer Contingencies Guide | BNB Accelerator,https://www.bnbaccelerator.com/guides/str-investment/mixed-use-building/offer-contingencies/,True,,6,0,4,2,0,True,True,False,False,,Unreviewed; count alone does not establish content quality,,,,Page-level GSC metrics were not supplied; no indexing inference
https://www.bnbaccelerator.com/guides/str-investment/mixed-use-building/permit-diligence/,Mixed-Use Building STR Permit Diligence Guide | BNB Accelerator,https://www.bnbaccelerator.com/guides/str-investment/mixed-use-building/permit-diligence/,True,,6,0,4,2,0,True,True,False,False,,Unreviewed; count alone does not establish content quality,,,,Page-level GSC metrics were not supplied; no indexing inference
https://www.bnbaccelerator.com/guides/str-investment/mixed-use-building/property-inspection/,Mixed-Use Building STR Property Inspection Guide | BNB Accelerator,https://www.bnbaccelerator.com/guides/str-investment/mixed-use-building/property-inspection/,True,,6,0,4,2,0,True,True,False,False,,Unreviewed; count alone does not establish content quality,,,,Page-level GSC metrics were not supplied; no indexing inference
https://www.bnbaccelerator.com/guides/str-investment/mixed-use-building/property-tax-reset/,Mixed-Use Building STR Property-Tax Reset Guide | BNB Accelerator,https://www.bnbaccelerator.com/guides/str-investment/mixed-use-building/property-tax-reset/,True,,6,0,4,2,0,True,True,False,False,,Unreviewed; count alone does not establish content quality,,,,Page-level GSC metrics were not supplied; no indexing inference
https://www.bnbaccelerator.com/guides/str-investment/mixed-use-building/purchase-price-limit/,Mixed-Use Building STR Purchase-Price Limit Guide | BNB Accelerator,https://www.bnbaccelerator.com/guides/str-investment/mixed-use-building/purchase-price-limit/,True,,6,0,4,2,0,True,True,False,False,,Unreviewed; count alone does not establish content quality,,,,Page-level GSC metrics were not supplied; no indexing inference
https://www.bnbaccelerator.com/guides/str-investment/mixed-use-building/renovation-budget/,Mixed-Use Building STR Renovation Budget Guide | BNB Accelerator,https://www.bnbaccelerator.com/guides/str-investment/mixed-use-building/renovation-budget/,True,,6,0,4,2,0,True,True,False,False,,Unreviewed; count alone does not establish content quality,,,,Page-level GSC metrics were not supplied; no indexing inference
https://www.bnbaccelerator.com/guides/str-investment/mixed-use-building/revenue-forecast/,Mixed-Use Building STR Revenue Forecast Guide | BNB Accelerator,https://www.bnbaccelerator.com/guides/str-investment/mixed-use-building/revenue-forecast/,True,,6,0,4,2,0,True,True,False,False,,Unreviewed; count alone does not establish content quality,,,,Page-level GSC metrics were not supplied; no indexing inference
https://www.bnbaccelerator.com/guides/str-investment/mixed-use-building/seller-financials/,Mixed-Use Building STR Seller Financials Guide | BNB Accelerator,https://www.bnbaccelerator.com/guides/str-investment/mixed-use-building/seller-financials/,True,,6,0,4,2,0,True,True,False,False,,Unreviewed; count alone does not establish content quality,,,,Page-level GSC metrics were not supplied; no indexing inference
https://www.bnbaccelerator.com/guides/str-investment/mixed-use-building/seller-financing/,Mixed-Use Building STR Seller Financing Guide | BNB Accelerator,https://www.bnbaccelerator.com/guides/str-investment/mixed-use-building/seller-financing/,True,,6,0,4,2,0,True,True,False,False,,Unreviewed; count alone does not establish content quality,,,,Page-level GSC metrics were not supplied; no indexing inference
https://www.bnbaccelerator.com/guides/str-investment/mixed-use-building/utility-cost/,Mixed-Use Building STR Utility Cost Guide | BNB Accelerator,https://www.bnbaccelerator.com/guides/str-investment/mixed-use-building/utility-cost/,True,,6,0,4,2,0,True,True,False,False,,Unreviewed; count alone does not establish content quality,,,,Page-level GSC metrics were not supplied; no indexing inference
https://www.bnbaccelerator.com/guides/str-investment/mountain-cabin/appraisal-risk/,Mountain Cabin STR Appraisal Risk Guide | BNB Accelerator,https://www.bnbaccelerator.com/guides/str-investment/mountain-cabin/appraisal-risk/,True,,6,0,4,2,0,True,True,False,False,,Unreviewed; count alone does not establish content quality,,,,Page-level GSC metrics were not supplied; no indexing inference
https://www.bnbaccelerator.com/guides/str-investment/mountain-cabin/break-even-occupancy/,Mountain Cabin STR Break-Even Occupancy Guide | BNB Accelerator,https://www.bnbaccelerator.com/guides/str-investment/mountain-cabin/break-even-occupancy/,True,,6,0,4,2,0,True,True,False,False,,Unreviewed; count alone does not establish content quality,,,,Page-level GSC metrics were not supplied; no indexing inference
https://www.bnbaccelerator.com/guides/str-investment/mountain-cabin/bridge-financing/,Mountain Cabin STR Bridge Financing Guide | BNB Accelerator,https://www.bnbaccelerator.com/guides/str-investment/mountain-cabin/bridge-financing/,True,,6,0,4,2,0,True,True,False,False,,Unreviewed; count alone does not establish content quality,,,,Page-level GSC metrics were not supplied; no indexing inference
https://www.bnbaccelerator.com/guides/str-investment/mountain-cabin/cash-flow-downside/,Mountain Cabin STR Cash-Flow Downside Guide | BNB Accelerator,https://www.bnbaccelerator.com/guides/str-investment/mountain-cabin/cash-flow-downside/,True,,6,0,4,2,0,True,True,False,False,,Unreviewed; count alone does not establish content quality,,,,Page-level GSC metrics were not supplied; no indexing inference
https://www.bnbaccelerator.com/guides/str-investment/mountain-cabin/cash-on-cash-return/,Mountain Cabin STR Cash-On-Cash Return Guide | BNB Accelerator,https://www.bnbaccelerator.com/guides/str-investment/mountain-cabin/cash-on-cash-return/,True,,6,0,4,2,0,True,True,False,False,,Unreviewed; count alone does not establish content quality,,,,Page-level GSC metrics were not supplied; no indexing inference
https://www.bnbaccelerator.com/guides/str-investment/mountain-cabin/cleaning-cost/,Mountain Cabin STR Cleaning Cost Guide | BNB Accelerator,https://www.bnbaccelerator.com/guides/str-investment/mountain-cabin/cleaning-cost/,True,,6,0,4,2,0,True,True,False,False,,Unreviewed; count alone does not establish content quality,,,,Page-level GSC metrics were not supplied; no indexing inference
https://www.bnbaccelerator.com/guides/str-investment/mountain-cabin/conventional-financing/,Mountain Cabin STR Conventional Financing Guide | BNB Accelerator,https://www.bnbaccelerator.com/guides/str-investment/mountain-cabin/conventional-financing/,True,,6,0,4,2,0,True,True,False,False,,Unreviewed; count alone does not establish content quality,,,,Page-level GSC metrics were not supplied; no indexing inference
https://www.bnbaccelerator.com/guides/str-investment/mountain-cabin/dscr-loan/,Mountain Cabin STR DSCR Loan Guide | BNB Accelerator,https://www.bnbaccelerator.com/guides/str-investment/mountain-cabin/dscr-loan/,True,,6,0,4,2,0,True,True,False,False,,Unreviewed; count alone does not establish content quality,,,,Page-level GSC metrics were not supplied; no indexing inference
https://www.bnbaccelerator.com/guides/str-investment/mountain-cabin/exit-strategy/,Mountain Cabin STR Exit Strategy Guide | BNB Accelerator,https://www.bnbaccelerator.com/guides/str-investment/mountain-cabin/exit-strategy/,True,,6,0,4,2,0,True,True,False,False,,Unreviewed; count alone does not establish content quality,,,,Page-level GSC metrics were not supplied; no indexing inference
https://www.bnbaccelerator.com/guides/str-investment/mountain-cabin/furnishing-budget/,Mountain Cabin STR Furnishing Budget Guide | BNB Accelerator,https://www.bnbaccelerator.com/guides/str-investment/mountain-cabin/furnishing-budget/,True,,6,0,4,2,0,True,True,False,False,,Unreviewed; count alone does not establish content quality,,,,Page-level GSC metrics were not supplied; no indexing inference
https://www.bnbaccelerator.com/guides/str-investment/mountain-cabin/hoa-diligence/,Mountain Cabin STR HOA Diligence Guide | BNB Accelerator,https://www.bnbaccelerator.com/guides/str-investment/mountain-cabin/hoa-diligence/,True,,6,0,4,2,0,True,True,False,False,,Unreviewed; count alone does not establish content quality,,,,Page-level GSC metrics were not supplied; no indexing inference
https://www.bnbaccelerator.com/guides/str-investment/mountain-cabin/insurance-quote/,Mountain Cabin STR Insurance Quote Guide | BNB Accelerator,https://www.bnbaccelerator.com/guides/str-investment/mountain-cabin/insurance-quote/,True,,6,0,4,2,0,True,True,False,False,,Unreviewed; count alone does not establish content quality,,,,Page-level GSC metrics were not supplied; no indexing inference
https://www.bnbaccelerator.com/guides/str-investment/mountain-cabin/investment-cost/,Mountain Cabin STR Investment Cost Guide | BNB Accelerator,https://www.bnbaccelerator.com/guides/str-investment/mountain-cabin/investment-cost/,True,,6,0,4,2,0,True,True,False,False,,Unreviewed; count alone does not establish content quality,,,,Page-level GSC metrics were not supplied; no indexing inference
https://www.bnbaccelerator.com/guides/str-investment/mountain-cabin/maintenance-reserve/,Mountain Cabin STR Maintenance Reserve Guide | BNB Accelerator,https://www.bnbaccelerator.com/guides/str-investment/mountain-cabin/maintenance-reserve/,True,,6,0,4,2,0,True,True,False,False,,Unreviewed; count alone does not establish content quality,,,,Page-level GSC metrics were not supplied; no indexing inference
https://www.bnbaccelerator.com/guides/str-investment/mountain-cabin/management-cost/,Mountain Cabin STR Management Cost Guide | BNB Accelerator,https://www.bnbaccelerator.com/guides/str-investment/mountain-cabin/management-cost/,True,,6,0,4,2,0,True,True,False,False,,Unreviewed; count alone does not establish content quality,,,,Page-level GSC metrics were not supplied; no indexing inference
https://www.bnbaccelerator.com/guides/str-investment/mountain-cabin/offer-contingencies/,Mountain Cabin STR Offer Contingencies Guide | BNB Accelerator,https://www.bnbaccelerator.com/guides/str-investment/mountain-cabin/offer-contingencies/,True,,6,0,4,2,0,True,True,False,False,,Unreviewed; count alone does not establish content quality,,,,Page-level GSC metrics were not supplied; no indexing inference
https://www.bnbaccelerator.com/guides/str-investment/mountain-cabin/permit-diligence/,Mountain Cabin STR Permit Diligence Guide | BNB Accelerator,https://www.bnbaccelerator.com/guides/str-investment/mountain-cabin/permit-diligence/,True,,6,0,4,2,0,True,True,False,False,,Unreviewed; count alone does not establish content quality,,,,Page-level GSC metrics were not supplied; no indexing inference
https://www.bnbaccelerator.com/guides/str-investment/mountain-cabin/property-inspection/,Mountain Cabin STR Property Inspection Guide | BNB Accelerator,https://www.bnbaccelerator.com/guides/str-investment/mountain-cabin/property-inspection/,True,,6,0,4,2,0,True,True,False,False,,Unreviewed; count alone does not establish content quality,,,,Page-level GSC metrics were not supplied; no indexing inference
https://www.bnbaccelerator.com/guides/str-investment/mountain-cabin/property-tax-reset/,Mountain Cabin STR Property-Tax Reset Guide | BNB Accelerator,https://www.bnbaccelerator.com/guides/str-investment/mountain-cabin/property-tax-reset/,True,,6,0,4,2,0,True,True,False,False,,Unreviewed; count alone does not establish content quality,,,,Page-level GSC metrics were not supplied; no indexing inference
https://www.bnbaccelerator.com/guides/str-investment/mountain-cabin/purchase-price-limit/,Mountain Cabin STR Purchase-Price Limit Guide | BNB Accelerator,https://www.bnbaccelerator.com/guides/str-investment/mountain-cabin/purchase-price-limit/,True,,6,0,4,2,0,True,True,False,False,,Unreviewed; count alone does not establish content quality,,,,Page-level GSC metrics were not supplied; no indexing inference
https://www.bnbaccelerator.com/guides/str-investment/mountain-cabin/renovation-budget/,Mountain Cabin STR Renovation Budget Guide | BNB Accelerator,https://www.bnbaccelerator.com/guides/str-investment/mountain-cabin/renovation-budget/,True,,6,0,4,2,0,True,True,False,False,,Unreviewed; count alone does not establish content quality,,,,Page-level GSC metrics were not supplied; no indexing inference
https://www.bnbaccelerator.com/guides/str-investment/mountain-cabin/revenue-forecast/,Mountain Cabin STR Revenue Forecast Guide | BNB Accelerator,https://www.bnbaccelerator.com/guides/str-investment/mountain-cabin/revenue-forecast/,True,,6,0,4,2,0,True,True,False,False,,Unreviewed; count alone does not establish content quality,,,,Page-level GSC metrics were not supplied; no indexing inference
https://www.bnbaccelerator.com/guides/str-investment/mountain-cabin/seller-financials/,Mountain Cabin STR Seller Financials Guide | BNB Accelerator,https://www.bnbaccelerator.com/guides/str-investment/mountain-cabin/seller-financials/,True,,6,0,4,2,0,True,True,False,False,,Unreviewed; count alone does not establish content quality,,,,Page-level GSC metrics were not supplied; no indexing inference
https://www.bnbaccelerator.com/guides/str-investment/mountain-cabin/seller-financing/,Mountain Cabin STR Seller Financing Guide | BNB Accelerator,https://www.bnbaccelerator.com/guides/str-investment/mountain-cabin/seller-financing/,True,,6,0,4,2,0,True,True,False,False,,Unreviewed; count alone does not establish content quality,,,,Page-level GSC metrics were not supplied; no indexing inference
https://www.bnbaccelerator.com/guides/str-investment/mountain-cabin/utility-cost/,Mountain Cabin STR Utility Cost Guide | BNB Accelerator,https://www.bnbaccelerator.com/guides/str-investment/mountain-cabin/utility-cost/,True,,6,0,4,2,0,True,True,False,False,,Unreviewed; count alone does not establish content quality,,,,Page-level GSC metrics were not supplied; no indexing inference
https://www.bnbaccelerator.com/guides/str-investment/new-construction-home/appraisal-risk/,New-Construction Vacation Home STR Appraisal Risk Guide | BNB Accelerator,https://www.bnbaccelerator.com/guides/str-investment/new-construction-home/appraisal-risk/,True,,6,0,4,2,0,True,True,False,False,,Unreviewed; count alone does not establish content quality,,,,Page-level GSC metrics were not supplied; no indexing inference
https://www.bnbaccelerator.com/guides/str-investment/new-construction-home/break-even-occupancy/,New-Construction Vacation Home STR Break-Even Occupancy Guide | BNB Accelerator,https://www.bnbaccelerator.com/guides/str-investment/new-construction-home/break-even-occupancy/,True,,6,0,4,2,0,True,True,False,False,,Unreviewed; count alone does not establish content quality,,,,Page-level GSC metrics were not supplied; no indexing inference
https://www.bnbaccelerator.com/guides/str-investment/new-construction-home/bridge-financing/,New-Construction Vacation Home STR Bridge Financing Guide | BNB Accelerator,https://www.bnbaccelerator.com/guides/str-investment/new-construction-home/bridge-financing/,True,,6,0,4,2,0,True,True,False,False,,Unreviewed; count alone does not establish content quality,,,,Page-level GSC metrics were not supplied; no indexing inference
https://www.bnbaccelerator.com/guides/str-investment/new-construction-home/cash-flow-downside/,New-Construction Vacation Home STR Cash-Flow Downside Guide | BNB Accelerator,https://www.bnbaccelerator.com/guides/str-investment/new-construction-home/cash-flow-downside/,True,,6,0,4,2,0,True,True,False,False,,Unreviewed; count alone does not establish content quality,,,,Page-level GSC metrics were not supplied; no indexing inference
https://www.bnbaccelerator.com/guides/str-investment/new-construction-home/cash-on-cash-return/,New-Construction Vacation Home STR Cash-On-Cash Return Guide | BNB Accelerator,https://www.bnbaccelerator.com/guides/str-investment/new-construction-home/cash-on-cash-return/,True,,6,0,4,2,0,True,True,False,False,,Unreviewed; count alone does not establish content quality,,,,Page-level GSC metrics were not supplied; no indexing inference
https://www.bnbaccelerator.com/guides/str-investment/new-construction-home/cleaning-cost/,New-Construction Vacation Home STR Cleaning Cost Guide | BNB Accelerator,https://www.bnbaccelerator.com/guides/str-investment/new-construction-home/cleaning-cost/,True,,6,0,4,2,0,True,True,False,False,,Unreviewed; count alone does not establish content quality,,,,Page-level GSC metrics were not supplied; no indexing inference
https://www.bnbaccelerator.com/guides/str-investment/new-construction-home/conventional-financing/,New-Construction Vacation Home STR Conventional Financing Guide | BNB Accelerator,https://www.bnbaccelerator.com/guides/str-investment/new-construction-home/conventional-financing/,True,,6,0,4,2,0,True,True,False,False,,Unreviewed; count alone does not establish content quality,,,,Page-level GSC metrics were not supplied; no indexing inference
https://www.bnbaccelerator.com/guides/str-investment/new-construction-home/dscr-loan/,New-Construction Vacation Home STR DSCR Loan Guide | BNB Accelerator,https://www.bnbaccelerator.com/guides/str-investment/new-construction-home/dscr-loan/,True,,6,0,4,2,0,True,True,False,False,,Unreviewed; count alone does not establish content quality,,,,Page-level GSC metrics were not supplied; no indexing inference
https://www.bnbaccelerator.com/guides/str-investment/new-construction-home/exit-strategy/,New-Construction Vacation Home STR Exit Strategy Guide | BNB Accelerator,https://www.bnbaccelerator.com/guides/str-investment/new-construction-home/exit-strategy/,True,,6,0,4,2,0,True,True,False,False,,Unreviewed; count alone does not establish content quality,,,,Page-level GSC metrics were not supplied; no indexing inference
https://www.bnbaccelerator.com/guides/str-investment/new-construction-home/furnishing-budget/,New-Construction Vacation Home STR Furnishing Budget Guide | BNB Accelerator,https://www.bnbaccelerator.com/guides/str-investment/new-construction-home/furnishing-budget/,True,,6,0,4,2,0,True,True,False,False,,Unreviewed; count alone does not establish content quality,,,,Page-level GSC metrics were not supplied; no indexing inference
https://www.bnbaccelerator.com/guides/str-investment/new-construction-home/hoa-diligence/,New-Construction Vacation Home STR HOA Diligence Guide | BNB Accelerator,https://www.bnbaccelerator.com/guides/str-investment/new-construction-home/hoa-diligence/,True,,6,0,4,2,0,True,True,False,False,,Unreviewed; count alone does not establish content quality,,,,Page-level GSC metrics were not supplied; no indexing inference
https://www.bnbaccelerator.com/guides/str-investment/new-construction-home/insurance-quote/,New-Construction Vacation Home STR Insurance Quote Guide | BNB Accelerator,https://www.bnbaccelerator.com/guides/str-investment/new-construction-home/insurance-quote/,True,,6,0,4,2,0,True,True,False,False,,Unreviewed; count alone does not establish content quality,,,,Page-level GSC metrics were not supplied; no indexing inference
https://www.bnbaccelerator.com/guides/str-investment/new-construction-home/investment-cost/,New-Construction Vacation Home STR Investment Cost Guide | BNB Accelerator,https://www.bnbaccelerator.com/guides/str-investment/new-construction-home/investment-cost/,True,,6,0,4,2,0,True,True,False,False,,Unreviewed; count alone does not establish content quality,,,,Page-level GSC metrics were not supplied; no indexing inference
https://www.bnbaccelerator.com/guides/str-investment/new-construction-home/maintenance-reserve/,New-Construction Vacation Home STR Maintenance Reserve Guide | BNB Accelerator,https://www.bnbaccelerator.com/guides/str-investment/new-construction-home/maintenance-reserve/,True,,6,0,4,2,0,True,True,False,False,,Unreviewed; count alone does not establish content quality,,,,Page-level GSC metrics were not supplied; no indexing inference
https://www.bnbaccelerator.com/guides/str-investment/new-construction-home/management-cost/,New-Construction Vacation Home STR Management Cost Guide | BNB Accelerator,https://www.bnbaccelerator.com/guides/str-investment/new-construction-home/management-cost/,True,,6,0,4,2,0,True,True,False,False,,Unreviewed; count alone does not establish content quality,,,,Page-level GSC metrics were not supplied; no indexing inference
https://www.bnbaccelerator.com/guides/str-investment/new-construction-home/offer-contingencies/,New-Construction Vacation Home STR Offer Contingencies Guide | BNB Accelerator,https://www.bnbaccelerator.com/guides/str-investment/new-construction-home/offer-contingencies/,True,,6,0,4,2,0,True,True,False,False,,Unreviewed; count alone does not establish content quality,,,,Page-level GSC metrics were not supplied; no indexing inference
https://www.bnbaccelerator.com/guides/str-investment/new-construction-home/permit-diligence/,New-Construction Vacation Home STR Permit Diligence Guide | BNB Accelerator,https://www.bnbaccelerator.com/guides/str-investment/new-construction-home/permit-diligence/,True,,6,0,4,2,0,True,True,False,False,,Unreviewed; count alone does not establish content quality,,,,Page-level GSC metrics were not supplied; no indexing inference
https://www.bnbaccelerator.com/guides/str-investment/new-construction-home/property-inspection/,New-Construction Vacation Home STR Property Inspection Guide | BNB Accelerator,https://www.bnbaccelerator.com/guides/str-investment/new-construction-home/property-inspection/,True,,6,0,4,2,0,True,True,False,False,,Unreviewed; count alone does not establish content quality,,,,Page-level GSC metrics were not supplied; no indexing inference
https://www.bnbaccelerator.com/guides/str-investment/new-construction-home/property-tax-reset/,New-Construction Vacation Home STR Property-Tax Reset Guide | BNB Accelerator,https://www.bnbaccelerator.com/guides/str-investment/new-construction-home/property-tax-reset/,True,,6,0,4,2,0,True,True,False,False,,Unreviewed; count alone does not establish content quality,,,,Page-level GSC metrics were not supplied; no indexing inference
https://www.bnbaccelerator.com/guides/str-investment/new-construction-home/purchase-price-limit/,New-Construction Vacation Home STR Purchase-Price Limit Guide | BNB Accelerator,https://www.bnbaccelerator.com/guides/str-investment/new-construction-home/purchase-price-limit/,True,,6,0,4,2,0,True,True,False,False,,Unreviewed; count alone does not establish content quality,,,,Page-level GSC metrics were not supplied; no indexing inference
https://www.bnbaccelerator.com/guides/str-investment/new-construction-home/renovation-budget/,New-Construction Vacation Home STR Renovation Budget Guide | BNB Accelerator,https://www.bnbaccelerator.com/guides/str-investment/new-construction-home/renovation-budget/,True,,6,0,4,2,0,True,True,False,False,,Unreviewed; count alone does not establish content quality,,,,Page-level GSC metrics were not supplied; no indexing inference
https://www.bnbaccelerator.com/guides/str-investment/new-construction-home/revenue-forecast/,New-Construction Vacation Home STR Revenue Forecast Guide | BNB Accelerator,https://www.bnbaccelerator.com/guides/str-investment/new-construction-home/revenue-forecast/,True,,6,0,4,2,0,True,True,False,False,,Unreviewed; count alone does not establish content quality,,,,Page-level GSC metrics were not supplied; no indexing inference
https://www.bnbaccelerator.com/guides/str-investment/new-construction-home/seller-financials/,New-Construction Vacation Home STR Seller Financials Guide | BNB Accelerator,https://www.bnbaccelerator.com/guides/str-investment/new-construction-home/seller-financials/,True,,6,0,4,2,0,True,True,False,False,,Unreviewed; count alone does not establish content quality,,,,Page-level GSC metrics were not supplied; no indexing inference
https://www.bnbaccelerator.com/guides/str-investment/new-construction-home/seller-financing/,New-Construction Vacation Home STR Seller Financing Guide | BNB Accelerator,https://www.bnbaccelerator.com/guides/str-investment/new-construction-home/seller-financing/,True,,6,0,4,2,0,True,True,False,False,,Unreviewed; count alone does not establish content quality,,,,Page-level GSC metrics were not supplied; no indexing inference
https://www.bnbaccelerator.com/guides/str-investment/new-construction-home/utility-cost/,New-Construction Vacation Home STR Utility Cost Guide | BNB Accelerator,https://www.bnbaccelerator.com/guides/str-investment/new-construction-home/utility-cost/,True,,6,0,4,2,0,True,True,False,False,,Unreviewed; count alone does not establish content quality,,,,Page-level GSC metrics were not supplied; no indexing inference
https://www.bnbaccelerator.com/guides/str-investment/rural-farmhouse/appraisal-risk/,Rural Farmhouse STR Appraisal Risk Guide | BNB Accelerator,https://www.bnbaccelerator.com/guides/str-investment/rural-farmhouse/appraisal-risk/,True,,6,0,4,2,0,True,True,False,False,,Unreviewed; count alone does not establish content quality,,,,Page-level GSC metrics were not supplied; no indexing inference
https://www.bnbaccelerator.com/guides/str-investment/rural-farmhouse/break-even-occupancy/,Rural Farmhouse STR Break-Even Occupancy Guide | BNB Accelerator,https://www.bnbaccelerator.com/guides/str-investment/rural-farmhouse/break-even-occupancy/,True,,6,0,4,2,0,True,True,False,False,,Unreviewed; count alone does not establish content quality,,,,Page-level GSC metrics were not supplied; no indexing inference
https://www.bnbaccelerator.com/guides/str-investment/rural-farmhouse/bridge-financing/,Rural Farmhouse STR Bridge Financing Guide | BNB Accelerator,https://www.bnbaccelerator.com/guides/str-investment/rural-farmhouse/bridge-financing/,True,,6,0,4,2,0,True,True,False,False,,Unreviewed; count alone does not establish content quality,,,,Page-level GSC metrics were not supplied; no indexing inference
https://www.bnbaccelerator.com/guides/str-investment/rural-farmhouse/cash-flow-downside/,Rural Farmhouse STR Cash-Flow Downside Guide | BNB Accelerator,https://www.bnbaccelerator.com/guides/str-investment/rural-farmhouse/cash-flow-downside/,True,,6,0,4,2,0,True,True,False,False,,Unreviewed; count alone does not establish content quality,,,,Page-level GSC metrics were not supplied; no indexing inference
https://www.bnbaccelerator.com/guides/str-investment/rural-farmhouse/cash-on-cash-return/,Rural Farmhouse STR Cash-On-Cash Return Guide | BNB Accelerator,https://www.bnbaccelerator.com/guides/str-investment/rural-farmhouse/cash-on-cash-return/,True,,6,0,4,2,0,True,True,False,False,,Unreviewed; count alone does not establish content quality,,,,Page-level GSC metrics were not supplied; no indexing inference
https://www.bnbaccelerator.com/guides/str-investment/rural-farmhouse/cleaning-cost/,Rural Farmhouse STR Cleaning Cost Guide | BNB Accelerator,https://www.bnbaccelerator.com/guides/str-investment/rural-farmhouse/cleaning-cost/,True,,6,0,4,2,0,True,True,False,False,,Unreviewed; count alone does not establish content quality,,,,Page-level GSC metrics were not supplied; no indexing inference
https://www.bnbaccelerator.com/guides/str-investment/rural-farmhouse/conventional-financing/,Rural Farmhouse STR Conventional Financing Guide | BNB Accelerator,https://www.bnbaccelerator.com/guides/str-investment/rural-farmhouse/conventional-financing/,True,,6,0,4,2,0,True,True,False,False,,Unreviewed; count alone does not establish content quality,,,,Page-level GSC metrics were not supplied; no indexing inference
https://www.bnbaccelerator.com/guides/str-investment/rural-farmhouse/dscr-loan/,Rural Farmhouse STR DSCR Loan Guide | BNB Accelerator,https://www.bnbaccelerator.com/guides/str-investment/rural-farmhouse/dscr-loan/,True,,6,0,4,2,0,True,True,False,False,,Unreviewed; count alone does not establish content quality,,,,Page-level GSC metrics were not supplied; no indexing inference
https://www.bnbaccelerator.com/guides/str-investment/rural-farmhouse/exit-strategy/,Rural Farmhouse STR Exit Strategy Guide | BNB Accelerator,https://www.bnbaccelerator.com/guides/str-investment/rural-farmhouse/exit-strategy/,True,,6,0,4,2,0,True,True,False,False,,Unreviewed; count alone does not establish content quality,,,,Page-level GSC metrics were not supplied; no indexing inference
https://www.bnbaccelerator.com/guides/str-investment/rural-farmhouse/furnishing-budget/,Rural Farmhouse STR Furnishing Budget Guide | BNB Accelerator,https://www.bnbaccelerator.com/guides/str-investment/rural-farmhouse/furnishing-budget/,True,,6,0,4,2,0,True,True,False,False,,Unreviewed; count alone does not establish content quality,,,,Page-level GSC metrics were not supplied; no indexing inference
https://www.bnbaccelerator.com/guides/str-investment/rural-farmhouse/hoa-diligence/,Rural Farmhouse STR HOA Diligence Guide | BNB Accelerator,https://www.bnbaccelerator.com/guides/str-investment/rural-farmhouse/hoa-diligence/,True,,6,0,4,2,0,True,True,False,False,,Unreviewed; count alone does not establish content quality,,,,Page-level GSC metrics were not supplied; no indexing inference
https://www.bnbaccelerator.com/guides/str-investment/rural-farmhouse/insurance-quote/,Rural Farmhouse STR Insurance Quote Guide | BNB Accelerator,https://www.bnbaccelerator.com/guides/str-investment/rural-farmhouse/insurance-quote/,True,,6,0,4,2,0,True,True,False,False,,Unreviewed; count alone does not establish content quality,,,,Page-level GSC metrics were not supplied; no indexing inference
https://www.bnbaccelerator.com/guides/str-investment/rural-farmhouse/investment-cost/,Rural Farmhouse STR Investment Cost Guide | BNB Accelerator,https://www.bnbaccelerator.com/guides/str-investment/rural-farmhouse/investment-cost/,True,,6,0,4,2,0,True,True,False,False,,Unreviewed; count alone does not establish content quality,,,,Page-level GSC metrics were not supplied; no indexing inference
https://www.bnbaccelerator.com/guides/str-investment/rural-farmhouse/maintenance-reserve/,Rural Farmhouse STR Maintenance Reserve Guide | BNB Accelerator,https://www.bnbaccelerator.com/guides/str-investment/rural-farmhouse/maintenance-reserve/,True,,6,0,4,2,0,True,True,False,False,,Unreviewed; count alone does not establish content quality,,,,Page-level GSC metrics were not supplied; no indexing inference
https://www.bnbaccelerator.com/guides/str-investment/rural-farmhouse/management-cost/,Rural Farmhouse STR Management Cost Guide | BNB Accelerator,https://www.bnbaccelerator.com/guides/str-investment/rural-farmhouse/management-cost/,True,,6,0,4,2,0,True,True,False,False,,Unreviewed; count alone does not establish content quality,,,,Page-level GSC metrics were not supplied; no indexing inference
https://www.bnbaccelerator.com/guides/str-investment/rural-farmhouse/offer-contingencies/,Rural Farmhouse STR Offer Contingencies Guide | BNB Accelerator,https://www.bnbaccelerator.com/guides/str-investment/rural-farmhouse/offer-contingencies/,True,,6,0,4,2,0,True,True,False,False,,Unreviewed; count alone does not establish content quality,,,,Page-level GSC metrics were not supplied; no indexing inference
https://www.bnbaccelerator.com/guides/str-investment/rural-farmhouse/permit-diligence/,Rural Farmhouse STR Permit Diligence Guide | BNB Accelerator,https://www.bnbaccelerator.com/guides/str-investment/rural-farmhouse/permit-diligence/,True,,6,0,4,2,0,True,True,False,False,,Unreviewed; count alone does not establish content quality,,,,Page-level GSC metrics were not supplied; no indexing inference
https://www.bnbaccelerator.com/guides/str-investment/rural-farmhouse/property-inspection/,Rural Farmhouse STR Property Inspection Guide | BNB Accelerator,https://www.bnbaccelerator.com/guides/str-investment/rural-farmhouse/property-inspection/,True,,6,0,4,2,0,True,True,False,False,,Unreviewed; count alone does not establish content quality,,,,Page-level GSC metrics were not supplied; no indexing inference
https://www.bnbaccelerator.com/guides/str-investment/rural-farmhouse/property-tax-reset/,Rural Farmhouse STR Property-Tax Reset Guide | BNB Accelerator,https://www.bnbaccelerator.com/guides/str-investment/rural-farmhouse/property-tax-reset/,True,,6,0,4,2,0,True,True,False,False,,Unreviewed; count alone does not establish content quality,,,,Page-level GSC metrics were not supplied; no indexing inference
https://www.bnbaccelerator.com/guides/str-investment/rural-farmhouse/purchase-price-limit/,Rural Farmhouse STR Purchase-Price Limit Guide | BNB Accelerator,https://www.bnbaccelerator.com/guides/str-investment/rural-farmhouse/purchase-price-limit/,True,,6,0,4,2,0,True,True,False,False,,Unreviewed; count alone does not establish content quality,,,,Page-level GSC metrics were not supplied; no indexing inference
https://www.bnbaccelerator.com/guides/str-investment/rural-farmhouse/renovation-budget/,Rural Farmhouse STR Renovation Budget Guide | BNB Accelerator,https://www.bnbaccelerator.com/guides/str-investment/rural-farmhouse/renovation-budget/,True,,6,0,4,2,0,True,True,False,False,,Unreviewed; count alone does not establish content quality,,,,Page-level GSC metrics were not supplied; no indexing inference
https://www.bnbaccelerator.com/guides/str-investment/rural-farmhouse/revenue-forecast/,Rural Farmhouse STR Revenue Forecast Guide | BNB Accelerator,https://www.bnbaccelerator.com/guides/str-investment/rural-farmhouse/revenue-forecast/,True,,6,0,4,2,0,True,True,False,False,,Unreviewed; count alone does not establish content quality,,,,Page-level GSC metrics were not supplied; no indexing inference
https://www.bnbaccelerator.com/guides/str-investment/rural-farmhouse/seller-financials/,Rural Farmhouse STR Seller Financials Guide | BNB Accelerator,https://www.bnbaccelerator.com/guides/str-investment/rural-farmhouse/seller-financials/,True,,6,0,4,2,0,True,True,False,False,,Unreviewed; count alone does not establish content quality,,,,Page-level GSC metrics were not supplied; no indexing inference
https://www.bnbaccelerator.com/guides/str-investment/rural-farmhouse/seller-financing/,Rural Farmhouse STR Seller Financing Guide | BNB Accelerator,https://www.bnbaccelerator.com/guides/str-investment/rural-farmhouse/seller-financing/,True,,6,0,4,2,0,True,True,False,False,,Unreviewed; count alone does not establish content quality,,,,Page-level GSC metrics were not supplied; no indexing inference
https://www.bnbaccelerator.com/guides/str-investment/rural-farmhouse/utility-cost/,Rural Farmhouse STR Utility Cost Guide | BNB Accelerator,https://www.bnbaccelerator.com/guides/str-investment/rural-farmhouse/utility-cost/,True,,6,0,4,2,0,True,True,False,False,,Unreviewed; count alone does not establish content quality,,,,Page-level GSC metrics were not supplied; no indexing inference
https://www.bnbaccelerator.com/guides/str-investment/ski-chalet/appraisal-risk/,Ski Chalet STR Appraisal Risk Guide | BNB Accelerator,https://www.bnbaccelerator.com/guides/str-investment/ski-chalet/appraisal-risk/,True,,6,0,4,2,0,True,True,False,False,,Unreviewed; count alone does not establish content quality,,,,Page-level GSC metrics were not supplied; no indexing inference
https://www.bnbaccelerator.com/guides/str-investment/ski-chalet/break-even-occupancy/,Ski Chalet STR Break-Even Occupancy Guide | BNB Accelerator,https://www.bnbaccelerator.com/guides/str-investment/ski-chalet/break-even-occupancy/,True,,6,0,4,2,0,True,True,False,False,,Unreviewed; count alone does not establish content quality,,,,Page-level GSC metrics were not supplied; no indexing inference
https://www.bnbaccelerator.com/guides/str-investment/ski-chalet/bridge-financing/,Ski Chalet STR Bridge Financing Guide | BNB Accelerator,https://www.bnbaccelerator.com/guides/str-investment/ski-chalet/bridge-financing/,True,,6,0,4,2,0,True,True,False,False,,Unreviewed; count alone does not establish content quality,,,,Page-level GSC metrics were not supplied; no indexing inference
https://www.bnbaccelerator.com/guides/str-investment/ski-chalet/cash-flow-downside/,Ski Chalet STR Cash-Flow Downside Guide | BNB Accelerator,https://www.bnbaccelerator.com/guides/str-investment/ski-chalet/cash-flow-downside/,True,,6,0,4,2,0,True,True,False,False,,Unreviewed; count alone does not establish content quality,,,,Page-level GSC metrics were not supplied; no indexing inference
https://www.bnbaccelerator.com/guides/str-investment/ski-chalet/cash-on-cash-return/,Ski Chalet STR Cash-On-Cash Return Guide | BNB Accelerator,https://www.bnbaccelerator.com/guides/str-investment/ski-chalet/cash-on-cash-return/,True,,6,0,4,2,0,True,True,False,False,,Unreviewed; count alone does not establish content quality,,,,Page-level GSC metrics were not supplied; no indexing inference
https://www.bnbaccelerator.com/guides/str-investment/ski-chalet/cleaning-cost/,Ski Chalet STR Cleaning Cost Guide | BNB Accelerator,https://www.bnbaccelerator.com/guides/str-investment/ski-chalet/cleaning-cost/,True,,6,0,4,2,0,True,True,False,False,,Unreviewed; count alone does not establish content quality,,,,Page-level GSC metrics were not supplied; no indexing inference
https://www.bnbaccelerator.com/guides/str-investment/ski-chalet/conventional-financing/,Ski Chalet STR Conventional Financing Guide | BNB Accelerator,https://www.bnbaccelerator.com/guides/str-investment/ski-chalet/conventional-financing/,True,,6,0,4,2,0,True,True,False,False,,Unreviewed; count alone does not establish content quality,,,,Page-level GSC metrics were not supplied; no indexing inference
https://www.bnbaccelerator.com/guides/str-investment/ski-chalet/dscr-loan/,Ski Chalet STR DSCR Loan Guide | BNB Accelerator,https://www.bnbaccelerator.com/guides/str-investment/ski-chalet/dscr-loan/,True,,6,0,4,2,0,True,True,False,False,,Unreviewed; count alone does not establish content quality,,,,Page-level GSC metrics were not supplied; no indexing inference
https://www.bnbaccelerator.com/guides/str-investment/ski-chalet/exit-strategy/,Ski Chalet STR Exit Strategy Guide | BNB Accelerator,https://www.bnbaccelerator.com/guides/str-investment/ski-chalet/exit-strategy/,True,,6,0,4,2,0,True,True,False,False,,Unreviewed; count alone does not establish content quality,,,,Page-level GSC metrics were not supplied; no indexing inference
https://www.bnbaccelerator.com/guides/str-investment/ski-chalet/furnishing-budget/,Ski Chalet STR Furnishing Budget Guide | BNB Accelerator,https://www.bnbaccelerator.com/guides/str-investment/ski-chalet/furnishing-budget/,True,,6,0,4,2,0,True,True,False,False,,Unreviewed; count alone does not establish content quality,,,,Page-level GSC metrics were not supplied; no indexing inference
https://www.bnbaccelerator.com/guides/str-investment/ski-chalet/hoa-diligence/,Ski Chalet STR HOA Diligence Guide | BNB Accelerator,https://www.bnbaccelerator.com/guides/str-investment/ski-chalet/hoa-diligence/,True,,6,0,4,2,0,True,True,False,False,,Unreviewed; count alone does not establish content quality,,,,Page-level GSC metrics were not supplied; no indexing inference
https://www.bnbaccelerator.com/guides/str-investment/ski-chalet/insurance-quote/,Ski Chalet STR Insurance Quote Guide | BNB Accelerator,https://www.bnbaccelerator.com/guides/str-investment/ski-chalet/insurance-quote/,True,,6,0,4,2,0,True,True,False,False,,Unreviewed; count alone does not establish content quality,,,,Page-level GSC metrics were not supplied; no indexing inference
https://www.bnbaccelerator.com/guides/str-investment/ski-chalet/investment-cost/,Ski Chalet STR Investment Cost Guide | BNB Accelerator,https://www.bnbaccelerator.com/guides/str-investment/ski-chalet/investment-cost/,True,,6,0,4,2,0,True,True,False,False,,Unreviewed; count alone does not establish content quality,,,,Page-level GSC metrics were not supplied; no indexing inference
https://www.bnbaccelerator.com/guides/str-investment/ski-chalet/maintenance-reserve/,Ski Chalet STR Maintenance Reserve Guide | BNB Accelerator,https://www.bnbaccelerator.com/guides/str-investment/ski-chalet/maintenance-reserve/,True,,6,0,4,2,0,True,True,False,False,,Unreviewed; count alone does not establish content quality,,,,Page-level GSC metrics were not supplied; no indexing inference
https://www.bnbaccelerator.com/guides/str-investment/ski-chalet/management-cost/,Ski Chalet STR Management Cost Guide | BNB Accelerator,https://www.bnbaccelerator.com/guides/str-investment/ski-chalet/management-cost/,True,,6,0,4,2,0,True,True,False,False,,Unreviewed; count alone does not establish content quality,,,,Page-level GSC metrics were not supplied; no indexing inference
https://www.bnbaccelerator.com/guides/str-investment/ski-chalet/offer-contingencies/,Ski Chalet STR Offer Contingencies Guide | BNB Accelerator,https://www.bnbaccelerator.com/guides/str-investment/ski-chalet/offer-contingencies/,True,,6,0,4,2,0,True,True,False,False,,Unreviewed; count alone does not establish content quality,,,,Page-level GSC metrics were not supplied; no indexing inference
https://www.bnbaccelerator.com/guides/str-investment/ski-chalet/permit-diligence/,Ski Chalet STR Permit Diligence Guide | BNB Accelerator,https://www.bnbaccelerator.com/guides/str-investment/ski-chalet/permit-diligence/,True,,6,0,4,2,0,True,True,False,False,,Unreviewed; count alone does not establish content quality,,,,Page-level GSC metrics were not supplied; no indexing inference
https://www.bnbaccelerator.com/guides/str-investment/ski-chalet/property-inspection/,Ski Chalet STR Property Inspection Guide | BNB Accelerator,https://www.bnbaccelerator.com/guides/str-investment/ski-chalet/property-inspection/,True,,6,0,4,2,0,True,True,False,False,,Unreviewed; count alone does not establish content quality,,,,Page-level GSC metrics were not supplied; no indexing inference
https://www.bnbaccelerator.com/guides/str-investment/ski-chalet/property-tax-reset/,Ski Chalet STR Property-Tax Reset Guide | BNB Accelerator,https://www.bnbaccelerator.com/guides/str-investment/ski-chalet/property-tax-reset/,True,,6,0,4,2,0,True,True,False,False,,Unreviewed; count alone does not establish content quality,,,,Page-level GSC metrics were not supplied; no indexing inference
https://www.bnbaccelerator.com/guides/str-investment/ski-chalet/purchase-price-limit/,Ski Chalet STR Purchase-Price Limit Guide | BNB Accelerator,https://www.bnbaccelerator.com/guides/str-investment/ski-chalet/purchase-price-limit/,True,,6,0,4,2,0,True,True,False,False,,Unreviewed; count alone does not establish content quality,,,,Page-level GSC metrics were not supplied; no indexing inference
https://www.bnbaccelerator.com/guides/str-investment/ski-chalet/renovation-budget/,Ski Chalet STR Renovation Budget Guide | BNB Accelerator,https://www.bnbaccelerator.com/guides/str-investment/ski-chalet/renovation-budget/,True,,6,0,4,2,0,True,True,False,False,,Unreviewed; count alone does not establish content quality,,,,Page-level GSC metrics were not supplied; no indexing inference
https://www.bnbaccelerator.com/guides/str-investment/ski-chalet/revenue-forecast/,Ski Chalet STR Revenue Forecast Guide | BNB Accelerator,https://www.bnbaccelerator.com/guides/str-investment/ski-chalet/revenue-forecast/,True,,6,0,4,2,0,True,True,False,False,,Unreviewed; count alone does not establish content quality,,,,Page-level GSC metrics were not supplied; no indexing inference
https://www.bnbaccelerator.com/guides/str-investment/ski-chalet/seller-financials/,Ski Chalet STR Seller Financials Guide | BNB Accelerator,https://www.bnbaccelerator.com/guides/str-investment/ski-chalet/seller-financials/,True,,6,0,4,2,0,True,True,False,False,,Unreviewed; count alone does not establish content quality,,,,Page-level GSC metrics were not supplied; no indexing inference
https://www.bnbaccelerator.com/guides/str-investment/ski-chalet/seller-financing/,Ski Chalet STR Seller Financing Guide | BNB Accelerator,https://www.bnbaccelerator.com/guides/str-investment/ski-chalet/seller-financing/,True,,6,0,4,2,0,True,True,False,False,,Unreviewed; count alone does not establish content quality,,,,Page-level GSC metrics were not supplied; no indexing inference
https://www.bnbaccelerator.com/guides/str-investment/ski-chalet/utility-cost/,Ski Chalet STR Utility Cost Guide | BNB Accelerator,https://www.bnbaccelerator.com/guides/str-investment/ski-chalet/utility-cost/,True,,6,0,4,2,0,True,True,False,False,,Unreviewed; count alone does not establish content quality,,,,Page-level GSC metrics were not supplied; no indexing inference
https://www.bnbaccelerator.com/guides/str-investment/suburban-home/appraisal-risk/,Suburban Single-Family Home STR Appraisal Risk Guide | BNB Accelerator,https://www.bnbaccelerator.com/guides/str-investment/suburban-home/appraisal-risk/,True,,6,0,4,2,0,True,True,False,False,,Unreviewed; count alone does not establish content quality,,,,Page-level GSC metrics were not supplied; no indexing inference
https://www.bnbaccelerator.com/guides/str-investment/suburban-home/break-even-occupancy/,Suburban Single-Family Home STR Break-Even Occupancy Guide | BNB Accelerator,https://www.bnbaccelerator.com/guides/str-investment/suburban-home/break-even-occupancy/,True,,6,0,4,2,0,True,True,False,False,,Unreviewed; count alone does not establish content quality,,,,Page-level GSC metrics were not supplied; no indexing inference
https://www.bnbaccelerator.com/guides/str-investment/suburban-home/bridge-financing/,Suburban Single-Family Home STR Bridge Financing Guide | BNB Accelerator,https://www.bnbaccelerator.com/guides/str-investment/suburban-home/bridge-financing/,True,,6,0,4,2,0,True,True,False,False,,Unreviewed; count alone does not establish content quality,,,,Page-level GSC metrics were not supplied; no indexing inference
https://www.bnbaccelerator.com/guides/str-investment/suburban-home/cash-flow-downside/,Suburban Single-Family Home STR Cash-Flow Downside Guide | BNB Accelerator,https://www.bnbaccelerator.com/guides/str-investment/suburban-home/cash-flow-downside/,True,,6,0,4,2,0,True,True,False,False,,Unreviewed; count alone does not establish content quality,,,,Page-level GSC metrics were not supplied; no indexing inference
https://www.bnbaccelerator.com/guides/str-investment/suburban-home/cash-on-cash-return/,Suburban Single-Family Home STR Cash-On-Cash Return Guide | BNB Accelerator,https://www.bnbaccelerator.com/guides/str-investment/suburban-home/cash-on-cash-return/,True,,6,0,4,2,0,True,True,False,False,,Unreviewed; count alone does not establish content quality,,,,Page-level GSC metrics were not supplied; no indexing inference
https://www.bnbaccelerator.com/guides/str-investment/suburban-home/cleaning-cost/,Suburban Single-Family Home STR Cleaning Cost Guide | BNB Accelerator,https://www.bnbaccelerator.com/guides/str-investment/suburban-home/cleaning-cost/,True,,6,0,4,2,0,True,True,False,False,,Unreviewed; count alone does not establish content quality,,,,Page-level GSC metrics were not supplied; no indexing inference
https://www.bnbaccelerator.com/guides/str-investment/suburban-home/conventional-financing/,Suburban Single-Family Home STR Conventional Financing Guide | BNB Accelerator,https://www.bnbaccelerator.com/guides/str-investment/suburban-home/conventional-financing/,True,,6,0,4,2,0,True,True,False,False,,Unreviewed; count alone does not establish content quality,,,,Page-level GSC metrics were not supplied; no indexing inference
https://www.bnbaccelerator.com/guides/str-investment/suburban-home/dscr-loan/,Suburban Single-Family Home STR DSCR Loan Guide | BNB Accelerator,https://www.bnbaccelerator.com/guides/str-investment/suburban-home/dscr-loan/,True,,6,0,4,2,0,True,True,False,False,,Unreviewed; count alone does not establish content quality,,,,Page-level GSC metrics were not supplied; no indexing inference
https://www.bnbaccelerator.com/guides/str-investment/suburban-home/exit-strategy/,Suburban Single-Family Home STR Exit Strategy Guide | BNB Accelerator,https://www.bnbaccelerator.com/guides/str-investment/suburban-home/exit-strategy/,True,,6,0,4,2,0,True,True,False,False,,Unreviewed; count alone does not establish content quality,,,,Page-level GSC metrics were not supplied; no indexing inference
https://www.bnbaccelerator.com/guides/str-investment/suburban-home/furnishing-budget/,Suburban Single-Family Home STR Furnishing Budget Guide | BNB Accelerator,https://www.bnbaccelerator.com/guides/str-investment/suburban-home/furnishing-budget/,True,,6,0,4,2,0,True,True,False,False,,Unreviewed; count alone does not establish content quality,,,,Page-level GSC metrics were not supplied; no indexing inference
https://www.bnbaccelerator.com/guides/str-investment/suburban-home/hoa-diligence/,Suburban Single-Family Home STR HOA Diligence Guide | BNB Accelerator,https://www.bnbaccelerator.com/guides/str-investment/suburban-home/hoa-diligence/,True,,6,0,4,2,0,True,True,False,False,,Unreviewed; count alone does not establish content quality,,,,Page-level GSC metrics were not supplied; no indexing inference
https://www.bnbaccelerator.com/guides/str-investment/suburban-home/insurance-quote/,Suburban Single-Family Home STR Insurance Quote Guide | BNB Accelerator,https://www.bnbaccelerator.com/guides/str-investment/suburban-home/insurance-quote/,True,,6,0,4,2,0,True,True,False,False,,Unreviewed; count alone does not establish content quality,,,,Page-level GSC metrics were not supplied; no indexing inference
https://www.bnbaccelerator.com/guides/str-investment/suburban-home/investment-cost/,Suburban Single-Family Home STR Investment Cost Guide | BNB Accelerator,https://www.bnbaccelerator.com/guides/str-investment/suburban-home/investment-cost/,True,,6,0,4,2,0,True,True,False,False,,Unreviewed; count alone does not establish content quality,,,,Page-level GSC metrics were not supplied; no indexing inference
https://www.bnbaccelerator.com/guides/str-investment/suburban-home/maintenance-reserve/,Suburban Single-Family Home STR Maintenance Reserve Guide | BNB Accelerator,https://www.bnbaccelerator.com/guides/str-investment/suburban-home/maintenance-reserve/,True,,6,0,4,2,0,True,True,False,False,,Unreviewed; count alone does not establish content quality,,,,Page-level GSC metrics were not supplied; no indexing inference
https://www.bnbaccelerator.com/guides/str-investment/suburban-home/management-cost/,Suburban Single-Family Home STR Management Cost Guide | BNB Accelerator,https://www.bnbaccelerator.com/guides/str-investment/suburban-home/management-cost/,True,,6,0,4,2,0,True,True,False,False,,Unreviewed; count alone does not establish content quality,,,,Page-level GSC metrics were not supplied; no indexing inference
https://www.bnbaccelerator.com/guides/str-investment/suburban-home/offer-contingencies/,Suburban Single-Family Home STR Offer Contingencies Guide | BNB Accelerator,https://www.bnbaccelerator.com/guides/str-investment/suburban-home/offer-contingencies/,True,,6,0,4,2,0,True,True,False,False,,Unreviewed; count alone does not establish content quality,,,,Page-level GSC metrics were not supplied; no indexing inference
https://www.bnbaccelerator.com/guides/str-investment/suburban-home/permit-diligence/,Suburban Single-Family Home STR Permit Diligence Guide | BNB Accelerator,https://www.bnbaccelerator.com/guides/str-investment/suburban-home/permit-diligence/,True,,6,0,4,2,0,True,True,False,False,,Unreviewed; count alone does not establish content quality,,,,Page-level GSC metrics were not supplied; no indexing inference
https://www.bnbaccelerator.com/guides/str-investment/suburban-home/property-inspection/,Suburban Single-Family Home STR Property Inspection Guide | BNB Accelerator,https://www.bnbaccelerator.com/guides/str-investment/suburban-home/property-inspection/,True,,6,0,4,2,0,True,True,False,False,,Unreviewed; count alone does not establish content quality,,,,Page-level GSC metrics were not supplied; no indexing inference
https://www.bnbaccelerator.com/guides/str-investment/suburban-home/property-tax-reset/,Suburban Single-Family Home STR Property-Tax Reset Guide | BNB Accelerator,https://www.bnbaccelerator.com/guides/str-investment/suburban-home/property-tax-reset/,True,,6,0,4,2,0,True,True,False,False,,Unreviewed; count alone does not establish content quality,,,,Page-level GSC metrics were not supplied; no indexing inference
https://www.bnbaccelerator.com/guides/str-investment/suburban-home/purchase-price-limit/,Suburban Single-Family Home STR Purchase-Price Limit Guide | BNB Accelerator,https://www.bnbaccelerator.com/guides/str-investment/suburban-home/purchase-price-limit/,True,,6,0,4,2,0,True,True,False,False,,Unreviewed; count alone does not establish content quality,,,,Page-level GSC metrics were not supplied; no indexing inference
https://www.bnbaccelerator.com/guides/str-investment/suburban-home/renovation-budget/,Suburban Single-Family Home STR Renovation Budget Guide | BNB Accelerator,https://www.bnbaccelerator.com/guides/str-investment/suburban-home/renovation-budget/,True,,6,0,4,2,0,True,True,False,False,,Unreviewed; count alone does not establish content quality,,,,Page-level GSC metrics were not supplied; no indexing inference
https://www.bnbaccelerator.com/guides/str-investment/suburban-home/revenue-forecast/,Suburban Single-Family Home STR Revenue Forecast Guide | BNB Accelerator,https://www.bnbaccelerator.com/guides/str-investment/suburban-home/revenue-forecast/,True,,6,0,4,2,0,True,True,False,False,,Unreviewed; count alone does not establish content quality,,,,Page-level GSC metrics were not supplied; no indexing inference
https://www.bnbaccelerator.com/guides/str-investment/suburban-home/seller-financials/,Suburban Single-Family Home STR Seller Financials Guide | BNB Accelerator,https://www.bnbaccelerator.com/guides/str-investment/suburban-home/seller-financials/,True,,6,0,4,2,0,True,True,False,False,,Unreviewed; count alone does not establish content quality,,,,Page-level GSC metrics were not supplied; no indexing inference
https://www.bnbaccelerator.com/guides/str-investment/suburban-home/seller-financing/,Suburban Single-Family Home STR Seller Financing Guide | BNB Accelerator,https://www.bnbaccelerator.com/guides/str-investment/suburban-home/seller-financing/,True,,6,0,4,2,0,True,True,False,False,,Unreviewed; count alone does not establish content quality,,,,Page-level GSC metrics were not supplied; no indexing inference
https://www.bnbaccelerator.com/guides/str-investment/suburban-home/utility-cost/,Suburban Single-Family Home STR Utility Cost Guide | BNB Accelerator,https://www.bnbaccelerator.com/guides/str-investment/suburban-home/utility-cost/,True,,6,0,4,2,0,True,True,False,False,,Unreviewed; count alone does not establish content quality,,,,Page-level GSC metrics were not supplied; no indexing inference
https://www.bnbaccelerator.com/guides/str-investment/tiny-home/appraisal-risk/,Tiny Home STR Appraisal Risk Guide | BNB Accelerator,https://www.bnbaccelerator.com/guides/str-investment/tiny-home/appraisal-risk/,True,,6,0,4,2,0,True,True,False,False,,Unreviewed; count alone does not establish content quality,,,,Page-level GSC metrics were not supplied; no indexing inference
https://www.bnbaccelerator.com/guides/str-investment/tiny-home/break-even-occupancy/,Tiny Home STR Break-Even Occupancy Guide | BNB Accelerator,https://www.bnbaccelerator.com/guides/str-investment/tiny-home/break-even-occupancy/,True,,6,0,4,2,0,True,True,False,False,,Unreviewed; count alone does not establish content quality,,,,Page-level GSC metrics were not supplied; no indexing inference
https://www.bnbaccelerator.com/guides/str-investment/tiny-home/bridge-financing/,Tiny Home STR Bridge Financing Guide | BNB Accelerator,https://www.bnbaccelerator.com/guides/str-investment/tiny-home/bridge-financing/,True,,6,0,4,2,0,True,True,False,False,,Unreviewed; count alone does not establish content quality,,,,Page-level GSC metrics were not supplied; no indexing inference
https://www.bnbaccelerator.com/guides/str-investment/tiny-home/cash-flow-downside/,Tiny Home STR Cash-Flow Downside Guide | BNB Accelerator,https://www.bnbaccelerator.com/guides/str-investment/tiny-home/cash-flow-downside/,True,,6,0,4,2,0,True,True,False,False,,Unreviewed; count alone does not establish content quality,,,,Page-level GSC metrics were not supplied; no indexing inference
https://www.bnbaccelerator.com/guides/str-investment/tiny-home/cash-on-cash-return/,Tiny Home STR Cash-On-Cash Return Guide | BNB Accelerator,https://www.bnbaccelerator.com/guides/str-investment/tiny-home/cash-on-cash-return/,True,,6,0,4,2,0,True,True,False,False,,Unreviewed; count alone does not establish content quality,,,,Page-level GSC metrics were not supplied; no indexing inference
https://www.bnbaccelerator.com/guides/str-investment/tiny-home/cleaning-cost/,Tiny Home STR Cleaning Cost Guide | BNB Accelerator,https://www.bnbaccelerator.com/guides/str-investment/tiny-home/cleaning-cost/,True,,6,0,4,2,0,True,True,False,False,,Unreviewed; count alone does not establish content quality,,,,Page-level GSC metrics were not supplied; no indexing inference
https://www.bnbaccelerator.com/guides/str-investment/tiny-home/conventional-financing/,Tiny Home STR Conventional Financing Guide | BNB Accelerator,https://www.bnbaccelerator.com/guides/str-investment/tiny-home/conventional-financing/,True,,6,0,4,2,0,True,True,False,False,,Unreviewed; count alone does not establish content quality,,,,Page-level GSC metrics were not supplied; no indexing inference
https://www.bnbaccelerator.com/guides/str-investment/tiny-home/dscr-loan/,Tiny Home STR DSCR Loan Guide | BNB Accelerator,https://www.bnbaccelerator.com/guides/str-investment/tiny-home/dscr-loan/,True,,6,0,4,2,0,True,True,False,False,,Unreviewed; count alone does not establish content quality,,,,Page-level GSC metrics were not supplied; no indexing inference
https://www.bnbaccelerator.com/guides/str-investment/tiny-home/exit-strategy/,Tiny Home STR Exit Strategy Guide | BNB Accelerator,https://www.bnbaccelerator.com/guides/str-investment/tiny-home/exit-strategy/,True,,6,0,4,2,0,True,True,False,False,,Unreviewed; count alone does not establish content quality,,,,Page-level GSC metrics were not supplied; no indexing inference
https://www.bnbaccelerator.com/guides/str-investment/tiny-home/furnishing-budget/,Tiny Home STR Furnishing Budget Guide | BNB Accelerator,https://www.bnbaccelerator.com/guides/str-investment/tiny-home/furnishing-budget/,True,,6,0,4,2,0,True,True,False,False,,Unreviewed; count alone does not establish content quality,,,,Page-level GSC metrics were not supplied; no indexing inference
https://www.bnbaccelerator.com/guides/str-investment/tiny-home/hoa-diligence/,Tiny Home STR HOA Diligence Guide | BNB Accelerator,https://www.bnbaccelerator.com/guides/str-investment/tiny-home/hoa-diligence/,True,,6,0,4,2,0,True,True,False,False,,Unreviewed; count alone does not establish content quality,,,,Page-level GSC metrics were not supplied; no indexing inference
https://www.bnbaccelerator.com/guides/str-investment/tiny-home/insurance-quote/,Tiny Home STR Insurance Quote Guide | BNB Accelerator,https://www.bnbaccelerator.com/guides/str-investment/tiny-home/insurance-quote/,True,,6,0,4,2,0,True,True,False,False,,Unreviewed; count alone does not establish content quality,,,,Page-level GSC metrics were not supplied; no indexing inference
https://www.bnbaccelerator.com/guides/str-investment/tiny-home/investment-cost/,Tiny Home STR Investment Cost Guide | BNB Accelerator,https://www.bnbaccelerator.com/guides/str-investment/tiny-home/investment-cost/,True,,6,0,4,2,0,True,True,False,False,,Unreviewed; count alone does not establish content quality,,,,Page-level GSC metrics were not supplied; no indexing inference
https://www.bnbaccelerator.com/guides/str-investment/tiny-home/maintenance-reserve/,Tiny Home STR Maintenance Reserve Guide | BNB Accelerator,https://www.bnbaccelerator.com/guides/str-investment/tiny-home/maintenance-reserve/,True,,6,0,4,2,0,True,True,False,False,,Unreviewed; count alone does not establish content quality,,,,Page-level GSC metrics were not supplied; no indexing inference
https://www.bnbaccelerator.com/guides/str-investment/tiny-home/management-cost/,Tiny Home STR Management Cost Guide | BNB Accelerator,https://www.bnbaccelerator.com/guides/str-investment/tiny-home/management-cost/,True,,6,0,4,2,0,True,True,False,False,,Unreviewed; count alone does not establish content quality,,,,Page-level GSC metrics were not supplied; no indexing inference
https://www.bnbaccelerator.com/guides/str-investment/tiny-home/offer-contingencies/,Tiny Home STR Offer Contingencies Guide | BNB Accelerator,https://www.bnbaccelerator.com/guides/str-investment/tiny-home/offer-contingencies/,True,,6,0,4,2,0,True,True,False,False,,Unreviewed; count alone does not establish content quality,,,,Page-level GSC metrics were not supplied; no indexing inference
https://www.bnbaccelerator.com/guides/str-investment/tiny-home/permit-diligence/,Tiny Home STR Permit Diligence Guide | BNB Accelerator,https://www.bnbaccelerator.com/guides/str-investment/tiny-home/permit-diligence/,True,,6,0,4,2,0,True,True,False,False,,Unreviewed; count alone does not establish content quality,,,,Page-level GSC metrics were not supplied; no indexing inference
https://www.bnbaccelerator.com/guides/str-investment/tiny-home/property-inspection/,Tiny Home STR Property Inspection Guide | BNB Accelerator,https://www.bnbaccelerator.com/guides/str-investment/tiny-home/property-inspection/,True,,6,0,4,2,0,True,True,False,False,,Unreviewed; count alone does not establish content quality,,,,Page-level GSC metrics were not supplied; no indexing inference
https://www.bnbaccelerator.com/guides/str-investment/tiny-home/property-tax-reset/,Tiny Home STR Property-Tax Reset Guide | BNB Accelerator,https://www.bnbaccelerator.com/guides/str-investment/tiny-home/property-tax-reset/,True,,6,0,4,2,0,True,True,False,False,,Unreviewed; count alone does not establish content quality,,,,Page-level GSC metrics were not supplied; no indexing inference
https://www.bnbaccelerator.com/guides/str-investment/tiny-home/purchase-price-limit/,Tiny Home STR Purchase-Price Limit Guide | BNB Accelerator,https://www.bnbaccelerator.com/guides/str-investment/tiny-home/purchase-price-limit/,True,,6,0,4,2,0,True,True,False,False,,Unreviewed; count alone does not establish content quality,,,,Page-level GSC metrics were not supplied; no indexing inference
https://www.bnbaccelerator.com/guides/str-investment/tiny-home/renovation-budget/,Tiny Home STR Renovation Budget Guide | BNB Accelerator,https://www.bnbaccelerator.com/guides/str-investment/tiny-home/renovation-budget/,True,,6,0,4,2,0,True,True,False,False,,Unreviewed; count alone does not establish content quality,,,,Page-level GSC metrics were not supplied; no indexing inference
https://www.bnbaccelerator.com/guides/str-investment/tiny-home/revenue-forecast/,Tiny Home STR Revenue Forecast Guide | BNB Accelerator,https://www.bnbaccelerator.com/guides/str-investment/tiny-home/revenue-forecast/,True,,6,0,4,2,0,True,True,False,False,,Unreviewed; count alone does not establish content quality,,,,Page-level GSC metrics were not supplied; no indexing inference
https://www.bnbaccelerator.com/guides/str-investment/tiny-home/seller-financials/,Tiny Home STR Seller Financials Guide | BNB Accelerator,https://www.bnbaccelerator.com/guides/str-investment/tiny-home/seller-financials/,True,,6,0,4,2,0,True,True,False,False,,Unreviewed; count alone does not establish content quality,,,,Page-level GSC metrics were not supplied; no indexing inference
https://www.bnbaccelerator.com/guides/str-investment/tiny-home/seller-financing/,Tiny Home STR Seller Financing Guide | BNB Accelerator,https://www.bnbaccelerator.com/guides/str-investment/tiny-home/seller-financing/,True,,6,0,4,2,0,True,True,False,False,,Unreviewed; count alone does not establish content quality,,,,Page-level GSC metrics were not supplied; no indexing inference
https://www.bnbaccelerator.com/guides/str-investment/tiny-home/utility-cost/,Tiny Home STR Utility Cost Guide | BNB Accelerator,https://www.bnbaccelerator.com/guides/str-investment/tiny-home/utility-cost/,True,,6,0,4,2,0,True,True,False,False,,Unreviewed; count alone does not establish content quality,,,,Page-level GSC metrics were not supplied; no indexing inference
https://www.bnbaccelerator.com/guides/str-investment/townhouse/appraisal-risk/,Townhouse STR Appraisal Risk Guide | BNB Accelerator,https://www.bnbaccelerator.com/guides/str-investment/townhouse/appraisal-risk/,True,,6,0,4,2,0,True,True,False,False,,Unreviewed; count alone does not establish content quality,,,,Page-level GSC metrics were not supplied; no indexing inference
https://www.bnbaccelerator.com/guides/str-investment/townhouse/break-even-occupancy/,Townhouse STR Break-Even Occupancy Guide | BNB Accelerator,https://www.bnbaccelerator.com/guides/str-investment/townhouse/break-even-occupancy/,True,,6,0,4,2,0,True,True,False,False,,Unreviewed; count alone does not establish content quality,,,,Page-level GSC metrics were not supplied; no indexing inference
https://www.bnbaccelerator.com/guides/str-investment/townhouse/bridge-financing/,Townhouse STR Bridge Financing Guide | BNB Accelerator,https://www.bnbaccelerator.com/guides/str-investment/townhouse/bridge-financing/,True,,6,0,4,2,0,True,True,False,False,,Unreviewed; count alone does not establish content quality,,,,Page-level GSC metrics were not supplied; no indexing inference
https://www.bnbaccelerator.com/guides/str-investment/townhouse/cash-flow-downside/,Townhouse STR Cash-Flow Downside Guide | BNB Accelerator,https://www.bnbaccelerator.com/guides/str-investment/townhouse/cash-flow-downside/,True,,6,0,4,2,0,True,True,False,False,,Unreviewed; count alone does not establish content quality,,,,Page-level GSC metrics were not supplied; no indexing inference
https://www.bnbaccelerator.com/guides/str-investment/townhouse/cash-on-cash-return/,Townhouse STR Cash-On-Cash Return Guide | BNB Accelerator,https://www.bnbaccelerator.com/guides/str-investment/townhouse/cash-on-cash-return/,True,,6,0,4,2,0,True,True,False,False,,Unreviewed; count alone does not establish content quality,,,,Page-level GSC metrics were not supplied; no indexing inference
https://www.bnbaccelerator.com/guides/str-investment/townhouse/cleaning-cost/,Townhouse STR Cleaning Cost Guide | BNB Accelerator,https://www.bnbaccelerator.com/guides/str-investment/townhouse/cleaning-cost/,True,,6,0,4,2,0,True,True,False,False,,Unreviewed; count alone does not establish content quality,,,,Page-level GSC metrics were not supplied; no indexing inference
https://www.bnbaccelerator.com/guides/str-investment/townhouse/conventional-financing/,Townhouse STR Conventional Financing Guide | BNB Accelerator,https://www.bnbaccelerator.com/guides/str-investment/townhouse/conventional-financing/,True,,6,0,4,2,0,True,True,False,False,,Unreviewed; count alone does not establish content quality,,,,Page-level GSC metrics were not supplied; no indexing inference
https://www.bnbaccelerator.com/guides/str-investment/townhouse/dscr-loan/,Townhouse STR DSCR Loan Guide | BNB Accelerator,https://www.bnbaccelerator.com/guides/str-investment/townhouse/dscr-loan/,True,,6,0,4,2,0,True,True,False,False,,Unreviewed; count alone does not establish content quality,,,,Page-level GSC metrics were not supplied; no indexing inference
https://www.bnbaccelerator.com/guides/str-investment/townhouse/exit-strategy/,Townhouse STR Exit Strategy Guide | BNB Accelerator,https://www.bnbaccelerator.com/guides/str-investment/townhouse/exit-strategy/,True,,6,0,4,2,0,True,True,False,False,,Unreviewed; count alone does not establish content quality,,,,Page-level GSC metrics were not supplied; no indexing inference
https://www.bnbaccelerator.com/guides/str-investment/townhouse/furnishing-budget/,Townhouse STR Furnishing Budget Guide | BNB Accelerator,https://www.bnbaccelerator.com/guides/str-investment/townhouse/furnishing-budget/,True,,6,0,4,2,0,True,True,False,False,,Unreviewed; count alone does not establish content quality,,,,Page-level GSC metrics were not supplied; no indexing inference
https://www.bnbaccelerator.com/guides/str-investment/townhouse/hoa-diligence/,Townhouse STR HOA Diligence Guide | BNB Accelerator,https://www.bnbaccelerator.com/guides/str-investment/townhouse/hoa-diligence/,True,,6,0,4,2,0,True,True,False,False,,Unreviewed; count alone does not establish content quality,,,,Page-level GSC metrics were not supplied; no indexing inference
https://www.bnbaccelerator.com/guides/str-investment/townhouse/insurance-quote/,Townhouse STR Insurance Quote Guide | BNB Accelerator,https://www.bnbaccelerator.com/guides/str-investment/townhouse/insurance-quote/,True,,6,0,4,2,0,True,True,False,False,,Unreviewed; count alone does not establish content quality,,,,Page-level GSC metrics were not supplied; no indexing inference
https://www.bnbaccelerator.com/guides/str-investment/townhouse/investment-cost/,Townhouse STR Investment Cost Guide | BNB Accelerator,https://www.bnbaccelerator.com/guides/str-investment/townhouse/investment-cost/,True,,6,0,4,2,0,True,True,False,False,,Unreviewed; count alone does not establish content quality,,,,Page-level GSC metrics were not supplied; no indexing inference
https://www.bnbaccelerator.com/guides/str-investment/townhouse/maintenance-reserve/,Townhouse STR Maintenance Reserve Guide | BNB Accelerator,https://www.bnbaccelerator.com/guides/str-investment/townhouse/maintenance-reserve/,True,,6,0,4,2,0,True,True,False,False,,Unreviewed; count alone does not establish content quality,,,,Page-level GSC metrics were not supplied; no indexing inference
https://www.bnbaccelerator.com/guides/str-investment/townhouse/management-cost/,Townhouse STR Management Cost Guide | BNB Accelerator,https://www.bnbaccelerator.com/guides/str-investment/townhouse/management-cost/,True,,6,0,4,2,0,True,True,False,False,,Unreviewed; count alone does not establish content quality,,,,Page-level GSC metrics were not supplied; no indexing inference
https://www.bnbaccelerator.com/guides/str-investment/townhouse/offer-contingencies/,Townhouse STR Offer Contingencies Guide | BNB Accelerator,https://www.bnbaccelerator.com/guides/str-investment/townhouse/offer-contingencies/,True,,6,0,4,2,0,True,True,False,False,,Unreviewed; count alone does not establish content quality,,,,Page-level GSC metrics were not supplied; no indexing inference
https://www.bnbaccelerator.com/guides/str-investment/townhouse/permit-diligence/,Townhouse STR Permit Diligence Guide | BNB Accelerator,https://www.bnbaccelerator.com/guides/str-investment/townhouse/permit-diligence/,True,,6,0,4,2,0,True,True,False,False,,Unreviewed; count alone does not establish content quality,,,,Page-level GSC metrics were not supplied; no indexing inference
https://www.bnbaccelerator.com/guides/str-investment/townhouse/property-inspection/,Townhouse STR Property Inspection Guide | BNB Accelerator,https://www.bnbaccelerator.com/guides/str-investment/townhouse/property-inspection/,True,,6,0,4,2,0,True,True,False,False,,Unreviewed; count alone does not establish content quality,,,,Page-level GSC metrics were not supplied; no indexing inference
https://www.bnbaccelerator.com/guides/str-investment/townhouse/property-tax-reset/,Townhouse STR Property-Tax Reset Guide | BNB Accelerator,https://www.bnbaccelerator.com/guides/str-investment/townhouse/property-tax-reset/,True,,6,0,4,2,0,True,True,False,False,,Unreviewed; count alone does not establish content quality,,,,Page-level GSC metrics were not supplied; no indexing inference
https://www.bnbaccelerator.com/guides/str-investment/townhouse/purchase-price-limit/,Townhouse STR Purchase-Price Limit Guide | BNB Accelerator,https://www.bnbaccelerator.com/guides/str-investment/townhouse/purchase-price-limit/,True,,6,0,4,2,0,True,True,False,False,,Unreviewed; count alone does not establish content quality,,,,Page-level GSC metrics were not supplied; no indexing inference
https://www.bnbaccelerator.com/guides/str-investment/townhouse/renovation-budget/,Townhouse STR Renovation Budget Guide | BNB Accelerator,https://www.bnbaccelerator.com/guides/str-investment/townhouse/renovation-budget/,True,,6,0,4,2,0,True,True,False,False,,Unreviewed; count alone does not establish content quality,,,,Page-level GSC metrics were not supplied; no indexing inference
https://www.bnbaccelerator.com/guides/str-investment/townhouse/revenue-forecast/,Townhouse STR Revenue Forecast Guide | BNB Accelerator,https://www.bnbaccelerator.com/guides/str-investment/townhouse/revenue-forecast/,True,,6,0,4,2,0,True,True,False,False,,Unreviewed; count alone does not establish content quality,,,,Page-level GSC metrics were not supplied; no indexing inference
https://www.bnbaccelerator.com/guides/str-investment/townhouse/seller-financials/,Townhouse STR Seller Financials Guide | BNB Accelerator,https://www.bnbaccelerator.com/guides/str-investment/townhouse/seller-financials/,True,,6,0,4,2,0,True,True,False,False,,Unreviewed; count alone does not establish content quality,,,,Page-level GSC metrics were not supplied; no indexing inference
https://www.bnbaccelerator.com/guides/str-investment/townhouse/seller-financing/,Townhouse STR Seller Financing Guide | BNB Accelerator,https://www.bnbaccelerator.com/guides/str-investment/townhouse/seller-financing/,True,,6,0,4,2,0,True,True,False,False,,Unreviewed; count alone does not establish content quality,,,,Page-level GSC metrics were not supplied; no indexing inference
https://www.bnbaccelerator.com/guides/str-investment/townhouse/utility-cost/,Townhouse STR Utility Cost Guide | BNB Accelerator,https://www.bnbaccelerator.com/guides/str-investment/townhouse/utility-cost/,True,,6,0,4,2,0,True,True,False,False,,Unreviewed; count alone does not establish content quality,,,,Page-level GSC metrics were not supplied; no indexing inference
https://www.bnbaccelerator.com/guides/str-investment/triplex/appraisal-risk/,Triplex STR Appraisal Risk Guide | BNB Accelerator,https://www.bnbaccelerator.com/guides/str-investment/triplex/appraisal-risk/,True,,6,0,4,2,0,True,True,False,False,,Unreviewed; count alone does not establish content quality,,,,Page-level GSC metrics were not supplied; no indexing inference
https://www.bnbaccelerator.com/guides/str-investment/triplex/break-even-occupancy/,Triplex STR Break-Even Occupancy Guide | BNB Accelerator,https://www.bnbaccelerator.com/guides/str-investment/triplex/break-even-occupancy/,True,,6,0,4,2,0,True,True,False,False,,Unreviewed; count alone does not establish content quality,0,8,15.5,"Supplied page-dimension GSC export: Sep 6–Oct 3; daily coverage Sep 18 onward; sparse signal, not indexing or authority proof"
https://www.bnbaccelerator.com/guides/str-investment/triplex/bridge-financing/,Triplex STR Bridge Financing Guide | BNB Accelerator,https://www.bnbaccelerator.com/guides/str-investment/triplex/bridge-financing/,True,,6,0,4,2,0,True,True,False,False,,Unreviewed; count alone does not establish content quality,,,,Page-level GSC metrics were not supplied; no indexing inference
https://www.bnbaccelerator.com/guides/str-investment/triplex/cash-flow-downside/,Triplex STR Cash-Flow Downside Guide | BNB Accelerator,https://www.bnbaccelerator.com/guides/str-investment/triplex/cash-flow-downside/,True,,6,0,4,2,0,True,True,False,False,,Unreviewed; count alone does not establish content quality,,,,Page-level GSC metrics were not supplied; no indexing inference
https://www.bnbaccelerator.com/guides/str-investment/triplex/cash-on-cash-return/,Triplex STR Cash-On-Cash Return Guide | BNB Accelerator,https://www.bnbaccelerator.com/guides/str-investment/triplex/cash-on-cash-return/,True,,6,0,4,2,0,True,True,False,False,,Unreviewed; count alone does not establish content quality,,,,Page-level GSC metrics were not supplied; no indexing inference
https://www.bnbaccelerator.com/guides/str-investment/triplex/cleaning-cost/,Triplex STR Cleaning Cost Guide | BNB Accelerator,https://www.bnbaccelerator.com/guides/str-investment/triplex/cleaning-cost/,True,,6,0,4,2,0,True,True,False,False,,Unreviewed; count alone does not establish content quality,,,,Page-level GSC metrics were not supplied; no indexing inference
https://www.bnbaccelerator.com/guides/str-investment/triplex/conventional-financing/,Triplex STR Conventional Financing Guide | BNB Accelerator,https://www.bnbaccelerator.com/guides/str-investment/triplex/conventional-financing/,True,,6,0,4,2,0,True,True,False,False,,Unreviewed; count alone does not establish content quality,,,,Page-level GSC metrics were not supplied; no indexing inference
https://www.bnbaccelerator.com/guides/str-investment/triplex/dscr-loan/,Triplex STR DSCR Loan Guide | BNB Accelerator,https://www.bnbaccelerator.com/guides/str-investment/triplex/dscr-loan/,True,,6,0,4,2,0,True,True,False,False,,Unreviewed; count alone does not establish content quality,,,,Page-level GSC metrics were not supplied; no indexing inference
https://www.bnbaccelerator.com/guides/str-investment/triplex/exit-strategy/,Triplex STR Exit Strategy Guide | BNB Accelerator,https://www.bnbaccelerator.com/guides/str-investment/triplex/exit-strategy/,True,,6,0,4,2,0,True,True,False,False,,Unreviewed; count alone does not establish content quality,,,,Page-level GSC metrics were not supplied; no indexing inference
https://www.bnbaccelerator.com/guides/str-investment/triplex/furnishing-budget/,Triplex STR Furnishing Budget Guide | BNB Accelerator,https://www.bnbaccelerator.com/guides/str-investment/triplex/furnishing-budget/,True,,6,0,4,2,0,True,True,False,False,,Unreviewed; count alone does not establish content quality,,,,Page-level GSC metrics were not supplied; no indexing inference
https://www.bnbaccelerator.com/guides/str-investment/triplex/hoa-diligence/,Triplex STR HOA Diligence Guide | BNB Accelerator,https://www.bnbaccelerator.com/guides/str-investment/triplex/hoa-diligence/,True,,6,0,4,2,0,True,True,False,False,,Unreviewed; count alone does not establish content quality,,,,Page-level GSC metrics were not supplied; no indexing inference
https://www.bnbaccelerator.com/guides/str-investment/triplex/insurance-quote/,Triplex STR Insurance Quote Guide | BNB Accelerator,https://www.bnbaccelerator.com/guides/str-investment/triplex/insurance-quote/,True,,6,0,4,2,0,True,True,False,False,,Unreviewed; count alone does not establish content quality,,,,Page-level GSC metrics were not supplied; no indexing inference
https://www.bnbaccelerator.com/guides/str-investment/triplex/investment-cost/,Triplex STR Investment Cost Guide | BNB Accelerator,https://www.bnbaccelerator.com/guides/str-investment/triplex/investment-cost/,True,,6,0,4,2,0,True,True,False,False,,Unreviewed; count alone does not establish content quality,,,,Page-level GSC metrics were not supplied; no indexing inference
https://www.bnbaccelerator.com/guides/str-investment/triplex/maintenance-reserve/,Triplex STR Maintenance Reserve Guide | BNB Accelerator,https://www.bnbaccelerator.com/guides/str-investment/triplex/maintenance-reserve/,True,,6,0,4,2,0,True,True,False,False,,Unreviewed; count alone does not establish content quality,,,,Page-level GSC metrics were not supplied; no indexing inference
https://www.bnbaccelerator.com/guides/str-investment/triplex/management-cost/,Triplex STR Management Cost Guide | BNB Accelerator,https://www.bnbaccelerator.com/guides/str-investment/triplex/management-cost/,True,,6,0,4,2,0,True,True,False,False,,Unreviewed; count alone does not establish content quality,,,,Page-level GSC metrics were not supplied; no indexing inference
https://www.bnbaccelerator.com/guides/str-investment/triplex/offer-contingencies/,Triplex STR Offer Contingencies Guide | BNB Accelerator,https://www.bnbaccelerator.com/guides/str-investment/triplex/offer-contingencies/,True,,6,0,4,2,0,True,True,False,False,,Unreviewed; count alone does not establish content quality,,,,Page-level GSC metrics were not supplied; no indexing inference
https://www.bnbaccelerator.com/guides/str-investment/triplex/permit-diligence/,Triplex STR Permit Diligence Guide | BNB Accelerator,https://www.bnbaccelerator.com/guides/str-investment/triplex/permit-diligence/,True,,6,0,4,2,0,True,True,False,False,,Unreviewed; count alone does not establish content quality,,,,Page-level GSC metrics were not supplied; no indexing inference
https://www.bnbaccelerator.com/guides/str-investment/triplex/property-inspection/,Triplex STR Property Inspection Guide | BNB Accelerator,https://www.bnbaccelerator.com/guides/str-investment/triplex/property-inspection/,True,,6,0,4,2,0,True,True,False,False,,Unreviewed; count alone does not establish content quality,,,,Page-level GSC metrics were not supplied; no indexing inference
https://www.bnbaccelerator.com/guides/str-investment/triplex/property-tax-reset/,Triplex STR Property-Tax Reset Guide | BNB Accelerator,https://www.bnbaccelerator.com/guides/str-investment/triplex/property-tax-reset/,True,,6,0,4,2,0,True,True,False,False,,Unreviewed; count alone does not establish content quality,,,,Page-level GSC metrics were not supplied; no indexing inference
https://www.bnbaccelerator.com/guides/str-investment/triplex/purchase-price-limit/,Triplex STR Purchase-Price Limit Guide | BNB Accelerator,https://www.bnbaccelerator.com/guides/str-investment/triplex/purchase-price-limit/,True,,6,0,4,2,0,True,True,False,False,,Unreviewed; count alone does not establish content quality,,,,Page-level GSC metrics were not supplied; no indexing inference
https://www.bnbaccelerator.com/guides/str-investment/triplex/renovation-budget/,Triplex STR Renovation Budget Guide | BNB Accelerator,https://www.bnbaccelerator.com/guides/str-investment/triplex/renovation-budget/,True,,6,0,4,2,0,True,True,False,False,,Unreviewed; count alone does not establish content quality,,,,Page-level GSC metrics were not supplied; no indexing inference
https://www.bnbaccelerator.com/guides/str-investment/triplex/revenue-forecast/,Triplex STR Revenue Forecast Guide | BNB Accelerator,https://www.bnbaccelerator.com/guides/str-investment/triplex/revenue-forecast/,True,,6,0,4,2,0,True,True,False,False,,Unreviewed; count alone does not establish content quality,,,,Page-level GSC metrics were not supplied; no indexing inference
https://www.bnbaccelerator.com/guides/str-investment/triplex/seller-financials/,Triplex STR Seller Financials Guide | BNB Accelerator,https://www.bnbaccelerator.com/guides/str-investment/triplex/seller-financials/,True,,6,0,4,2,0,True,True,False,False,,Unreviewed; count alone does not establish content quality,,,,Page-level GSC metrics were not supplied; no indexing inference
https://www.bnbaccelerator.com/guides/str-investment/triplex/seller-financing/,Triplex STR Seller Financing Guide | BNB Accelerator,https://www.bnbaccelerator.com/guides/str-investment/triplex/seller-financing/,True,,6,0,4,2,0,True,True,False,False,,Unreviewed; count alone does not establish content quality,,,,Page-level GSC metrics were not supplied; no indexing inference
https://www.bnbaccelerator.com/guides/str-investment/triplex/utility-cost/,Triplex STR Utility Cost Guide | BNB Accelerator,https://www.bnbaccelerator.com/guides/str-investment/triplex/utility-cost/,True,,6,0,4,2,0,True,True,False,False,,Unreviewed; count alone does not establish content quality,,,,Page-level GSC metrics were not supplied; no indexing inference
https://www.bnbaccelerator.com/guides/str-investment/urban-condo/appraisal-risk/,Urban Condo STR Appraisal Risk Guide | BNB Accelerator,https://www.bnbaccelerator.com/guides/str-investment/urban-condo/appraisal-risk/,True,,6,0,4,2,0,True,True,False,False,,Unreviewed; count alone does not establish content quality,,,,Page-level GSC metrics were not supplied; no indexing inference
https://www.bnbaccelerator.com/guides/str-investment/urban-condo/break-even-occupancy/,Urban Condo STR Break-Even Occupancy Guide | BNB Accelerator,https://www.bnbaccelerator.com/guides/str-investment/urban-condo/break-even-occupancy/,True,,6,0,4,2,0,True,True,False,False,,Unreviewed; count alone does not establish content quality,,,,Page-level GSC metrics were not supplied; no indexing inference
https://www.bnbaccelerator.com/guides/str-investment/urban-condo/bridge-financing/,Urban Condo STR Bridge Financing Guide | BNB Accelerator,https://www.bnbaccelerator.com/guides/str-investment/urban-condo/bridge-financing/,True,,6,0,4,2,0,True,True,False,False,,Unreviewed; count alone does not establish content quality,,,,Page-level GSC metrics were not supplied; no indexing inference
https://www.bnbaccelerator.com/guides/str-investment/urban-condo/cash-flow-downside/,Urban Condo STR Cash-Flow Downside Guide | BNB Accelerator,https://www.bnbaccelerator.com/guides/str-investment/urban-condo/cash-flow-downside/,True,,6,0,4,2,0,True,True,False,False,,Unreviewed; count alone does not establish content quality,,,,Page-level GSC metrics were not supplied; no indexing inference
https://www.bnbaccelerator.com/guides/str-investment/urban-condo/cash-on-cash-return/,Urban Condo STR Cash-On-Cash Return Guide | BNB Accelerator,https://www.bnbaccelerator.com/guides/str-investment/urban-condo/cash-on-cash-return/,True,,6,0,4,2,0,True,True,False,False,,Unreviewed; count alone does not establish content quality,,,,Page-level GSC metrics were not supplied; no indexing inference
https://www.bnbaccelerator.com/guides/str-investment/urban-condo/cleaning-cost/,Urban Condo STR Cleaning Cost Guide | BNB Accelerator,https://www.bnbaccelerator.com/guides/str-investment/urban-condo/cleaning-cost/,True,,6,0,4,2,0,True,True,False,False,,Unreviewed; count alone does not establish content quality,,,,Page-level GSC metrics were not supplied; no indexing inference
https://www.bnbaccelerator.com/guides/str-investment/urban-condo/conventional-financing/,Urban Condo STR Conventional Financing Guide | BNB Accelerator,https://www.bnbaccelerator.com/guides/str-investment/urban-condo/conventional-financing/,True,,6,0,4,2,0,True,True,False,False,,Unreviewed; count alone does not establish content quality,,,,Page-level GSC metrics were not supplied; no indexing inference
https://www.bnbaccelerator.com/guides/str-investment/urban-condo/dscr-loan/,Urban Condo STR DSCR Loan Guide | BNB Accelerator,https://www.bnbaccelerator.com/guides/str-investment/urban-condo/dscr-loan/,True,,6,0,4,2,0,True,True,False,False,,Unreviewed; count alone does not establish content quality,,,,Page-level GSC metrics were not supplied; no indexing inference
https://www.bnbaccelerator.com/guides/str-investment/urban-condo/exit-strategy/,Urban Condo STR Exit Strategy Guide | BNB Accelerator,https://www.bnbaccelerator.com/guides/str-investment/urban-condo/exit-strategy/,True,,6,0,4,2,0,True,True,False,False,,Unreviewed; count alone does not establish content quality,,,,Page-level GSC metrics were not supplied; no indexing inference
https://www.bnbaccelerator.com/guides/str-investment/urban-condo/furnishing-budget/,Urban Condo STR Furnishing Budget Guide | BNB Accelerator,https://www.bnbaccelerator.com/guides/str-investment/urban-condo/furnishing-budget/,True,,6,0,4,2,0,True,True,False,False,,Unreviewed; count alone does not establish content quality,,,,Page-level GSC metrics were not supplied; no indexing inference
https://www.bnbaccelerator.com/guides/str-investment/urban-condo/hoa-diligence/,Urban Condo STR HOA Diligence Guide | BNB Accelerator,https://www.bnbaccelerator.com/guides/str-investment/urban-condo/hoa-diligence/,True,,6,0,4,2,0,True,True,False,False,,Unreviewed; count alone does not establish content quality,,,,Page-level GSC metrics were not supplied; no indexing inference
https://www.bnbaccelerator.com/guides/str-investment/urban-condo/insurance-quote/,Urban Condo STR Insurance Quote Guide | BNB Accelerator,https://www.bnbaccelerator.com/guides/str-investment/urban-condo/insurance-quote/,True,,6,0,4,2,0,True,True,False,False,,Unreviewed; count alone does not establish content quality,,,,Page-level GSC metrics were not supplied; no indexing inference
https://www.bnbaccelerator.com/guides/str-investment/urban-condo/investment-cost/,Urban Condo STR Investment Cost Guide | BNB Accelerator,https://www.bnbaccelerator.com/guides/str-investment/urban-condo/investment-cost/,True,,6,0,4,2,0,True,True,False,False,,Unreviewed; count alone does not establish content quality,,,,Page-level GSC metrics were not supplied; no indexing inference
https://www.bnbaccelerator.com/guides/str-investment/urban-condo/maintenance-reserve/,Urban Condo STR Maintenance Reserve Guide | BNB Accelerator,https://www.bnbaccelerator.com/guides/str-investment/urban-condo/maintenance-reserve/,True,,6,0,4,2,0,True,True,False,False,,Unreviewed; count alone does not establish content quality,,,,Page-level GSC metrics were not supplied; no indexing inference
https://www.bnbaccelerator.com/guides/str-investment/urban-condo/management-cost/,Urban Condo STR Management Cost Guide | BNB Accelerator,https://www.bnbaccelerator.com/guides/str-investment/urban-condo/management-cost/,True,,6,0,4,2,0,True,True,False,False,,Unreviewed; count alone does not establish content quality,,,,Page-level GSC metrics were not supplied; no indexing inference
https://www.bnbaccelerator.com/guides/str-investment/urban-condo/offer-contingencies/,Urban Condo STR Offer Contingencies Guide | BNB Accelerator,https://www.bnbaccelerator.com/guides/str-investment/urban-condo/offer-contingencies/,True,,6,0,4,2,0,True,True,False,False,,Unreviewed; count alone does not establish content quality,,,,Page-level GSC metrics were not supplied; no indexing inference
https://www.bnbaccelerator.com/guides/str-investment/urban-condo/permit-diligence/,Urban Condo STR Permit Diligence Guide | BNB Accelerator,https://www.bnbaccelerator.com/guides/str-investment/urban-condo/permit-diligence/,True,,6,0,4,2,0,True,True,False,False,,Unreviewed; count alone does not establish content quality,,,,Page-level GSC metrics were not supplied; no indexing inference
https://www.bnbaccelerator.com/guides/str-investment/urban-condo/property-inspection/,Urban Condo STR Property Inspection Guide | BNB Accelerator,https://www.bnbaccelerator.com/guides/str-investment/urban-condo/property-inspection/,True,,6,0,4,2,0,True,True,False,False,,Unreviewed; count alone does not establish content quality,,,,Page-level GSC metrics were not supplied; no indexing inference
https://www.bnbaccelerator.com/guides/str-investment/urban-condo/property-tax-reset/,Urban Condo STR Property-Tax Reset Guide | BNB Accelerator,https://www.bnbaccelerator.com/guides/str-investment/urban-condo/property-tax-reset/,True,,6,0,4,2,0,True,True,False,False,,Unreviewed; count alone does not establish content quality,,,,Page-level GSC metrics were not supplied; no indexing inference
https://www.bnbaccelerator.com/guides/str-investment/urban-condo/purchase-price-limit/,Urban Condo STR Purchase-Price Limit Guide | BNB Accelerator,https://www.bnbaccelerator.com/guides/str-investment/urban-condo/purchase-price-limit/,True,,6,0,4,2,0,True,True,False,False,,Unreviewed; count alone does not establish content quality,,,,Page-level GSC metrics were not supplied; no indexing inference
https://www.bnbaccelerator.com/guides/str-investment/urban-condo/renovation-budget/,Urban Condo STR Renovation Budget Guide | BNB Accelerator,https://www.bnbaccelerator.com/guides/str-investment/urban-condo/renovation-budget/,True,,6,0,4,2,0,True,True,False,False,,Unreviewed; count alone does not establish content quality,,,,Page-level GSC metrics were not supplied; no indexing inference
https://www.bnbaccelerator.com/guides/str-investment/urban-condo/revenue-forecast/,Urban Condo STR Revenue Forecast Guide | BNB Accelerator,https://www.bnbaccelerator.com/guides/str-investment/urban-condo/revenue-forecast/,True,,6,0,4,2,0,True,True,False,False,,Unreviewed; count alone does not establish content quality,,,,Page-level GSC metrics were not supplied; no indexing inference
https://www.bnbaccelerator.com/guides/str-investment/urban-condo/seller-financials/,Urban Condo STR Seller Financials Guide | BNB Accelerator,https://www.bnbaccelerator.com/guides/str-investment/urban-condo/seller-financials/,True,,6,0,4,2,0,True,True,False,False,,Unreviewed; count alone does not establish content quality,,,,Page-level GSC metrics were not supplied; no indexing inference
https://www.bnbaccelerator.com/guides/str-investment/urban-condo/seller-financing/,Urban Condo STR Seller Financing Guide | BNB Accelerator,https://www.bnbaccelerator.com/guides/str-investment/urban-condo/seller-financing/,True,,6,0,4,2,0,True,True,False,False,,Unreviewed; count alone does not establish content quality,,,,Page-level GSC metrics were not supplied; no indexing inference
https://www.bnbaccelerator.com/guides/str-investment/urban-condo/utility-cost/,Urban Condo STR Utility Cost Guide | BNB Accelerator,https://www.bnbaccelerator.com/guides/str-investment/urban-condo/utility-cost/,True,,6,0,4,2,0,True,True,False,False,,Unreviewed; count alone does not establish content quality,,,,Page-level GSC metrics were not supplied; no indexing inference
https://www.bnbaccelerator.com/guides/str-investment/waterfront-cabin/appraisal-risk/,Waterfront Cabin STR Appraisal Risk Guide | BNB Accelerator,https://www.bnbaccelerator.com/guides/str-investment/waterfront-cabin/appraisal-risk/,True,,6,0,4,2,0,True,True,False,False,,Unreviewed; count alone does not establish content quality,,,,Page-level GSC metrics were not supplied; no indexing inference
https://www.bnbaccelerator.com/guides/str-investment/waterfront-cabin/break-even-occupancy/,Waterfront Cabin STR Break-Even Occupancy Guide | BNB Accelerator,https://www.bnbaccelerator.com/guides/str-investment/waterfront-cabin/break-even-occupancy/,True,,6,0,4,2,0,True,True,False,False,,Unreviewed; count alone does not establish content quality,,,,Page-level GSC metrics were not supplied; no indexing inference
https://www.bnbaccelerator.com/guides/str-investment/waterfront-cabin/bridge-financing/,Waterfront Cabin STR Bridge Financing Guide | BNB Accelerator,https://www.bnbaccelerator.com/guides/str-investment/waterfront-cabin/bridge-financing/,True,,6,0,4,2,0,True,True,False,False,,Unreviewed; count alone does not establish content quality,,,,Page-level GSC metrics were not supplied; no indexing inference
https://www.bnbaccelerator.com/guides/str-investment/waterfront-cabin/cash-flow-downside/,Waterfront Cabin STR Cash-Flow Downside Guide | BNB Accelerator,https://www.bnbaccelerator.com/guides/str-investment/waterfront-cabin/cash-flow-downside/,True,,6,0,4,2,0,True,True,False,False,,Unreviewed; count alone does not establish content quality,,,,Page-level GSC metrics were not supplied; no indexing inference
https://www.bnbaccelerator.com/guides/str-investment/waterfront-cabin/cash-on-cash-return/,Waterfront Cabin STR Cash-On-Cash Return Guide | BNB Accelerator,https://www.bnbaccelerator.com/guides/str-investment/waterfront-cabin/cash-on-cash-return/,True,,6,0,4,2,0,True,True,False,False,,Unreviewed; count alone does not establish content quality,,,,Page-level GSC metrics were not supplied; no indexing inference
https://www.bnbaccelerator.com/guides/str-investment/waterfront-cabin/cleaning-cost/,Waterfront Cabin STR Cleaning Cost Guide | BNB Accelerator,https://www.bnbaccelerator.com/guides/str-investment/waterfront-cabin/cleaning-cost/,True,,6,0,4,2,0,True,True,False,False,,Unreviewed; count alone does not establish content quality,,,,Page-level GSC metrics were not supplied; no indexing inference
https://www.bnbaccelerator.com/guides/str-investment/waterfront-cabin/conventional-financing/,Waterfront Cabin STR Conventional Financing Guide | BNB Accelerator,https://www.bnbaccelerator.com/guides/str-investment/waterfront-cabin/conventional-financing/,True,,6,0,4,2,0,True,True,False,False,,Unreviewed; count alone does not establish content quality,,,,Page-level GSC metrics were not supplied; no indexing inference
https://www.bnbaccelerator.com/guides/str-investment/waterfront-cabin/dscr-loan/,Waterfront Cabin STR DSCR Loan Guide | BNB Accelerator,https://www.bnbaccelerator.com/guides/str-investment/waterfront-cabin/dscr-loan/,True,,6,0,4,2,0,True,True,False,False,,Unreviewed; count alone does not establish content quality,,,,Page-level GSC metrics were not supplied; no indexing inference
https://www.bnbaccelerator.com/guides/str-investment/waterfront-cabin/exit-strategy/,Waterfront Cabin STR Exit Strategy Guide | BNB Accelerator,https://www.bnbaccelerator.com/guides/str-investment/waterfront-cabin/exit-strategy/,True,,6,0,4,2,0,True,True,False,False,,Unreviewed; count alone does not establish content quality,,,,Page-level GSC metrics were not supplied; no indexing inference
https://www.bnbaccelerator.com/guides/str-investment/waterfront-cabin/furnishing-budget/,Waterfront Cabin STR Furnishing Budget Guide | BNB Accelerator,https://www.bnbaccelerator.com/guides/str-investment/waterfront-cabin/furnishing-budget/,True,,6,0,4,2,0,True,True,False,False,,Unreviewed; count alone does not establish content quality,,,,Page-level GSC metrics were not supplied; no indexing inference
https://www.bnbaccelerator.com/guides/str-investment/waterfront-cabin/hoa-diligence/,Waterfront Cabin STR HOA Diligence Guide | BNB Accelerator,https://www.bnbaccelerator.com/guides/str-investment/waterfront-cabin/hoa-diligence/,True,,6,0,4,2,0,True,True,False,False,,Unreviewed; count alone does not establish content quality,,,,Page-level GSC metrics were not supplied; no indexing inference
https://www.bnbaccelerator.com/guides/str-investment/waterfront-cabin/insurance-quote/,Waterfront Cabin STR Insurance Quote Guide | BNB Accelerator,https://www.bnbaccelerator.com/guides/str-investment/waterfront-cabin/insurance-quote/,True,,6,0,4,2,0,True,True,False,False,,Unreviewed; count alone does not establish content quality,,,,Page-level GSC metrics were not supplied; no indexing inference
https://www.bnbaccelerator.com/guides/str-investment/waterfront-cabin/investment-cost/,Waterfront Cabin STR Investment Cost Guide | BNB Accelerator,https://www.bnbaccelerator.com/guides/str-investment/waterfront-cabin/investment-cost/,True,,6,0,4,2,0,True,True,False,False,,Unreviewed; count alone does not establish content quality,,,,Page-level GSC metrics were not supplied; no indexing inference
https://www.bnbaccelerator.com/guides/str-investment/waterfront-cabin/maintenance-reserve/,Waterfront Cabin STR Maintenance Reserve Guide | BNB Accelerator,https://www.bnbaccelerator.com/guides/str-investment/waterfront-cabin/maintenance-reserve/,True,,6,0,4,2,0,True,True,False,False,,Unreviewed; count alone does not establish content quality,,,,Page-level GSC metrics were not supplied; no indexing inference
https://www.bnbaccelerator.com/guides/str-investment/waterfront-cabin/management-cost/,Waterfront Cabin STR Management Cost Guide | BNB Accelerator,https://www.bnbaccelerator.com/guides/str-investment/waterfront-cabin/management-cost/,True,,6,0,4,2,0,True,True,False,False,,Unreviewed; count alone does not establish content quality,,,,Page-level GSC metrics were not supplied; no indexing inference
https://www.bnbaccelerator.com/guides/str-investment/waterfront-cabin/offer-contingencies/,Waterfront Cabin STR Offer Contingencies Guide | BNB Accelerator,https://www.bnbaccelerator.com/guides/str-investment/waterfront-cabin/offer-contingencies/,True,,6,0,4,2,0,True,True,False,False,,Unreviewed; count alone does not establish content quality,,,,Page-level GSC metrics were not supplied; no indexing inference
https://www.bnbaccelerator.com/guides/str-investment/waterfront-cabin/permit-diligence/,Waterfront Cabin STR Permit Diligence Guide | BNB Accelerator,https://www.bnbaccelerator.com/guides/str-investment/waterfront-cabin/permit-diligence/,True,,6,0,4,2,0,True,True,False,False,,Unreviewed; count alone does not establish content quality,,,,Page-level GSC metrics were not supplied; no indexing inference
https://www.bnbaccelerator.com/guides/str-investment/waterfront-cabin/property-inspection/,Waterfront Cabin STR Property Inspection Guide | BNB Accelerator,https://www.bnbaccelerator.com/guides/str-investment/waterfront-cabin/property-inspection/,True,,6,0,4,2,0,True,True,False,False,,Unreviewed; count alone does not establish content quality,,,,Page-level GSC metrics were not supplied; no indexing inference
https://www.bnbaccelerator.com/guides/str-investment/waterfront-cabin/property-tax-reset/,Waterfront Cabin STR Property-Tax Reset Guide | BNB Accelerator,https://www.bnbaccelerator.com/guides/str-investment/waterfront-cabin/property-tax-reset/,True,,6,0,4,2,0,True,True,False,False,,Unreviewed; count alone does not establish content quality,,,,Page-level GSC metrics were not supplied; no indexing inference
https://www.bnbaccelerator.com/guides/str-investment/waterfront-cabin/purchase-price-limit/,Waterfront Cabin STR Purchase-Price Limit Guide | BNB Accelerator,https://www.bnbaccelerator.com/guides/str-investment/waterfront-cabin/purchase-price-limit/,True,,6,0,4,2,0,True,True,False,False,,Unreviewed; count alone does not establish content quality,,,,Page-level GSC metrics were not supplied; no indexing inference
https://www.bnbaccelerator.com/guides/str-investment/waterfront-cabin/renovation-budget/,Waterfront Cabin STR Renovation Budget Guide | BNB Accelerator,https://www.bnbaccelerator.com/guides/str-investment/waterfront-cabin/renovation-budget/,True,,6,0,4,2,0,True,True,False,False,,Unreviewed; count alone does not establish content quality,,,,Page-level GSC metrics were not supplied; no indexing inference
https://www.bnbaccelerator.com/guides/str-investment/waterfront-cabin/revenue-forecast/,Waterfront Cabin STR Revenue Forecast Guide | BNB Accelerator,https://www.bnbaccelerator.com/guides/str-investment/waterfront-cabin/revenue-forecast/,True,,6,0,4,2,0,True,True,False,False,,Unreviewed; count alone does not establish content quality,,,,Page-level GSC metrics were not supplied; no indexing inference
https://www.bnbaccelerator.com/guides/str-investment/waterfront-cabin/seller-financials/,Waterfront Cabin STR Seller Financials Guide | BNB Accelerator,https://www.bnbaccelerator.com/guides/str-investment/waterfront-cabin/seller-financials/,True,,6,0,4,2,0,True,True,False,False,,Unreviewed; count alone does not establish content quality,,,,Page-level GSC metrics were not supplied; no indexing inference
https://www.bnbaccelerator.com/guides/str-investment/waterfront-cabin/seller-financing/,Waterfront Cabin STR Seller Financing Guide | BNB Accelerator,https://www.bnbaccelerator.com/guides/str-investment/waterfront-cabin/seller-financing/,True,,6,0,4,2,0,True,True,False,False,,Unreviewed; count alone does not establish content quality,,,,Page-level GSC metrics were not supplied; no indexing inference
https://www.bnbaccelerator.com/guides/str-investment/waterfront-cabin/utility-cost/,Waterfront Cabin STR Utility Cost Guide | BNB Accelerator,https://www.bnbaccelerator.com/guides/str-investment/waterfront-cabin/utility-cost/,True,,6,0,4,2,0,True,True,False,False,,Unreviewed; count alone does not establish content quality,,,,Page-level GSC metrics were not supplied; no indexing inference
https://www.bnbaccelerator.com/guides/str-market-analysis-report/,Free STR Market Analysis Report (2026),https://www.bnbaccelerator.com/guides/str-market-analysis-report/,True,,2,0,1,1,0,True,True,False,False,,Unreviewed; count alone does not establish content quality,,,,Page-level GSC metrics were not supplied; no indexing inference
https://www.bnbaccelerator.com/guides/str-tax-savings-checklist/,Free STR Tax Savings Checklist (2026),https://www.bnbaccelerator.com/guides/str-tax-savings-checklist/,True,,2,0,1,1,0,True,True,False,False,,Unreviewed; count alone does not establish content quality,,,,Page-level GSC metrics were not supplied; no indexing inference
https://www.bnbaccelerator.com/invest-in-airbnb-without-managing/,Invest in Airbnb Without Managing | BNB Accelerator,https://www.bnbaccelerator.com/invest-in-airbnb-without-managing/,True,,1,0,0,1,0,True,True,False,False,,Unreviewed; count alone does not establish content quality,,,,Page-level GSC metrics were not supplied; no indexing inference
https://www.bnbaccelerator.com/markets/park-city/,Airbnb Income in Park City (2026): Revenue & Occupancy,https://www.bnbaccelerator.com/markets/park-city/,True,,7,0,6,1,0,True,True,False,False,,Unreviewed; count alone does not establish content quality,,,,Page-level GSC metrics were not supplied; no indexing inference
https://www.bnbaccelerator.com/partners/,Partners | Tax & Cost Segregation (2026),https://www.bnbaccelerator.com/partners/,True,,1599,0,50,5,1594,True,True,False,False,,Unreviewed; count alone does not establish content quality,,,,Page-level GSC metrics were not supplied; no indexing inference
https://www.bnbaccelerator.com/passive-airbnb-income/,Passive Airbnb Income | BNB Accelerator,https://www.bnbaccelerator.com/passive-airbnb-income/,True,,1,0,0,1,0,True,True,False,False,,Unreviewed; count alone does not establish content quality,,,,Page-level GSC metrics were not supplied; no indexing inference
https://www.bnbaccelerator.com/property-types/beach/,Beach Short-Term Rental Investing Guide (2026),https://www.bnbaccelerator.com/property-types/beach/,True,,1599,0,24,5,1594,True,True,False,False,,Unreviewed; count alone does not establish content quality,,,,Page-level GSC metrics were not supplied; no indexing inference
https://www.bnbaccelerator.com/property-types/city/,Urban Short-Term Rental Investing Guide (2026),https://www.bnbaccelerator.com/property-types/city/,True,,1599,0,35,5,1594,True,True,False,False,,Unreviewed; count alone does not establish content quality,,,,Page-level GSC metrics were not supplied; no indexing inference
https://www.bnbaccelerator.com/property-types/desert/,Desert Short-Term Rental Investing Guide (2026),https://www.bnbaccelerator.com/property-types/desert/,True,,1599,0,9,5,1594,True,True,False,False,,Unreviewed; count alone does not establish content quality,,,,Page-level GSC metrics were not supplied; no indexing inference
https://www.bnbaccelerator.com/property-types/lake/,Lake House STR Investing Guide (2026),https://www.bnbaccelerator.com/property-types/lake/,True,,1599,0,13,5,1594,True,True,False,False,,Unreviewed; count alone does not establish content quality,,,,Page-level GSC metrics were not supplied; no indexing inference
https://www.bnbaccelerator.com/property-types/mountain/,Mountain Cabin STR Investing Guide (2026),https://www.bnbaccelerator.com/property-types/mountain/,True,,1599,0,20,5,1594,True,True,False,False,,Unreviewed; count alone does not establish content quality,,,,Page-level GSC metrics were not supplied; no indexing inference
https://www.bnbaccelerator.com/property-types/ski/,Ski Property STR Investing Guide (2026),https://www.bnbaccelerator.com/property-types/ski/,True,,1599,0,8,5,1594,True,True,False,False,,Unreviewed; count alone does not establish content quality,,,,Page-level GSC metrics were not supplied; no indexing inference
https://www.bnbaccelerator.com/regulations/alabama/,Alabama Short-Term Rental Laws & Regulations (2026),https://www.bnbaccelerator.com/regulations/alabama/,True,,5,0,4,1,0,True,True,False,False,,Unreviewed; count alone does not establish content quality,0,40,14.125,"Supplied page-dimension GSC export: Sep 6–Oct 3; daily coverage Sep 18 onward; sparse signal, not indexing or authority proof"
https://www.bnbaccelerator.com/regulations/california/,California Short-Term Rental Laws & Regulations (2026),https://www.bnbaccelerator.com/regulations/california/,True,,9,0,8,1,0,True,True,False,False,,Unreviewed; count alone does not establish content quality,,,,Page-level GSC metrics were not supplied; no indexing inference
https://www.bnbaccelerator.com/regulations/colorado/,Colorado Short-Term Rental Laws & Regulations (2026),https://www.bnbaccelerator.com/regulations/colorado/,True,,6,0,5,1,0,True,True,False,False,,Unreviewed; count alone does not establish content quality,0,24,10.125,"Supplied page-dimension GSC export: Sep 6–Oct 3; daily coverage Sep 18 onward; sparse signal, not indexing or authority proof"
https://www.bnbaccelerator.com/regulations/georgia/,Georgia Short-Term Rental Laws & Regulations (2026),https://www.bnbaccelerator.com/regulations/georgia/,True,,3,0,2,1,0,True,True,False,False,,Unreviewed; count alone does not establish content quality,,,,Page-level GSC metrics were not supplied; no indexing inference
https://www.bnbaccelerator.com/regulations/hawaii/,Hawaii Short-Term Rental Laws & Regulations (2026),https://www.bnbaccelerator.com/regulations/hawaii/,True,,2,0,1,1,0,True,True,False,False,,Unreviewed; count alone does not establish content quality,,,,Page-level GSC metrics were not supplied; no indexing inference
https://www.bnbaccelerator.com/regulations/idaho/,Idaho Short-Term Rental Laws & Regulations (2026),https://www.bnbaccelerator.com/regulations/idaho/,True,,2,0,1,1,0,True,True,False,False,,Unreviewed; count alone does not establish content quality,,,,Page-level GSC metrics were not supplied; no indexing inference
https://www.bnbaccelerator.com/regulations/michigan/,Michigan Short-Term Rental Laws & Regulations (2026),https://www.bnbaccelerator.com/regulations/michigan/,True,,2,0,1,1,0,True,True,False,False,,Unreviewed; count alone does not establish content quality,,,,Page-level GSC metrics were not supplied; no indexing inference
https://www.bnbaccelerator.com/regulations/missouri/,Missouri Short-Term Rental Laws & Regulations (2026),https://www.bnbaccelerator.com/regulations/missouri/,True,,6,0,5,1,0,True,True,False,False,,Unreviewed; count alone does not establish content quality,0,23,9.304347826086957,"Supplied page-dimension GSC export: Sep 6–Oct 3; daily coverage Sep 18 onward; sparse signal, not indexing or authority proof"
https://www.bnbaccelerator.com/regulations/montana/,Montana Short-Term Rental Laws & Regulations (2026),https://www.bnbaccelerator.com/regulations/montana/,True,,2,0,1,1,0,True,True,False,False,,Unreviewed; count alone does not establish content quality,,,,Page-level GSC metrics were not supplied; no indexing inference
https://www.bnbaccelerator.com/regulations/nevada/,Nevada Short-Term Rental Laws & Regulations (2026),https://www.bnbaccelerator.com/regulations/nevada/,True,,3,0,2,1,0,True,True,False,False,,Unreviewed; count alone does not establish content quality,,,,Page-level GSC metrics were not supplied; no indexing inference
https://www.bnbaccelerator.com/regulations/new-york/,New York Short-Term Rental Laws & Regulations (2026),https://www.bnbaccelerator.com/regulations/new-york/,True,,3,0,2,1,0,True,True,False,False,,Unreviewed; count alone does not establish content quality,0,26,12.307692307692308,"Supplied page-dimension GSC export: Sep 6–Oct 3; daily coverage Sep 18 onward; sparse signal, not indexing or authority proof"
https://www.bnbaccelerator.com/regulations/north-carolina/,North Carolina Short-Term Rental Laws & Regulations (2026),https://www.bnbaccelerator.com/regulations/north-carolina/,True,,2,0,1,1,0,True,True,False,False,,Unreviewed; count alone does not establish content quality,0,43,15.186046511627907,"Supplied page-dimension GSC export: Sep 6–Oct 3; daily coverage Sep 18 onward; sparse signal, not indexing or authority proof"
https://www.bnbaccelerator.com/regulations/oklahoma/,Oklahoma Short-Term Rental Laws & Regulations (2026),https://www.bnbaccelerator.com/regulations/oklahoma/,True,,7,0,6,1,0,True,True,False,False,,Unreviewed; count alone does not establish content quality,,,,Page-level GSC metrics were not supplied; no indexing inference
https://www.bnbaccelerator.com/regulations/south-carolina/,South Carolina Short-Term Rental Laws & Regulations (2026),https://www.bnbaccelerator.com/regulations/south-carolina/,True,,2,0,1,1,0,True,True,False,False,,Unreviewed; count alone does not establish content quality,,,,Page-level GSC metrics were not supplied; no indexing inference
https://www.bnbaccelerator.com/regulations/utah/,Utah Short-Term Rental Laws & Regulations (2026),https://www.bnbaccelerator.com/regulations/utah/,True,,4,0,3,1,0,True,True,False,False,,Unreviewed; count alone does not establish content quality,,,,Page-level GSC metrics were not supplied; no indexing inference
https://www.bnbaccelerator.com/resources/,Research Resources | BNB Accelerator,https://www.bnbaccelerator.com/resources/,True,,3,0,0,1,2,True,True,False,False,,Unreviewed; count alone does not establish content quality,,,,Page-level GSC metrics were not supplied; no indexing inference
https://www.bnbaccelerator.com/resources/first-90-days-str-cash-reserve/,How to Budget the First 90 Days of STR Ownership | BNB Accelerator,https://www.bnbaccelerator.com/resources/first-90-days-str-cash-reserve/,True,,24,0,23,1,0,True,True,False,False,,Unreviewed; count alone does not establish content quality,,,,Page-level GSC metrics were not supplied; no indexing inference
https://www.bnbaccelerator.com/resources/str-acquisition-evidence-room/,The STR Acquisition Evidence Room: What to Verify Before an Offer | BNB Accelerator,https://www.bnbaccelerator.com/resources/str-acquisition-evidence-room/,True,,24,0,23,1,0,True,True,False,False,,Unreviewed; count alone does not establish content quality,,,,Page-level GSC metrics were not supplied; no indexing inference
https://www.bnbaccelerator.com/scenarios/glossary/,Short-term-rental underwriting glossary | BNB Accelerator,https://www.bnbaccelerator.com/scenarios/glossary/,True,,809,0,0,2,807,True,True,False,False,,Unreviewed; count alone does not establish content quality,,,,Page-level GSC metrics were not supplied; no indexing inference
https://www.bnbaccelerator.com/scenarios/methodology/,A useful model shows its seams. | BNB Accelerator,https://www.bnbaccelerator.com/scenarios/methodology/,True,,809,0,0,2,807,True,True,False,False,,Unreviewed; count alone does not establish content quality,,,,Page-level GSC metrics were not supplied; no indexing inference
https://www.bnbaccelerator.com/scenarios/playbooks/,Short-term-rental operator playbooks | BNB Accelerator,https://www.bnbaccelerator.com/scenarios/playbooks/,True,,809,0,0,2,807,True,True,False,False,,Unreviewed; count alone does not establish content quality,,,,Page-level GSC metrics were not supplied; no indexing inference
https://www.bnbaccelerator.com/scenarios/playbooks/property/design-led-retreat/,design-led retreat short-term-rental playbooks | BNB Accelerator,https://www.bnbaccelerator.com/scenarios/playbooks/property/design-led-retreat/,True,,2,0,1,1,0,True,True,False,False,,Unreviewed; count alone does not establish content quality,,,,Page-level GSC metrics were not supplied; no indexing inference
https://www.bnbaccelerator.com/scenarios/playbooks/property/four-bedroom-group-stay/,four-bedroom group stay short-term-rental playbooks | BNB Accelerator,https://www.bnbaccelerator.com/scenarios/playbooks/property/four-bedroom-group-stay/,True,,2,0,1,1,0,True,True,False,False,,Unreviewed; count alone does not establish content quality,,,,Page-level GSC metrics were not supplied; no indexing inference
https://www.bnbaccelerator.com/scenarios/playbooks/property/premium-cabin/,premium cabin short-term-rental playbooks | BNB Accelerator,https://www.bnbaccelerator.com/scenarios/playbooks/property/premium-cabin/,True,,2,0,1,1,0,True,True,False,False,,Unreviewed; count alone does not establish content quality,,,,Page-level GSC metrics were not supplied; no indexing inference
https://www.bnbaccelerator.com/scenarios/playbooks/property/studio-condo/,studio condo short-term-rental playbooks | BNB Accelerator,https://www.bnbaccelerator.com/scenarios/playbooks/property/studio-condo/,True,,2,0,1,1,0,True,True,False,False,,Unreviewed; count alone does not establish content quality,,,,Page-level GSC metrics were not supplied; no indexing inference
https://www.bnbaccelerator.com/scenarios/playbooks/property/two-bedroom-home/,two-bedroom home short-term-rental playbooks | BNB Accelerator,https://www.bnbaccelerator.com/scenarios/playbooks/property/two-bedroom-home/,True,,2,0,1,1,0,True,True,False,False,,Unreviewed; count alone does not establish content quality,,,,Page-level GSC metrics were not supplied; no indexing inference
https://www.bnbaccelerator.com/sitemap/,Site Index: All 2412 Pages | BNB Accelerator,https://www.bnbaccelerator.com/sitemap/,True,,1599,0,0,4,1595,True,True,False,False,,Unreviewed; count alone does not establish content quality,,,,Page-level GSC metrics were not supplied; no indexing inference
https://www.bnbaccelerator.com/tools/,Short-Term Rental Tools & Calculators (2026),https://www.bnbaccelerator.com/tools/,True,,1599,0,0,5,1594,True,True,False,False,,Unreviewed; count alone does not establish content quality,,,,Page-level GSC metrics were not supplied; no indexing inference
https://www.bnbaccelerator.com/topics/,Topic Clusters: STR Investing Articles by Subject,https://www.bnbaccelerator.com/topics/,True,,1600,0,10,4,1595,True,True,False,False,,Unreviewed; count alone does not establish content quality,,,,Page-level GSC metrics were not supplied; no indexing inference
https://www.bnbaccelerator.com/topics/acquisition-financing/,Acquisition & Financing: 102 Articles,https://www.bnbaccelerator.com/topics/acquisition-financing/,True,,111,0,109,2,0,True,True,False,False,,Unreviewed; count alone does not establish content quality,,,,Page-level GSC metrics were not supplied; no indexing inference
https://www.bnbaccelerator.com/topics/case-studies/,Case Studies: 10 Articles,https://www.bnbaccelerator.com/topics/case-studies/,True,,20,0,18,2,0,True,True,False,False,,Unreviewed; count alone does not establish content quality,,,,Page-level GSC metrics were not supplied; no indexing inference
https://www.bnbaccelerator.com/topics/design-furnishing/,Design & Furnishing: 10 Articles,https://www.bnbaccelerator.com/topics/design-furnishing/,True,,20,0,18,2,0,True,True,False,False,,Unreviewed; count alone does not establish content quality,,,,Page-level GSC metrics were not supplied; no indexing inference
https://www.bnbaccelerator.com/topics/guest-experience/,Guest Experience: 7 Articles,https://www.bnbaccelerator.com/topics/guest-experience/,True,,17,0,15,2,0,True,True,False,False,,Unreviewed; count alone does not establish content quality,,,,Page-level GSC metrics were not supplied; no indexing inference
https://www.bnbaccelerator.com/topics/market-analysis/,STR Market Analysis: 27 Articles,https://www.bnbaccelerator.com/topics/market-analysis/,True,,37,0,35,2,0,True,True,False,False,,Unreviewed; count alone does not establish content quality,,,,Page-level GSC metrics were not supplied; no indexing inference
https://www.bnbaccelerator.com/topics/property-management/,Property Management: 38 Articles,https://www.bnbaccelerator.com/topics/property-management/,True,,47,0,45,2,0,True,True,False,False,,Unreviewed; count alone does not establish content quality,,,,Page-level GSC metrics were not supplied; no indexing inference
https://www.bnbaccelerator.com/topics/regulatory/,Regulatory: 9 Articles,https://www.bnbaccelerator.com/topics/regulatory/,True,,18,0,16,2,0,True,True,False,False,,Unreviewed; count alone does not establish content quality,,,,Page-level GSC metrics were not supplied; no indexing inference
https://www.bnbaccelerator.com/topics/revenue-optimization/,Revenue Optimization: 8 Articles,https://www.bnbaccelerator.com/topics/revenue-optimization/,True,,18,0,16,2,0,True,True,False,False,,Unreviewed; count alone does not establish content quality,,,,Page-level GSC metrics were not supplied; no indexing inference
https://www.bnbaccelerator.com/topics/tax-strategy/,Tax Strategy: 32 Articles,https://www.bnbaccelerator.com/topics/tax-strategy/,True,,42,0,40,2,0,True,True,False,False,,Unreviewed; count alone does not establish content quality,,,,Page-level GSC metrics were not supplied; no indexing inference
https://www.bnbaccelerator.com/turnkey-str-investment/,Turnkey STR Investment Properties | BNB Accelerator,https://www.bnbaccelerator.com/turnkey-str-investment/,True,,1600,0,1,5,1594,True,True,False,False,,Unreviewed; count alone does not establish content quality,,,,Page-level GSC metrics were not supplied; no indexing inference
https://www.bnbaccelerator.com/underwriting/insurance-quote/,STR Insurance Quote Checklist for Buyers,https://www.bnbaccelerator.com/underwriting/insurance-quote/,True,,14,0,13,1,0,True,True,False,False,,Unreviewed; count alone does not establish content quality,,,,Page-level GSC metrics were not supplied; no indexing inference
https://www.bnbaccelerator.com/wins/,Client Wins: 46 Real BNB Accelerator Results (2026),https://www.bnbaccelerator.com/wins/,True,,1599,0,3,5,1594,True,True,False,False,,Unreviewed; count alone does not establish content quality,,,,Page-level GSC metrics were not supplied; no indexing inference
